ISO-10303-21;
HEADER;
FILE_DESCRIPTION(('KiCad electronic assembly'),'2;1');
FILE_NAME('TRIA_ControlPowerBoard.step','2026-09-18T10:30:45',('Pcbnew')
  ,('Kicad'),'Open CASCADE STEP processor 7.8','KiCad to STEP converter'
  ,'Unknown');
FILE_SCHEMA(('AUTOMOTIVE_DESIGN { 1 0 10303 214 1 1 1 1 }'));
ENDSEC;
DATA;
#1 = APPLICATION_PROTOCOL_DEFINITION('international standard',
  'automotive_design',2000,#2);
#2 = APPLICATION_CONTEXT(
  'core data for automotive mechanical design processes');
#3 = SHAPE_DEFINITION_REPRESENTATION(#4,#10);
#4 = PRODUCT_DEFINITION_SHAPE('','',#5);
#5 = PRODUCT_DEFINITION('design','',#6,#9);
#6 = PRODUCT_DEFINITION_FORMATION('','',#7);
#7 = PRODUCT('TRIA_ControlPowerBoard 1','TRIA_ControlPowerBoard 1','',(
    #8));
#8 = PRODUCT_CONTEXT('',#2,'mechanical');
#9 = PRODUCT_DEFINITION_CONTEXT('part definition',#2,'design');
#10 = SHAPE_REPRESENTATION('',(#11,#15,#19,#23,#27,#31,#35,#39,#43,#47,
    #51,#55,#59,#63,#67,#71,#75,#79,#83,#87,#91),#95);
#11 = AXIS2_PLACEMENT_3D('',#12,#13,#14);
#12 = CARTESIAN_POINT('',(0.,0.,0.));
#13 = DIRECTION('',(0.,0.,1.));
#14 = DIRECTION('',(1.,0.,-0.));
#15 = AXIS2_PLACEMENT_3D('',#16,#17,#18);
#16 = CARTESIAN_POINT('',(123.,-59.,1.595));
#17 = DIRECTION('',(0.,0.,1.));
#18 = DIRECTION('',(1.,0.,0.));
#19 = AXIS2_PLACEMENT_3D('',#20,#21,#22);
#20 = CARTESIAN_POINT('',(95.,-82.54,1.595));
#21 = DIRECTION('',(0.,-0.,1.));
#22 = DIRECTION('',(1.110223024625E-16,1.,0.));
#23 = AXIS2_PLACEMENT_3D('',#24,#25,#26);
#24 = CARTESIAN_POINT('',(94.,-67.42,1.595));
#25 = DIRECTION('',(-0.,0.,1.));
#26 = DIRECTION('',(1.110223024625E-16,-1.,0.));
#27 = AXIS2_PLACEMENT_3D('',#28,#29,#30);
#28 = CARTESIAN_POINT('',(123.,-70.,1.595));
#29 = DIRECTION('',(0.,0.,1.));
#30 = DIRECTION('',(1.,0.,0.));
#31 = AXIS2_PLACEMENT_3D('',#32,#33,#34);
#32 = CARTESIAN_POINT('',(50.,-75.,1.595));
#33 = DIRECTION('',(0.,-0.,1.));
#34 = DIRECTION('',(1.110223024625E-16,1.,0.));
#35 = AXIS2_PLACEMENT_3D('',#36,#37,#38);
#36 = CARTESIAN_POINT('',(82.,-67.42,1.595));
#37 = DIRECTION('',(-0.,0.,1.));
#38 = DIRECTION('',(1.110223024625E-16,-1.,0.));
#39 = AXIS2_PLACEMENT_3D('',#40,#41,#42);
#40 = CARTESIAN_POINT('',(86.,-35.,1.595));
#41 = DIRECTION('',(-0.,0.,1.));
#42 = DIRECTION('',(1.110223024625E-16,-1.,0.));
#43 = AXIS2_PLACEMENT_3D('',#44,#45,#46);
#44 = CARTESIAN_POINT('',(60.,-75.,1.595));
#45 = DIRECTION('',(0.,-0.,1.));
#46 = DIRECTION('',(1.110223024625E-16,1.,0.));
#47 = AXIS2_PLACEMENT_3D('',#48,#49,#50);
#48 = CARTESIAN_POINT('',(74.,-60.,1.595));
#49 = DIRECTION('',(0.,0.,1.));
#50 = DIRECTION('',(-1.,1.224646799147E-16,0.));
#51 = AXIS2_PLACEMENT_3D('',#52,#53,#54);
#52 = CARTESIAN_POINT('',(85.,-82.5,1.595));
#53 = DIRECTION('',(0.,-0.,1.));
#54 = DIRECTION('',(1.110223024625E-16,1.,0.));
#55 = AXIS2_PLACEMENT_3D('',#56,#57,#58);
#56 = CARTESIAN_POINT('',(74.,-50.,1.595));
#57 = DIRECTION('',(0.,0.,1.));
#58 = DIRECTION('',(-1.,1.224646799147E-16,0.));
#59 = AXIS2_PLACEMENT_3D('',#60,#61,#62);
#60 = CARTESIAN_POINT('',(86.,-53.,1.595));
#61 = DIRECTION('',(-0.,0.,1.));
#62 = DIRECTION('',(1.110223024625E-16,-1.,0.));
#63 = AXIS2_PLACEMENT_3D('',#64,#65,#66);
#64 = CARTESIAN_POINT('',(90.,-67.42,1.595));
#65 = DIRECTION('',(-0.,0.,1.));
#66 = DIRECTION('',(1.110223024625E-16,-1.,0.));
#67 = AXIS2_PLACEMENT_3D('',#68,#69,#70);
#68 = CARTESIAN_POINT('',(78.58,-65.,1.595));
#69 = DIRECTION('',(0.,0.,1.));
#70 = DIRECTION('',(-1.,1.224646799147E-16,0.));
#71 = AXIS2_PLACEMENT_3D('',#72,#73,#74);
#72 = CARTESIAN_POINT('',(100.,-81.,1.595));
#73 = DIRECTION('',(0.,0.,1.));
#74 = DIRECTION('',(1.,0.,0.));
#75 = AXIS2_PLACEMENT_3D('',#76,#77,#78);
#76 = CARTESIAN_POINT('',(50.,-65.,1.595));
#77 = DIRECTION('',(0.,-0.,1.));
#78 = DIRECTION('',(1.110223024625E-16,1.,0.));
#79 = AXIS2_PLACEMENT_3D('',#80,#81,#82);
#80 = CARTESIAN_POINT('',(111.,-81.,1.595));
#81 = DIRECTION('',(0.,0.,1.));
#82 = DIRECTION('',(1.,0.,0.));
#83 = AXIS2_PLACEMENT_3D('',#84,#85,#86);
#84 = CARTESIAN_POINT('',(90.,-82.54,1.595));
#85 = DIRECTION('',(0.,-0.,1.));
#86 = DIRECTION('',(1.110223024625E-16,1.,0.));
#87 = AXIS2_PLACEMENT_3D('',#88,#89,#90);
#88 = CARTESIAN_POINT('',(86.,-67.42,1.595));
#89 = DIRECTION('',(-0.,0.,1.));
#90 = DIRECTION('',(1.110223024625E-16,-1.,0.));
#91 = AXIS2_PLACEMENT_3D('',#92,#93,#94);
#92 = CARTESIAN_POINT('',(0.,0.,0.));
#93 = DIRECTION('',(0.,0.,1.));
#94 = DIRECTION('',(1.,0.,-0.));
#95 = ( GEOMETRIC_REPRESENTATION_CONTEXT(3) 
GLOBAL_UNCERTAINTY_ASSIGNED_CONTEXT((#99)) GLOBAL_UNIT_ASSIGNED_CONTEXT(
(#96,#97,#98)) REPRESENTATION_CONTEXT('Context #1',
  '3D Context with UNIT and UNCERTAINTY') );
#96 = ( LENGTH_UNIT() NAMED_UNIT(*) SI_UNIT(.MILLI.,.METRE.) );
#97 = ( NAMED_UNIT(*) PLANE_ANGLE_UNIT() SI_UNIT($,.RADIAN.) );
#98 = ( NAMED_UNIT(*) SI_UNIT($,.STERADIAN.) SOLID_ANGLE_UNIT() );
#99 = UNCERTAINTY_MEASURE_WITH_UNIT(LENGTH_MEASURE(5.E-07),#96,
  'distance_accuracy_value','confusion accuracy');
#100 = PRODUCT_RELATED_PRODUCT_CATEGORY('part',$,(#7));
#101 = SHAPE_DEFINITION_REPRESENTATION(#102,#108);
#102 = PRODUCT_DEFINITION_SHAPE('','',#103);
#103 = PRODUCT_DEFINITION('design','',#104,#107);
#104 = PRODUCT_DEFINITION_FORMATION('','',#105);
#105 = PRODUCT('CP_Radial_D10.0mm_P5.00mm','CP_Radial_D10.0mm_P5.00mm',
  '',(#106));
#106 = PRODUCT_CONTEXT('',#2,'mechanical');
#107 = PRODUCT_DEFINITION_CONTEXT('part definition',#2,'design');
#108 = ADVANCED_BREP_SHAPE_REPRESENTATION('',(#11,#109),#2179);
#109 = BREP_WITH_VOIDS('',#110,(#2057));
#110 = CLOSED_SHELL('',(#111,#128,#153,#202,#235,#253,#278,#310,#328,
    #337,#375,#397,#460,#488,#662,#728,#797,#829,#1003,#1167,#1199,#1383
    ,#1449,#1483,#1501,#1517,#1533,#1565,#1583,#1726,#1778,#1802,#1826,
    #1850,#1912,#1929,#1953,#1969,#1993,#2005,#2021,#2033,#2045));
#111 = ADVANCED_FACE('',(#112),#123,.F.);
#112 = FACE_BOUND('',#113,.F.);
#113 = EDGE_LOOP('',(#114));
#114 = ORIENTED_EDGE('',*,*,#115,.T.);
#115 = EDGE_CURVE('',#116,#116,#118,.T.);
#116 = VERTEX_POINT('',#117);
#117 = CARTESIAN_POINT('',(4.65,-2.632990618167E-16,-1.9));
#118 = CIRCLE('',#119,0.35);
#119 = AXIS2_PLACEMENT_3D('',#120,#121,#122);
#120 = CARTESIAN_POINT('',(5.,-3.061616997868E-16,-1.9));
#121 = DIRECTION('',(0.,0.,1.));
#122 = DIRECTION('',(-1.,1.224646799147E-16,0.));
#123 = PLANE('',#124);
#124 = AXIS2_PLACEMENT_3D('',#125,#126,#127);
#125 = CARTESIAN_POINT('',(5.,-3.061616997868E-16,-1.9));
#126 = DIRECTION('',(0.,0.,1.));
#127 = DIRECTION('',(-1.,1.224646799147E-16,0.));
#128 = ADVANCED_FACE('',(#129),#148,.T.);
#129 = FACE_BOUND('',#130,.T.);
#130 = EDGE_LOOP('',(#131,#140,#146,#147));
#131 = ORIENTED_EDGE('',*,*,#132,.F.);
#132 = EDGE_CURVE('',#133,#133,#135,.T.);
#133 = VERTEX_POINT('',#134);
#134 = CARTESIAN_POINT('',(4.65,-2.632990618167E-16,0.2));
#135 = CIRCLE('',#136,0.35);
#136 = AXIS2_PLACEMENT_3D('',#137,#138,#139);
#137 = CARTESIAN_POINT('',(5.,-3.061616997868E-16,0.2));
#138 = DIRECTION('',(0.,0.,1.));
#139 = DIRECTION('',(-1.,1.224646799147E-16,0.));
#140 = ORIENTED_EDGE('',*,*,#141,.T.);
#141 = EDGE_CURVE('',#133,#116,#142,.T.);
#142 = LINE('',#143,#144);
#143 = CARTESIAN_POINT('',(4.65,-2.632990618167E-16,0.3));
#144 = VECTOR('',#145,1.);
#145 = DIRECTION('',(0.,0.,-1.));
#146 = ORIENTED_EDGE('',*,*,#115,.T.);
#147 = ORIENTED_EDGE('',*,*,#141,.F.);
#148 = CYLINDRICAL_SURFACE('',#149,0.35);
#149 = AXIS2_PLACEMENT_3D('',#150,#151,#152);
#150 = CARTESIAN_POINT('',(5.,-3.061616997868E-16,0.3));
#151 = DIRECTION('',(0.,0.,1.));
#152 = DIRECTION('',(-1.,1.224646799147E-16,0.));
#153 = ADVANCED_FACE('',(#154,#183,#186),#197,.F.);
#154 = FACE_BOUND('',#155,.F.);
#155 = EDGE_LOOP('',(#156,#167,#176));
#156 = ORIENTED_EDGE('',*,*,#157,.T.);
#157 = EDGE_CURVE('',#158,#160,#162,.T.);
#158 = VERTEX_POINT('',#159);
#159 = CARTESIAN_POINT('',(-1.,4.286263797016E-16,0.2));
#160 = VERTEX_POINT('',#161);
#161 = CARTESIAN_POINT('',(5.73357836379,-1.339392013278,0.2));
#162 = CIRCLE('',#163,3.5);
#163 = AXIS2_PLACEMENT_3D('',#164,#165,#166);
#164 = CARTESIAN_POINT('',(2.5,0.,0.2));
#165 = DIRECTION('',(0.,0.,1.));
#166 = DIRECTION('',(-1.,1.224646799147E-16,0.));
#167 = ORIENTED_EDGE('',*,*,#168,.T.);
#168 = EDGE_CURVE('',#160,#169,#171,.T.);
#169 = VERTEX_POINT('',#170);
#170 = CARTESIAN_POINT('',(5.73357836379,1.339392013278,0.2));
#171 = CIRCLE('',#172,3.5);
#172 = AXIS2_PLACEMENT_3D('',#173,#174,#175);
#173 = CARTESIAN_POINT('',(2.5,0.,0.2));
#174 = DIRECTION('',(0.,0.,1.));
#175 = DIRECTION('',(-1.,1.224646799147E-16,0.));
#176 = ORIENTED_EDGE('',*,*,#177,.T.);
#177 = EDGE_CURVE('',#169,#158,#178,.T.);
#178 = CIRCLE('',#179,3.5);
#179 = AXIS2_PLACEMENT_3D('',#180,#181,#182);
#180 = CARTESIAN_POINT('',(2.5,0.,0.2));
#181 = DIRECTION('',(0.,0.,1.));
#182 = DIRECTION('',(-1.,1.224646799147E-16,0.));
#183 = FACE_BOUND('',#184,.F.);
#184 = EDGE_LOOP('',(#185));
#185 = ORIENTED_EDGE('',*,*,#132,.F.);
#186 = FACE_BOUND('',#187,.F.);
#187 = EDGE_LOOP('',(#188));
#188 = ORIENTED_EDGE('',*,*,#189,.F.);
#189 = EDGE_CURVE('',#190,#190,#192,.T.);
#190 = VERTEX_POINT('',#191);
#191 = CARTESIAN_POINT('',(-0.35,3.49024337757E-16,0.2));
#192 = CIRCLE('',#193,0.35);
#193 = AXIS2_PLACEMENT_3D('',#194,#195,#196);
#194 = CARTESIAN_POINT('',(0.,3.061616997868E-16,0.2));
#195 = DIRECTION('',(0.,0.,1.));
#196 = DIRECTION('',(-1.,1.224646799147E-16,0.));
#197 = PLANE('',#198);
#198 = AXIS2_PLACEMENT_3D('',#199,#200,#201);
#199 = CARTESIAN_POINT('',(2.5,0.,0.2));
#200 = DIRECTION('',(0.,0.,1.));
#201 = DIRECTION('',(-1.,1.224646799147E-16,0.));
#202 = ADVANCED_FACE('',(#203),#230,.F.);
#203 = FACE_BOUND('',#204,.F.);
#204 = EDGE_LOOP('',(#205,#213,#214,#215,#223));
#205 = ORIENTED_EDGE('',*,*,#206,.F.);
#206 = EDGE_CURVE('',#160,#207,#209,.T.);
#207 = VERTEX_POINT('',#208);
#208 = CARTESIAN_POINT('',(5.73357836379,-1.339392013278,0.));
#209 = LINE('',#210,#211);
#210 = CARTESIAN_POINT('',(5.73357836379,-1.339392013278,0.3));
#211 = VECTOR('',#212,1.);
#212 = DIRECTION('',(0.,0.,-1.));
#213 = ORIENTED_EDGE('',*,*,#157,.F.);
#214 = ORIENTED_EDGE('',*,*,#177,.F.);
#215 = ORIENTED_EDGE('',*,*,#216,.T.);
#216 = EDGE_CURVE('',#169,#217,#219,.T.);
#217 = VERTEX_POINT('',#218);
#218 = CARTESIAN_POINT('',(5.73357836379,1.339392013278,0.));
#219 = LINE('',#220,#221);
#220 = CARTESIAN_POINT('',(5.73357836379,1.339392013278,0.3));
#221 = VECTOR('',#222,1.);
#222 = DIRECTION('',(0.,0.,-1.));
#223 = ORIENTED_EDGE('',*,*,#224,.F.);
#224 = EDGE_CURVE('',#207,#217,#225,.T.);
#225 = CIRCLE('',#226,3.5);
#226 = AXIS2_PLACEMENT_3D('',#227,#228,#229);
#227 = CARTESIAN_POINT('',(2.5,0.,0.));
#228 = DIRECTION('',(0.,0.,-1.));
#229 = DIRECTION('',(0.923879532511,-0.382683432365,0.));
#230 = CYLINDRICAL_SURFACE('',#231,3.5);
#231 = AXIS2_PLACEMENT_3D('',#232,#233,#234);
#232 = CARTESIAN_POINT('',(2.5,0.,0.3));
#233 = DIRECTION('',(0.,0.,-1.));
#234 = DIRECTION('',(0.923879532511,-0.382683432365,0.));
#235 = ADVANCED_FACE('',(#236),#248,.F.);
#236 = FACE_BOUND('',#237,.F.);
#237 = EDGE_LOOP('',(#238,#239,#240,#241));
#238 = ORIENTED_EDGE('',*,*,#216,.F.);
#239 = ORIENTED_EDGE('',*,*,#168,.F.);
#240 = ORIENTED_EDGE('',*,*,#206,.T.);
#241 = ORIENTED_EDGE('',*,*,#242,.F.);
#242 = EDGE_CURVE('',#217,#207,#243,.T.);
#243 = CIRCLE('',#244,3.5);
#244 = AXIS2_PLACEMENT_3D('',#245,#246,#247);
#245 = CARTESIAN_POINT('',(2.5,0.,0.));
#246 = DIRECTION('',(0.,0.,-1.));
#247 = DIRECTION('',(0.923879532511,0.382683432365,0.));
#248 = CYLINDRICAL_SURFACE('',#249,3.5);
#249 = AXIS2_PLACEMENT_3D('',#250,#251,#252);
#250 = CARTESIAN_POINT('',(2.5,0.,0.3));
#251 = DIRECTION('',(0.,0.,-1.));
#252 = DIRECTION('',(0.923879532511,0.382683432365,0.));
#253 = ADVANCED_FACE('',(#254),#273,.T.);
#254 = FACE_BOUND('',#255,.T.);
#255 = EDGE_LOOP('',(#256,#257,#265,#272));
#256 = ORIENTED_EDGE('',*,*,#189,.F.);
#257 = ORIENTED_EDGE('',*,*,#258,.T.);
#258 = EDGE_CURVE('',#190,#259,#261,.T.);
#259 = VERTEX_POINT('',#260);
#260 = CARTESIAN_POINT('',(-0.35,3.49024337757E-16,-2.));
#261 = LINE('',#262,#263);
#262 = CARTESIAN_POINT('',(-0.35,3.49024337757E-16,0.3));
#263 = VECTOR('',#264,1.);
#264 = DIRECTION('',(0.,0.,-1.));
#265 = ORIENTED_EDGE('',*,*,#266,.T.);
#266 = EDGE_CURVE('',#259,#259,#267,.T.);
#267 = CIRCLE('',#268,0.35);
#268 = AXIS2_PLACEMENT_3D('',#269,#270,#271);
#269 = CARTESIAN_POINT('',(0.,3.061616997868E-16,-2.));
#270 = DIRECTION('',(0.,0.,1.));
#271 = DIRECTION('',(-1.,1.224646799147E-16,0.));
#272 = ORIENTED_EDGE('',*,*,#258,.F.);
#273 = CYLINDRICAL_SURFACE('',#274,0.35);
#274 = AXIS2_PLACEMENT_3D('',#275,#276,#277);
#275 = CARTESIAN_POINT('',(0.,3.061616997868E-16,0.3));
#276 = DIRECTION('',(0.,0.,1.));
#277 = DIRECTION('',(-1.,1.224646799147E-16,0.));
#278 = ADVANCED_FACE('',(#279),#305,.T.);
#279 = FACE_BOUND('',#280,.F.);
#280 = EDGE_LOOP('',(#281,#282,#290,#299));
#281 = ORIENTED_EDGE('',*,*,#224,.T.);
#282 = ORIENTED_EDGE('',*,*,#283,.T.);
#283 = EDGE_CURVE('',#217,#284,#286,.T.);
#284 = VERTEX_POINT('',#285);
#285 = CARTESIAN_POINT('',(6.934621756054,1.836880475352,
    -1.387778780781E-17));
#286 = LINE('',#287,#288);
#287 = CARTESIAN_POINT('',(5.73357836379,1.339392013278,0.));
#288 = VECTOR('',#289,1.);
#289 = DIRECTION('',(0.923879532511,0.382683432365,0.));
#290 = ORIENTED_EDGE('',*,*,#291,.F.);
#291 = EDGE_CURVE('',#292,#284,#294,.T.);
#292 = VERTEX_POINT('',#293);
#293 = CARTESIAN_POINT('',(6.934621756054,-1.836880475352,
    -1.387778780781E-17));
#294 = CIRCLE('',#295,4.8);
#295 = AXIS2_PLACEMENT_3D('',#296,#297,#298);
#296 = CARTESIAN_POINT('',(2.5,0.,0.));
#297 = DIRECTION('',(0.,0.,-1.));
#298 = DIRECTION('',(0.923879532511,-0.382683432365,0.));
#299 = ORIENTED_EDGE('',*,*,#300,.F.);
#300 = EDGE_CURVE('',#207,#292,#301,.T.);
#301 = LINE('',#302,#303);
#302 = CARTESIAN_POINT('',(5.73357836379,-1.339392013278,0.));
#303 = VECTOR('',#304,1.);
#304 = DIRECTION('',(0.923879532511,-0.382683432365,0.));
#305 = PLANE('',#306);
#306 = AXIS2_PLACEMENT_3D('',#307,#308,#309);
#307 = CARTESIAN_POINT('',(2.5,0.,0.));
#308 = DIRECTION('',(0.,0.,-1.));
#309 = DIRECTION('',(0.923879532511,-0.382683432365,0.));
#310 = ADVANCED_FACE('',(#311),#323,.T.);
#311 = FACE_BOUND('',#312,.F.);
#312 = EDGE_LOOP('',(#313,#314,#315,#322));
#313 = ORIENTED_EDGE('',*,*,#242,.T.);
#314 = ORIENTED_EDGE('',*,*,#300,.T.);
#315 = ORIENTED_EDGE('',*,*,#316,.F.);
#316 = EDGE_CURVE('',#284,#292,#317,.T.);
#317 = CIRCLE('',#318,4.8);
#318 = AXIS2_PLACEMENT_3D('',#319,#320,#321);
#319 = CARTESIAN_POINT('',(2.5,0.,0.));
#320 = DIRECTION('',(0.,0.,-1.));
#321 = DIRECTION('',(0.923879532511,0.382683432365,0.));
#322 = ORIENTED_EDGE('',*,*,#283,.F.);
#323 = PLANE('',#324);
#324 = AXIS2_PLACEMENT_3D('',#325,#326,#327);
#325 = CARTESIAN_POINT('',(2.5,0.,0.));
#326 = DIRECTION('',(0.,0.,-1.));
#327 = DIRECTION('',(0.923879532511,0.382683432365,0.));
#328 = ADVANCED_FACE('',(#329),#332,.F.);
#329 = FACE_BOUND('',#330,.F.);
#330 = EDGE_LOOP('',(#331));
#331 = ORIENTED_EDGE('',*,*,#266,.T.);
#332 = PLANE('',#333);
#333 = AXIS2_PLACEMENT_3D('',#334,#335,#336);
#334 = CARTESIAN_POINT('',(0.,3.061616997868E-16,-2.));
#335 = DIRECTION('',(0.,0.,1.));
#336 = DIRECTION('',(-1.,1.224646799147E-16,0.));
#337 = ADVANCED_FACE('',(#338),#366,.F.);
#338 = FACE_BOUND('',#339,.F.);
#339 = EDGE_LOOP('',(#340,#341,#350,#359));
#340 = ORIENTED_EDGE('',*,*,#291,.T.);
#341 = ORIENTED_EDGE('',*,*,#342,.T.);
#342 = EDGE_CURVE('',#284,#343,#345,.T.);
#343 = VERTEX_POINT('',#344);
#344 = CARTESIAN_POINT('',(7.119397662556,1.913417161825,0.2));
#345 = CIRCLE('',#346,0.2);
#346 = AXIS2_PLACEMENT_3D('',#347,#348,#349);
#347 = CARTESIAN_POINT('',(6.934621756054,1.836880475352,0.2));
#348 = DIRECTION('',(0.382683432365,-0.923879532511,0.));
#349 = DIRECTION('',(0.,0.,-1.));
#350 = ORIENTED_EDGE('',*,*,#351,.F.);
#351 = EDGE_CURVE('',#352,#343,#354,.T.);
#352 = VERTEX_POINT('',#353);
#353 = CARTESIAN_POINT('',(7.119397662556,-1.913417161825,0.2));
#354 = CIRCLE('',#355,5.);
#355 = AXIS2_PLACEMENT_3D('',#356,#357,#358);
#356 = CARTESIAN_POINT('',(2.5,0.,0.2));
#357 = DIRECTION('',(0.,0.,-1.));
#358 = DIRECTION('',(0.923879532511,-0.382683432365,0.));
#359 = ORIENTED_EDGE('',*,*,#360,.F.);
#360 = EDGE_CURVE('',#292,#352,#361,.T.);
#361 = CIRCLE('',#362,0.2);
#362 = AXIS2_PLACEMENT_3D('',#363,#364,#365);
#363 = CARTESIAN_POINT('',(6.934621756054,-1.836880475352,0.2));
#364 = DIRECTION('',(-0.382683432365,-0.923879532511,0.));
#365 = DIRECTION('',(-0.,0.,-1.));
#366 = SURFACE_OF_REVOLUTION('',#367,#372);
#367 = CIRCLE('',#368,0.2);
#368 = AXIS2_PLACEMENT_3D('',#369,#370,#371);
#369 = CARTESIAN_POINT('',(6.934621756054,-1.836880475352,0.2));
#370 = DIRECTION('',(-0.382683432365,-0.923879532511,0.));
#371 = DIRECTION('',(-0.,0.,-1.));
#372 = AXIS1_PLACEMENT('',#373,#374);
#373 = CARTESIAN_POINT('',(2.5,0.,0.));
#374 = DIRECTION('',(0.,0.,-1.));
#375 = ADVANCED_FACE('',(#376),#388,.F.);
#376 = FACE_BOUND('',#377,.F.);
#377 = EDGE_LOOP('',(#378,#379,#380,#387));
#378 = ORIENTED_EDGE('',*,*,#316,.T.);
#379 = ORIENTED_EDGE('',*,*,#360,.T.);
#380 = ORIENTED_EDGE('',*,*,#381,.F.);
#381 = EDGE_CURVE('',#343,#352,#382,.T.);
#382 = CIRCLE('',#383,5.);
#383 = AXIS2_PLACEMENT_3D('',#384,#385,#386);
#384 = CARTESIAN_POINT('',(2.5,0.,0.2));
#385 = DIRECTION('',(0.,0.,-1.));
#386 = DIRECTION('',(0.923879532511,0.382683432365,0.));
#387 = ORIENTED_EDGE('',*,*,#342,.F.);
#388 = SURFACE_OF_REVOLUTION('',#389,#394);
#389 = CIRCLE('',#390,0.2);
#390 = AXIS2_PLACEMENT_3D('',#391,#392,#393);
#391 = CARTESIAN_POINT('',(6.934621756054,1.836880475352,0.2));
#392 = DIRECTION('',(0.382683432365,-0.923879532511,0.));
#393 = DIRECTION('',(0.,0.,-1.));
#394 = AXIS1_PLACEMENT('',#395,#396);
#395 = CARTESIAN_POINT('',(2.5,0.,0.));
#396 = DIRECTION('',(0.,0.,-1.));
#397 = ADVANCED_FACE('',(#398),#455,.T.);
#398 = FACE_BOUND('',#399,.T.);
#399 = EDGE_LOOP('',(#400,#442,#448,#449));
#400 = ORIENTED_EDGE('',*,*,#401,.T.);
#401 = EDGE_CURVE('',#402,#404,#406,.T.);
#402 = VERTEX_POINT('',#403);
#403 = CARTESIAN_POINT('',(7.119397662556,-1.913417161825,1.064979142851
    ));
#404 = VERTEX_POINT('',#405);
#405 = CARTESIAN_POINT('',(7.119397662556,1.913417161825,1.064979142851)
  );
#406 = B_SPLINE_CURVE_WITH_KNOTS('',12,(#407,#408,#409,#410,#411,#412,
    #413,#414,#415,#416,#417,#418,#419,#420,#421,#422,#423,#424,#425,
    #426,#427,#428,#429,#430,#431,#432,#433,#434,#435,#436,#437,#438,
    #439,#440,#441),.UNSPECIFIED.,.F.,.F.,(13,11,11,13),(-1.171231283167
    ,-3.991931790191E-16,27.488935718911,28.660167002077),
  .UNSPECIFIED.);
#407 = CARTESIAN_POINT('',(7.567608470092,-0.831340551471,1.064979142851
    ));
#408 = CARTESIAN_POINT('',(7.529998726783,-0.922138503845,1.064979142851
    ));
#409 = CARTESIAN_POINT('',(7.492436045779,-1.012822837762,1.064979142851
    ));
#410 = CARTESIAN_POINT('',(7.454920427082,-1.103393553223,1.064979142851
    ));
#411 = CARTESIAN_POINT('',(7.41745187069,-1.193850650228,1.064979142851)
  );
#412 = CARTESIAN_POINT('',(7.380030376603,-1.284194128775,1.064979142851
    ));
#413 = CARTESIAN_POINT('',(7.342655944822,-1.374423988867,1.064979142851
    ));
#414 = CARTESIAN_POINT('',(7.305328575347,-1.464540230501,1.064979142851
    ));
#415 = CARTESIAN_POINT('',(7.268048268178,-1.554542853679,1.064979142851
    ));
#416 = CARTESIAN_POINT('',(7.230815023314,-1.644431858401,1.064979142851
    ));
#417 = CARTESIAN_POINT('',(7.193628840756,-1.734207244665,1.064979142851
    ));
#418 = CARTESIAN_POINT('',(7.156489720503,-1.823869012474,1.064979142851
    ));
#419 = CARTESIAN_POINT('',(6.248842707922,-4.015122740097,1.064979142851
    ));
#420 = CARTESIAN_POINT('',(4.32138663606,-5.716779021404,1.064979179919)
  );
#421 = CARTESIAN_POINT('',(1.539129938892,-6.390920517957,1.064978653652
    ));
#422 = CARTESIAN_POINT('',(-1.444295453127,-5.513989403062,1.06498076459
    ));
#423 = CARTESIAN_POINT('',(-3.665575663563,-3.325471120225,
    1.064976103248));
#424 = CARTESIAN_POINT('',(-4.778923381471,8.212985846967E-12,
    1.064982844735));
#425 = CARTESIAN_POINT('',(-3.665575663563,3.32547112021,1.064976103248)
  );
#426 = CARTESIAN_POINT('',(-1.444295453127,5.513989403074,1.064980764591
    ));
#427 = CARTESIAN_POINT('',(1.539129938893,6.39092051795,1.064978653652)
  );
#428 = CARTESIAN_POINT('',(4.321386636059,5.716779021407,1.064979179919)
  );
#429 = CARTESIAN_POINT('',(6.248842707922,4.015122740096,1.064979142851)
  );
#430 = CARTESIAN_POINT('',(7.156489720503,1.823869012474,1.064979142851)
  );
#431 = CARTESIAN_POINT('',(7.193628840756,1.734207244665,1.064979142851)
  );
#432 = CARTESIAN_POINT('',(7.230815023314,1.644431858401,1.064979142851)
  );
#433 = CARTESIAN_POINT('',(7.268048268178,1.554542853679,1.064979142851)
  );
#434 = CARTESIAN_POINT('',(7.305328575347,1.464540230501,1.064979142851)
  );
#435 = CARTESIAN_POINT('',(7.342655944822,1.374423988867,1.064979142851)
  );
#436 = CARTESIAN_POINT('',(7.380030376603,1.284194128775,1.064979142851)
  );
#437 = CARTESIAN_POINT('',(7.41745187069,1.193850650228,1.064979142851)
  );
#438 = CARTESIAN_POINT('',(7.454920427082,1.103393553223,1.064979142851)
  );
#439 = CARTESIAN_POINT('',(7.492436045779,1.012822837762,1.064979142851)
  );
#440 = CARTESIAN_POINT('',(7.529998726783,0.922138503845,1.064979142851)
  );
#441 = CARTESIAN_POINT('',(7.567608470092,0.831340551471,1.064979142851)
  );
#442 = ORIENTED_EDGE('',*,*,#443,.F.);
#443 = EDGE_CURVE('',#343,#404,#444,.T.);
#444 = LINE('',#445,#446);
#445 = CARTESIAN_POINT('',(7.119397662556,1.913417161825,0.2));
#446 = VECTOR('',#447,1.);
#447 = DIRECTION('',(0.,0.,1.));
#448 = ORIENTED_EDGE('',*,*,#351,.F.);
#449 = ORIENTED_EDGE('',*,*,#450,.T.);
#450 = EDGE_CURVE('',#352,#402,#451,.T.);
#451 = LINE('',#452,#453);
#452 = CARTESIAN_POINT('',(7.119397662556,-1.913417161825,0.2));
#453 = VECTOR('',#454,1.);
#454 = DIRECTION('',(0.,0.,1.));
#455 = CYLINDRICAL_SURFACE('',#456,5.);
#456 = AXIS2_PLACEMENT_3D('',#457,#458,#459);
#457 = CARTESIAN_POINT('',(2.5,0.,0.2));
#458 = DIRECTION('',(0.,0.,1.));
#459 = DIRECTION('',(0.923879532511,-0.382683432365,0.));
#460 = ADVANCED_FACE('',(#461),#483,.T.);
#461 = FACE_BOUND('',#462,.T.);
#462 = EDGE_LOOP('',(#463,#480,#481,#482));
#463 = ORIENTED_EDGE('',*,*,#464,.T.);
#464 = EDGE_CURVE('',#404,#402,#465,.T.);
#465 = B_SPLINE_CURVE_WITH_KNOTS('',5,(#466,#467,#468,#469,#470,#471,
    #472,#473,#474,#475,#476,#477,#478,#479),.UNSPECIFIED.,.F.,.F.,(6,4,
    4,6),(-0.238826937805,-2.684273090947E-07,3.926991085414,
    4.165817386253),.UNSPECIFIED.);
#466 = CARTESIAN_POINT('',(7.02800265205,2.134064235451,1.064979142851)
  );
#467 = CARTESIAN_POINT('',(7.046281659523,2.089934807758,1.064979142851)
  );
#468 = CARTESIAN_POINT('',(7.064560664227,2.04580538675,1.064979142851)
  );
#469 = CARTESIAN_POINT('',(7.082839666162,2.001675972426,1.064979142851)
  );
#470 = CARTESIAN_POINT('',(7.101118665327,1.957546564788,1.064979142851)
  );
#471 = CARTESIAN_POINT('',(7.41995647701,1.187803996574,1.064979142851)
  );
#472 = CARTESIAN_POINT('',(7.578077492132,0.403182514539,1.064979142851)
  );
#473 = CARTESIAN_POINT('',(7.578078582592,-0.403179910909,1.064979142851
    ));
#474 = CARTESIAN_POINT('',(7.41995703187,-1.187802657023,1.064979142851)
  );
#475 = CARTESIAN_POINT('',(7.101118659789,-1.957546578158,1.064979142851
    ));
#476 = CARTESIAN_POINT('',(7.082839657855,-2.001675992481,1.064979142851
    ));
#477 = CARTESIAN_POINT('',(7.06456065592,-2.045805406805,1.064979142851)
  );
#478 = CARTESIAN_POINT('',(7.046281653985,-2.089934821128,1.064979142851
    ));
#479 = CARTESIAN_POINT('',(7.02800265205,-2.134064235451,1.064979142851)
  );
#480 = ORIENTED_EDGE('',*,*,#450,.F.);
#481 = ORIENTED_EDGE('',*,*,#381,.F.);
#482 = ORIENTED_EDGE('',*,*,#443,.T.);
#483 = CYLINDRICAL_SURFACE('',#484,5.);
#484 = AXIS2_PLACEMENT_3D('',#485,#486,#487);
#485 = CARTESIAN_POINT('',(2.5,0.,0.2));
#486 = DIRECTION('',(0.,0.,1.));
#487 = DIRECTION('',(0.923879532511,0.382683432365,-0.));
#488 = ADVANCED_FACE('',(#489),#556,.T.);
#489 = FACE_BOUND('',#490,.T.);
#490 = EDGE_LOOP('',(#491,#504,#544,#555));
#491 = ORIENTED_EDGE('',*,*,#492,.T.);
#492 = EDGE_CURVE('',#402,#493,#495,.T.);
#493 = VERTEX_POINT('',#494);
#494 = CARTESIAN_POINT('',(7.045145369717,-1.882660855094,1.269338405373
    ));
#495 = B_SPLINE_CURVE_WITH_KNOTS('',7,(#496,#497,#498,#499,#500,#501,
    #502,#503),.UNSPECIFIED.,.F.,.F.,(8,8),(0.,1.),
  .PIECEWISE_BEZIER_KNOTS.);
#496 = CARTESIAN_POINT('',(7.119397662556,-1.913417161825,1.064979142851
    ));
#497 = CARTESIAN_POINT('',(7.119397662479,-1.913417161793,1.096355884499
    ));
#498 = CARTESIAN_POINT('',(7.115860106587,-1.911951858165,1.128452340475
    ));
#499 = CARTESIAN_POINT('',(7.108495682308,-1.90890141375,1.160460292499)
  );
#500 = CARTESIAN_POINT('',(7.097254566883,-1.904245191285,1.191398408619
    ));
#501 = CARTESIAN_POINT('',(7.082502031892,-1.898134491212,1.220261378058
    ));
#502 = CARTESIAN_POINT('',(7.06489214839,-1.890840238634,1.246367503489)
  );
#503 = CARTESIAN_POINT('',(7.045145369717,-1.882660855094,1.269338405373
    ));
#504 = ORIENTED_EDGE('',*,*,#505,.T.);
#505 = EDGE_CURVE('',#493,#506,#508,.T.);
#506 = VERTEX_POINT('',#507);
#507 = CARTESIAN_POINT('',(7.045145369717,1.882660855094,1.269338405373)
  );
#508 = B_SPLINE_CURVE_WITH_KNOTS('',12,(#509,#510,#511,#512,#513,#514,
    #515,#516,#517,#518,#519,#520,#521,#522,#523,#524,#525,#526,#527,
    #528,#529,#530,#531,#532,#533,#534,#535,#536,#537,#538,#539,#540,
    #541,#542,#543),.UNSPECIFIED.,.F.,.F.,(13,11,11,13),(-1.171231283167
    ,-3.991931790191E-16,27.488935718911,28.660167002077),
  .UNSPECIFIED.);
#509 = CARTESIAN_POINT('',(7.493356177252,-0.800584244739,1.269338405373
    ));
#510 = CARTESIAN_POINT('',(7.455150215442,-0.892821595904,1.269338405373
    ));
#511 = CARTESIAN_POINT('',(7.417099719302,-0.984683619741,1.269338405373
    ));
#512 = CARTESIAN_POINT('',(7.379204688831,-1.076170316251,1.269338405373
    ));
#513 = CARTESIAN_POINT('',(7.34146512403,-1.167281685433,1.269338405373)
  );
#514 = CARTESIAN_POINT('',(7.303881024898,-1.258017727287,1.269338405373
    ));
#515 = CARTESIAN_POINT('',(7.266452391435,-1.348378441813,1.269338405373
    ));
#516 = CARTESIAN_POINT('',(7.229179223642,-1.438363829013,1.269338405373
    ));
#517 = CARTESIAN_POINT('',(7.192061521518,-1.527973888884,1.269338405373
    ));
#518 = CARTESIAN_POINT('',(7.155099285063,-1.617208621428,1.269338405373
    ));
#519 = CARTESIAN_POINT('',(7.118292514278,-1.706068026644,1.269338405373
    ));
#520 = CARTESIAN_POINT('',(7.081641209163,-1.794552104533,1.269338405373
    ));
#521 = CARTESIAN_POINT('',(6.188583733291,-3.950583574763,1.269338405373
    ));
#522 = CARTESIAN_POINT('',(4.292055982718,-5.625078304016,1.269338398757
    ));
#523 = CARTESIAN_POINT('',(1.554180226796,-6.28790347868,1.269338492685)
  );
#524 = CARTESIAN_POINT('',(-1.379931640379,-5.425347598474,
    1.269338115926));
#525 = CARTESIAN_POINT('',(-3.567377513268,-3.27236752885,1.269338947878
    ));
#526 = CARTESIAN_POINT('',(-4.661203210779,1.935340776527E-12,
    1.269337744664));
#527 = CARTESIAN_POINT('',(-3.567377513269,3.272367528846,1.269338947878
    ));
#528 = CARTESIAN_POINT('',(-1.379931640378,5.425347598477,1.269338115927
    ));
#529 = CARTESIAN_POINT('',(1.554180226795,6.287903478677,1.269338492684)
  );
#530 = CARTESIAN_POINT('',(4.292055982718,5.625078304017,1.269338398757)
  );
#531 = CARTESIAN_POINT('',(6.188583733291,3.950583574763,1.269338405373)
  );
#532 = CARTESIAN_POINT('',(7.081641209163,1.794552104533,1.269338405373)
  );
#533 = CARTESIAN_POINT('',(7.118292514278,1.706068026644,1.269338405373)
  );
#534 = CARTESIAN_POINT('',(7.155099285063,1.617208621428,1.269338405373)
  );
#535 = CARTESIAN_POINT('',(7.192061521518,1.527973888884,1.269338405373)
  );
#536 = CARTESIAN_POINT('',(7.229179223642,1.438363829013,1.269338405373)
  );
#537 = CARTESIAN_POINT('',(7.266452391435,1.348378441814,1.269338405373)
  );
#538 = CARTESIAN_POINT('',(7.303881024898,1.258017727287,1.269338405373)
  );
#539 = CARTESIAN_POINT('',(7.34146512403,1.167281685433,1.269338405373)
  );
#540 = CARTESIAN_POINT('',(7.379204688831,1.076170316251,1.269338405373)
  );
#541 = CARTESIAN_POINT('',(7.417099719302,0.984683619741,1.269338405373)
  );
#542 = CARTESIAN_POINT('',(7.455150215442,0.892821595904,1.269338405373)
  );
#543 = CARTESIAN_POINT('',(7.493356177252,0.800584244739,1.269338405373)
  );
#544 = ORIENTED_EDGE('',*,*,#545,.F.);
#545 = EDGE_CURVE('',#404,#506,#546,.T.);
#546 = B_SPLINE_CURVE_WITH_KNOTS('',7,(#547,#548,#549,#550,#551,#552,
    #553,#554),.UNSPECIFIED.,.F.,.F.,(8,8),(0.,1.),
  .PIECEWISE_BEZIER_KNOTS.);
#547 = CARTESIAN_POINT('',(7.119397662556,1.913417161825,1.064979142851)
  );
#548 = CARTESIAN_POINT('',(7.119397662479,1.913417161793,1.096355884499)
  );
#549 = CARTESIAN_POINT('',(7.115860106587,1.911951858165,1.128452340475)
  );
#550 = CARTESIAN_POINT('',(7.108495682308,1.90890141375,1.1604602925));
#551 = CARTESIAN_POINT('',(7.097254566884,1.904245191285,1.191398408619)
  );
#552 = CARTESIAN_POINT('',(7.082502031892,1.898134491212,1.220261378058)
  );
#553 = CARTESIAN_POINT('',(7.06489214839,1.890840238634,1.246367503489)
  );
#554 = CARTESIAN_POINT('',(7.045145369717,1.882660855094,1.269338405373)
  );
#555 = ORIENTED_EDGE('',*,*,#401,.F.);
#556 = ( BOUNDED_SURFACE() B_SPLINE_SURFACE(2,12,(
    (#557,#558,#559,#560,#561,#562,#563,#564,#565,#566,#567,#568,#569
      ,#570,#571,#572,#573,#574,#575,#576,#577,#578,#579,#580,#581,#582
      ,#583,#584,#585,#586,#587,#588,#589,#590,#591)
    ,(#592,#593,#594,#595,#596,#597,#598,#599,#600,#601,#602,#603,#604
      ,#605,#606,#607,#608,#609,#610,#611,#612,#613,#614,#615,#616,#617
      ,#618,#619,#620,#621,#622,#623,#624,#625,#626)
    ,(#627,#628,#629,#630,#631,#632,#633,#634,#635,#636,#637,#638,#639
      ,#640,#641,#642,#643,#644,#645,#646,#647,#648,#649,#650,#651,#652
      ,#653,#654,#655,#656,#657,#658,#659,#660,#661
)),.UNSPECIFIED.,.F.,.F.,.F.) B_SPLINE_SURFACE_WITH_KNOTS((3,3),(13,11,
    11,13),(0.,27.488935718911),(-1.171231283167,-3.991931790191E-16,
    27.488935718911,28.660167002077),.UNSPECIFIED.) 
GEOMETRIC_REPRESENTATION_ITEM() RATIONAL_B_SPLINE_SURFACE((
    (1.,1.,1.,1.,1.,1.,1.,1.,1.,1.,1.,1.,1.,1.,1.,1.,1.,1.,1.,1.,1.,1.
      ,1.,1.,1.,1.,1.,1.,1.,1.,1.,1.,1.,1.,1.)
    ,(0.93061798229,0.93061798229,0.93061798229,0.93061798229
      ,0.93061798229,0.93061798229,0.93061798229,0.93061798229
      ,0.93061798229,0.93061798229,0.93061798229,0.93061798229
      ,0.93061798229,0.930618018687,0.93061750194,0.930619574694
      ,0.930614997669,0.930621617211,0.930614997669,0.930619574694
      ,0.930617501939,0.930618018687,0.93061798229,0.93061798229
      ,0.93061798229,0.93061798229,0.93061798229,0.93061798229
      ,0.93061798229,0.93061798229,0.93061798229,0.93061798229
      ,0.93061798229,0.93061798229,0.93061798229)
    ,(1.,1.,1.,1.,1.,1.,1.,1.,1.,1.,1.,1.,1.,1.,1.,1.,1.,1.,1.,1.,1.,1.
,1.,1.,1.,1.,1.,1.,1.,1.,1.,1.,1.,1.,1.
))) REPRESENTATION_ITEM('') SURFACE() );
#557 = CARTESIAN_POINT('',(7.567608470092,-0.831340551471,1.064979142851
    ));
#558 = CARTESIAN_POINT('',(7.529998726783,-0.922138503845,1.064979142851
    ));
#559 = CARTESIAN_POINT('',(7.492436045779,-1.012822837762,1.064979142851
    ));
#560 = CARTESIAN_POINT('',(7.454920427082,-1.103393553223,1.064979142851
    ));
#561 = CARTESIAN_POINT('',(7.41745187069,-1.193850650228,1.064979142851)
  );
#562 = CARTESIAN_POINT('',(7.380030376603,-1.284194128775,1.064979142851
    ));
#563 = CARTESIAN_POINT('',(7.342655944822,-1.374423988867,1.064979142851
    ));
#564 = CARTESIAN_POINT('',(7.305328575347,-1.464540230501,1.064979142851
    ));
#565 = CARTESIAN_POINT('',(7.268048268178,-1.554542853679,1.064979142851
    ));
#566 = CARTESIAN_POINT('',(7.230815023314,-1.644431858401,1.064979142851
    ));
#567 = CARTESIAN_POINT('',(7.193628840756,-1.734207244665,1.064979142851
    ));
#568 = CARTESIAN_POINT('',(7.156489720503,-1.823869012474,1.064979142851
    ));
#569 = CARTESIAN_POINT('',(6.248842707922,-4.015122740097,1.064979142851
    ));
#570 = CARTESIAN_POINT('',(4.32138663606,-5.716779021404,1.064979179919)
  );
#571 = CARTESIAN_POINT('',(1.539129938892,-6.390920517957,1.064978653652
    ));
#572 = CARTESIAN_POINT('',(-1.444295453127,-5.513989403062,1.06498076459
    ));
#573 = CARTESIAN_POINT('',(-3.665575663563,-3.325471120225,
    1.064976103248));
#574 = CARTESIAN_POINT('',(-4.778923381471,8.212985846967E-12,
    1.064982844735));
#575 = CARTESIAN_POINT('',(-3.665575663563,3.32547112021,1.064976103248)
  );
#576 = CARTESIAN_POINT('',(-1.444295453127,5.513989403074,1.064980764591
    ));
#577 = CARTESIAN_POINT('',(1.539129938893,6.39092051795,1.064978653652)
  );
#578 = CARTESIAN_POINT('',(4.321386636059,5.716779021407,1.064979179919)
  );
#579 = CARTESIAN_POINT('',(6.248842707922,4.015122740096,1.064979142851)
  );
#580 = CARTESIAN_POINT('',(7.156489720503,1.823869012474,1.064979142851)
  );
#581 = CARTESIAN_POINT('',(7.193628840756,1.734207244665,1.064979142851)
  );
#582 = CARTESIAN_POINT('',(7.230815023314,1.644431858401,1.064979142851)
  );
#583 = CARTESIAN_POINT('',(7.268048268178,1.554542853679,1.064979142851)
  );
#584 = CARTESIAN_POINT('',(7.305328575347,1.464540230501,1.064979142851)
  );
#585 = CARTESIAN_POINT('',(7.342655944822,1.374423988867,1.064979142851)
  );
#586 = CARTESIAN_POINT('',(7.380030376603,1.284194128775,1.064979142851)
  );
#587 = CARTESIAN_POINT('',(7.41745187069,1.193850650228,1.064979142851)
  );
#588 = CARTESIAN_POINT('',(7.454920427082,1.103393553223,1.064979142851)
  );
#589 = CARTESIAN_POINT('',(7.492436045779,1.012822837762,1.064979142851)
  );
#590 = CARTESIAN_POINT('',(7.529998726783,0.922138503845,1.064979142851)
  );
#591 = CARTESIAN_POINT('',(7.567608470092,0.831340551471,1.064979142851)
  );
#592 = CARTESIAN_POINT('',(7.567608470092,-0.831340551471,1.182962690499
    ));
#593 = CARTESIAN_POINT('',(7.529998726783,-0.922138503845,1.182962690499
    ));
#594 = CARTESIAN_POINT('',(7.492436045779,-1.012822837762,1.182962690499
    ));
#595 = CARTESIAN_POINT('',(7.454920427082,-1.103393553223,1.182962690499
    ));
#596 = CARTESIAN_POINT('',(7.41745187069,-1.193850650228,1.182962690499)
  );
#597 = CARTESIAN_POINT('',(7.380030376603,-1.284194128775,1.182962690499
    ));
#598 = CARTESIAN_POINT('',(7.342655944822,-1.374423988866,1.182962690499
    ));
#599 = CARTESIAN_POINT('',(7.305328575347,-1.464540230501,1.182962690499
    ));
#600 = CARTESIAN_POINT('',(7.268048268178,-1.554542853679,1.182962690499
    ));
#601 = CARTESIAN_POINT('',(7.230815023314,-1.644431858401,1.182962690499
    ));
#602 = CARTESIAN_POINT('',(7.193628840756,-1.734207244665,1.182962690499
    ));
#603 = CARTESIAN_POINT('',(7.156489720503,-1.823869012474,1.182962690499
    ));
#604 = CARTESIAN_POINT('',(6.248842707922,-4.015122740097,1.182962690499
    ));
#605 = CARTESIAN_POINT('',(4.321386368821,-5.71677872611,1.182962693118)
  );
#606 = CARTESIAN_POINT('',(1.539129840826,-6.390923320819,1.182962655937
    ));
#607 = CARTESIAN_POINT('',(-1.44428930792,-5.513981416387,1.182962805076
    ));
#608 = CARTESIAN_POINT('',(-3.665594494273,-3.32548028429,1.182962475748
    ));
#609 = CARTESIAN_POINT('',(-4.778896063013,1.22675203329E-11,
    1.182962952039));
#610 = CARTESIAN_POINT('',(-3.665594494275,3.325480284268,1.182962475749
    ));
#611 = CARTESIAN_POINT('',(-1.444289307918,5.513981416403,1.182962805076
    ));
#612 = CARTESIAN_POINT('',(1.539129840826,6.39092332081,1.182962655937)
  );
#613 = CARTESIAN_POINT('',(4.32138636882,5.716778726113,1.182962693118)
  );
#614 = CARTESIAN_POINT('',(6.248842707922,4.015122740096,1.182962690499)
  );
#615 = CARTESIAN_POINT('',(7.156489720503,1.823869012474,1.182962690499)
  );
#616 = CARTESIAN_POINT('',(7.193628840756,1.734207244666,1.182962690499)
  );
#617 = CARTESIAN_POINT('',(7.230815023314,1.644431858401,1.182962690499)
  );
#618 = CARTESIAN_POINT('',(7.268048268178,1.554542853679,1.182962690499)
  );
#619 = CARTESIAN_POINT('',(7.305328575347,1.464540230501,1.182962690499)
  );
#620 = CARTESIAN_POINT('',(7.342655944822,1.374423988867,1.182962690499)
  );
#621 = CARTESIAN_POINT('',(7.380030376603,1.284194128775,1.182962690499)
  );
#622 = CARTESIAN_POINT('',(7.41745187069,1.193850650228,1.182962690499)
  );
#623 = CARTESIAN_POINT('',(7.454920427082,1.103393553223,1.182962690499)
  );
#624 = CARTESIAN_POINT('',(7.492436045779,1.012822837762,1.182962690499)
  );
#625 = CARTESIAN_POINT('',(7.529998726783,0.922138503845,1.182962690499)
  );
#626 = CARTESIAN_POINT('',(7.567608470092,0.831340551471,1.182962690499)
  );
#627 = CARTESIAN_POINT('',(7.493356177252,-0.800584244739,1.269338405373
    ));
#628 = CARTESIAN_POINT('',(7.455150215442,-0.892821595904,1.269338405373
    ));
#629 = CARTESIAN_POINT('',(7.417099719302,-0.984683619741,1.269338405373
    ));
#630 = CARTESIAN_POINT('',(7.379204688831,-1.076170316251,1.269338405373
    ));
#631 = CARTESIAN_POINT('',(7.34146512403,-1.167281685433,1.269338405373)
  );
#632 = CARTESIAN_POINT('',(7.303881024898,-1.258017727287,1.269338405373
    ));
#633 = CARTESIAN_POINT('',(7.266452391435,-1.348378441813,1.269338405373
    ));
#634 = CARTESIAN_POINT('',(7.229179223642,-1.438363829013,1.269338405373
    ));
#635 = CARTESIAN_POINT('',(7.192061521518,-1.527973888884,1.269338405373
    ));
#636 = CARTESIAN_POINT('',(7.155099285063,-1.617208621428,1.269338405373
    ));
#637 = CARTESIAN_POINT('',(7.118292514278,-1.706068026644,1.269338405373
    ));
#638 = CARTESIAN_POINT('',(7.081641209163,-1.794552104533,1.269338405373
    ));
#639 = CARTESIAN_POINT('',(6.188583733291,-3.950583574763,1.269338405373
    ));
#640 = CARTESIAN_POINT('',(4.292055982718,-5.625078304016,1.269338398757
    ));
#641 = CARTESIAN_POINT('',(1.554180226796,-6.28790347868,1.269338492685)
  );
#642 = CARTESIAN_POINT('',(-1.379931640379,-5.425347598474,
    1.269338115926));
#643 = CARTESIAN_POINT('',(-3.567377513268,-3.27236752885,1.269338947878
    ));
#644 = CARTESIAN_POINT('',(-4.661203210779,1.935340776527E-12,
    1.269337744664));
#645 = CARTESIAN_POINT('',(-3.567377513269,3.272367528846,1.269338947878
    ));
#646 = CARTESIAN_POINT('',(-1.379931640378,5.425347598477,1.269338115927
    ));
#647 = CARTESIAN_POINT('',(1.554180226795,6.287903478677,1.269338492684)
  );
#648 = CARTESIAN_POINT('',(4.292055982718,5.625078304017,1.269338398757)
  );
#649 = CARTESIAN_POINT('',(6.188583733291,3.950583574763,1.269338405373)
  );
#650 = CARTESIAN_POINT('',(7.081641209163,1.794552104533,1.269338405373)
  );
#651 = CARTESIAN_POINT('',(7.118292514278,1.706068026644,1.269338405373)
  );
#652 = CARTESIAN_POINT('',(7.155099285063,1.617208621428,1.269338405373)
  );
#653 = CARTESIAN_POINT('',(7.192061521518,1.527973888884,1.269338405373)
  );
#654 = CARTESIAN_POINT('',(7.229179223642,1.438363829013,1.269338405373)
  );
#655 = CARTESIAN_POINT('',(7.266452391435,1.348378441814,1.269338405373)
  );
#656 = CARTESIAN_POINT('',(7.303881024898,1.258017727287,1.269338405373)
  );
#657 = CARTESIAN_POINT('',(7.34146512403,1.167281685433,1.269338405373)
  );
#658 = CARTESIAN_POINT('',(7.379204688831,1.076170316251,1.269338405373)
  );
#659 = CARTESIAN_POINT('',(7.417099719302,0.984683619741,1.269338405373)
  );
#660 = CARTESIAN_POINT('',(7.455150215442,0.892821595904,1.269338405373)
  );
#661 = CARTESIAN_POINT('',(7.493356177252,0.800584244739,1.269338405373)
  );
#662 = ADVANCED_FACE('',(#663),#685,.T.);
#663 = FACE_BOUND('',#664,.T.);
#664 = EDGE_LOOP('',(#665,#666,#683,#684));
#665 = ORIENTED_EDGE('',*,*,#545,.T.);
#666 = ORIENTED_EDGE('',*,*,#667,.T.);
#667 = EDGE_CURVE('',#506,#493,#668,.T.);
#668 = B_SPLINE_CURVE_WITH_KNOTS('',5,(#669,#670,#671,#672,#673,#674,
    #675,#676,#677,#678,#679,#680,#681,#682),.UNSPECIFIED.,.F.,.F.,(6,4,
    4,6),(-0.238826937805,-2.684273090947E-07,3.926991085414,
    4.165817386253),.UNSPECIFIED.);
#669 = CARTESIAN_POINT('',(6.953750361054,2.103307924813,1.269338405373)
  );
#670 = CARTESIAN_POINT('',(6.972323185698,2.05846915961,1.269338405373)
  );
#671 = CARTESIAN_POINT('',(6.990749098968,2.01398506984,1.269338405373)
  );
#672 = CARTESIAN_POINT('',(7.009028100864,1.9698556555,1.269338405373));
#673 = CARTESIAN_POINT('',(7.027160191387,1.926080916593,1.269338405373)
  );
#674 = CARTESIAN_POINT('',(7.340872992573,1.168711216348,1.269338405373)
  );
#675 = CARTESIAN_POINT('',(7.496452374102,0.396701817373,1.269338405373)
  );
#676 = CARTESIAN_POINT('',(7.496453425325,-0.39669932202,1.269338405373)
  );
#677 = CARTESIAN_POINT('',(7.340873556352,-1.168709855265,1.269338405373
    ));
#678 = CARTESIAN_POINT('',(7.027160184853,-1.926080932367,1.269338405373
    ));
#679 = CARTESIAN_POINT('',(7.009028091064,-1.969855679162,1.269338405373
    ));
#680 = CARTESIAN_POINT('',(6.990749089167,-2.013985093501,1.269338405373
    ));
#681 = CARTESIAN_POINT('',(6.972323179164,-2.058469175384,1.269338405373
    ));
#682 = CARTESIAN_POINT('',(6.953750361054,-2.103307924813,1.269338405373
    ));
#683 = ORIENTED_EDGE('',*,*,#492,.F.);
#684 = ORIENTED_EDGE('',*,*,#464,.F.);
#685 = ( BOUNDED_SURFACE() B_SPLINE_SURFACE(2,5,(
    (#686,#687,#688,#689,#690,#691,#692,#693,#694,#695,#696,#697,#698
      ,#699)
    ,(#700,#701,#702,#703,#704,#705,#706,#707,#708,#709,#710,#711,#712
      ,#713)
    ,(#714,#715,#716,#717,#718,#719,#720,#721,#722,#723,#724,#725,#726
,#727
    )),.UNSPECIFIED.,.F.,.F.,.F.) B_SPLINE_SURFACE_WITH_KNOTS((3,3),(6,4
    ,4,6),(0.,3.926991353841),(-0.238826937805,-2.684273090947E-07,
    3.926991085414,4.165817386253),.UNSPECIFIED.) 
GEOMETRIC_REPRESENTATION_ITEM() RATIONAL_B_SPLINE_SURFACE((
    (1.,1.,1.,1.,1.,1.,1.,1.,1.,1.,1.,1.,1.,1.)
    ,(0.93061798229,0.93061798229,0.93061798229,0.93061798229
      ,0.93061798229,0.93061798229,0.93061798229,0.93061798229
      ,0.93061798229,0.93061798229,0.93061798229,0.93061798229
      ,0.93061798229,0.93061798229)
,(1.,1.,1.,1.,1.,1.,1.,1.,1.,1.,1.,1.,1.,1.
))) REPRESENTATION_ITEM('') SURFACE() );
#686 = CARTESIAN_POINT('',(7.02800265205,2.134064235451,1.064979142851)
  );
#687 = CARTESIAN_POINT('',(7.046281659523,2.089934807758,1.064979142851)
  );
#688 = CARTESIAN_POINT('',(7.064560664227,2.04580538675,1.064979142851)
  );
#689 = CARTESIAN_POINT('',(7.082839666162,2.001675972426,1.064979142851)
  );
#690 = CARTESIAN_POINT('',(7.101118665327,1.957546564788,1.064979142851)
  );
#691 = CARTESIAN_POINT('',(7.41995647701,1.187803996574,1.064979142851)
  );
#692 = CARTESIAN_POINT('',(7.578077492132,0.403182514539,1.064979142851)
  );
#693 = CARTESIAN_POINT('',(7.578078582592,-0.403179910909,1.064979142851
    ));
#694 = CARTESIAN_POINT('',(7.41995703187,-1.187802657023,1.064979142851)
  );
#695 = CARTESIAN_POINT('',(7.101118659789,-1.957546578158,1.064979142851
    ));
#696 = CARTESIAN_POINT('',(7.082839657855,-2.001675992481,1.064979142851
    ));
#697 = CARTESIAN_POINT('',(7.06456065592,-2.045805406805,1.064979142851)
  );
#698 = CARTESIAN_POINT('',(7.046281653985,-2.089934821128,1.064979142851
    ));
#699 = CARTESIAN_POINT('',(7.02800265205,-2.134064235451,1.064979142851)
  );
#700 = CARTESIAN_POINT('',(7.02800265205,2.134064235451,1.182962690499)
  );
#701 = CARTESIAN_POINT('',(7.046281659523,2.089934807758,1.182962690499)
  );
#702 = CARTESIAN_POINT('',(7.064560664227,2.04580538675,1.182962690499)
  );
#703 = CARTESIAN_POINT('',(7.082839666162,2.001675972426,1.182962690499)
  );
#704 = CARTESIAN_POINT('',(7.101118665327,1.957546564788,1.182962690499)
  );
#705 = CARTESIAN_POINT('',(7.41995647701,1.187803996574,1.182962690499)
  );
#706 = CARTESIAN_POINT('',(7.578077492132,0.403182514539,1.182962690499)
  );
#707 = CARTESIAN_POINT('',(7.578078582592,-0.403179910909,1.182962690499
    ));
#708 = CARTESIAN_POINT('',(7.41995703187,-1.187802657022,1.182962690499)
  );
#709 = CARTESIAN_POINT('',(7.101118659789,-1.957546578158,1.182962690499
    ));
#710 = CARTESIAN_POINT('',(7.082839657855,-2.001675992481,1.182962690499
    ));
#711 = CARTESIAN_POINT('',(7.06456065592,-2.045805406805,1.182962690499)
  );
#712 = CARTESIAN_POINT('',(7.046281653985,-2.089934821128,1.182962690499
    ));
#713 = CARTESIAN_POINT('',(7.02800265205,-2.134064235451,1.182962690499)
  );
#714 = CARTESIAN_POINT('',(6.953750361054,2.103307924813,1.269338405373)
  );
#715 = CARTESIAN_POINT('',(6.972323185698,2.05846915961,1.269338405373)
  );
#716 = CARTESIAN_POINT('',(6.990749098968,2.01398506984,1.269338405373)
  );
#717 = CARTESIAN_POINT('',(7.009028100864,1.9698556555,1.269338405373));
#718 = CARTESIAN_POINT('',(7.027160191387,1.926080916593,1.269338405373)
  );
#719 = CARTESIAN_POINT('',(7.340872992573,1.168711216348,1.269338405373)
  );
#720 = CARTESIAN_POINT('',(7.496452374102,0.396701817373,1.269338405373)
  );
#721 = CARTESIAN_POINT('',(7.496453425325,-0.39669932202,1.269338405373)
  );
#722 = CARTESIAN_POINT('',(7.340873556352,-1.168709855265,1.269338405373
    ));
#723 = CARTESIAN_POINT('',(7.027160184853,-1.926080932367,1.269338405373
    ));
#724 = CARTESIAN_POINT('',(7.009028091064,-1.969855679162,1.269338405373
    ));
#725 = CARTESIAN_POINT('',(6.990749089167,-2.013985093501,1.269338405373
    ));
#726 = CARTESIAN_POINT('',(6.972323179164,-2.058469175384,1.269338405373
    ));
#727 = CARTESIAN_POINT('',(6.953750361054,-2.103307924813,1.269338405373
    ));
#728 = ADVANCED_FACE('',(#729),#788,.F.);
#729 = FACE_BOUND('',#730,.F.);
#730 = EDGE_LOOP('',(#731,#740,#741,#750));
#731 = ORIENTED_EDGE('',*,*,#732,.F.);
#732 = EDGE_CURVE('',#493,#733,#735,.T.);
#733 = VERTEX_POINT('',#734);
#734 = CARTESIAN_POINT('',(7.045145369717,-1.882660855094,1.930661594627
    ));
#735 = CIRCLE('',#736,0.485412195974);
#736 = AXIS2_PLACEMENT_3D('',#737,#738,#739);
#737 = CARTESIAN_POINT('',(7.373464533997,-2.018655105726,1.6));
#738 = DIRECTION('',(0.382683432365,0.923879532511,2.775557561563E-17));
#739 = DIRECTION('',(-0.523404384043,0.216801194476,-0.824041924199));
#740 = ORIENTED_EDGE('',*,*,#505,.T.);
#741 = ORIENTED_EDGE('',*,*,#742,.T.);
#742 = EDGE_CURVE('',#506,#743,#745,.T.);
#743 = VERTEX_POINT('',#744);
#744 = CARTESIAN_POINT('',(7.045145369717,1.882660855094,1.930661594627)
  );
#745 = CIRCLE('',#746,0.485412195974);
#746 = AXIS2_PLACEMENT_3D('',#747,#748,#749);
#747 = CARTESIAN_POINT('',(7.373464533997,2.018655105726,1.6));
#748 = DIRECTION('',(-0.382683432365,0.923879532511,-2.775557561563E-17)
  );
#749 = DIRECTION('',(-0.523404384043,-0.216801194476,-0.824041924199));
#750 = ORIENTED_EDGE('',*,*,#751,.F.);
#751 = EDGE_CURVE('',#733,#743,#752,.T.);
#752 = B_SPLINE_CURVE_WITH_KNOTS('',12,(#753,#754,#755,#756,#757,#758,
    #759,#760,#761,#762,#763,#764,#765,#766,#767,#768,#769,#770,#771,
    #772,#773,#774,#775,#776,#777,#778,#779,#780,#781,#782,#783,#784,
    #785,#786,#787),.UNSPECIFIED.,.F.,.F.,(13,11,11,13),(-1.171231283167
    ,-3.876993946042E-16,27.488935718911,28.660167002077),
  .UNSPECIFIED.);
#753 = CARTESIAN_POINT('',(7.493356177252,-0.800584244739,1.930661594627
    ));
#754 = CARTESIAN_POINT('',(7.455150215442,-0.892821595904,1.930661594627
    ));
#755 = CARTESIAN_POINT('',(7.417099719302,-0.984683619741,1.930661594627
    ));
#756 = CARTESIAN_POINT('',(7.379204688831,-1.076170316251,1.930661594627
    ));
#757 = CARTESIAN_POINT('',(7.34146512403,-1.167281685433,1.930661594627)
  );
#758 = CARTESIAN_POINT('',(7.303881024898,-1.258017727287,1.930661594627
    ));
#759 = CARTESIAN_POINT('',(7.266452391435,-1.348378441813,1.930661594627
    ));
#760 = CARTESIAN_POINT('',(7.229179223642,-1.438363829013,1.930661594627
    ));
#761 = CARTESIAN_POINT('',(7.192061521518,-1.527973888884,1.930661594627
    ));
#762 = CARTESIAN_POINT('',(7.155099285063,-1.617208621428,1.930661594627
    ));
#763 = CARTESIAN_POINT('',(7.118292514278,-1.706068026644,1.930661594627
    ));
#764 = CARTESIAN_POINT('',(7.081641209163,-1.794552104533,1.930661594627
    ));
#765 = CARTESIAN_POINT('',(6.188583733291,-3.950583574763,1.930661594627
    ));
#766 = CARTESIAN_POINT('',(4.292055982718,-5.625078304015,1.930661601243
    ));
#767 = CARTESIAN_POINT('',(1.554180226796,-6.287903478681,1.930661507315
    ));
#768 = CARTESIAN_POINT('',(-1.379931640378,-5.425347598472,
    1.930661884075));
#769 = CARTESIAN_POINT('',(-3.567377513269,-3.272367528853,
    1.930661052118));
#770 = CARTESIAN_POINT('',(-4.661203210778,5.173639294753E-12,
    1.93066225534));
#771 = CARTESIAN_POINT('',(-3.56737751327,3.272367528844,1.930661052117)
  );
#772 = CARTESIAN_POINT('',(-1.379931640377,5.425347598479,1.930661884076
    ));
#773 = CARTESIAN_POINT('',(1.554180226795,6.287903478676,1.930661507314)
  );
#774 = CARTESIAN_POINT('',(4.292055982718,5.625078304018,1.930661601243)
  );
#775 = CARTESIAN_POINT('',(6.188583733291,3.950583574763,1.930661594627)
  );
#776 = CARTESIAN_POINT('',(7.081641209163,1.794552104533,1.930661594627)
  );
#777 = CARTESIAN_POINT('',(7.118292514278,1.706068026644,1.930661594627)
  );
#778 = CARTESIAN_POINT('',(7.155099285063,1.617208621428,1.930661594627)
  );
#779 = CARTESIAN_POINT('',(7.192061521518,1.527973888884,1.930661594627)
  );
#780 = CARTESIAN_POINT('',(7.229179223642,1.438363829013,1.930661594627)
  );
#781 = CARTESIAN_POINT('',(7.266452391435,1.348378441814,1.930661594627)
  );
#782 = CARTESIAN_POINT('',(7.303881024898,1.258017727287,1.930661594627)
  );
#783 = CARTESIAN_POINT('',(7.34146512403,1.167281685433,1.930661594627)
  );
#784 = CARTESIAN_POINT('',(7.379204688831,1.076170316251,1.930661594627)
  );
#785 = CARTESIAN_POINT('',(7.417099719302,0.984683619741,1.930661594627)
  );
#786 = CARTESIAN_POINT('',(7.455150215442,0.892821595904,1.930661594627)
  );
#787 = CARTESIAN_POINT('',(7.493356177252,0.800584244739,1.930661594627)
  );
#788 = SURFACE_OF_REVOLUTION('',#789,#794);
#789 = CIRCLE('',#790,0.485412195974);
#790 = AXIS2_PLACEMENT_3D('',#791,#792,#793);
#791 = CARTESIAN_POINT('',(7.373464533997,-2.018655105726,1.6));
#792 = DIRECTION('',(0.382683432365,0.923879532511,0.));
#793 = DIRECTION('',(-0.523404384043,0.216801194476,-0.824041924199));
#794 = AXIS1_PLACEMENT('',#795,#796);
#795 = CARTESIAN_POINT('',(2.5,0.,0.));
#796 = DIRECTION('',(0.,0.,-1.));
#797 = ADVANCED_FACE('',(#798),#820,.F.);
#798 = FACE_BOUND('',#799,.F.);
#799 = EDGE_LOOP('',(#800,#801,#802,#803));
#800 = ORIENTED_EDGE('',*,*,#742,.F.);
#801 = ORIENTED_EDGE('',*,*,#667,.T.);
#802 = ORIENTED_EDGE('',*,*,#732,.T.);
#803 = ORIENTED_EDGE('',*,*,#804,.F.);
#804 = EDGE_CURVE('',#743,#733,#805,.T.);
#805 = B_SPLINE_CURVE_WITH_KNOTS('',5,(#806,#807,#808,#809,#810,#811,
    #812,#813,#814,#815,#816,#817,#818,#819),.UNSPECIFIED.,.F.,.F.,(6,4,
    4,6),(-0.238826937805,-2.684273090679E-07,3.926991085414,
    4.165817386253),.UNSPECIFIED.);
#806 = CARTESIAN_POINT('',(6.953750361054,2.103307924813,1.930661594627)
  );
#807 = CARTESIAN_POINT('',(6.972323185698,2.05846915961,1.930661594627)
  );
#808 = CARTESIAN_POINT('',(6.990749098968,2.01398506984,1.930661594627)
  );
#809 = CARTESIAN_POINT('',(7.009028100864,1.9698556555,1.930661594627));
#810 = CARTESIAN_POINT('',(7.027160191387,1.926080916593,1.930661594627)
  );
#811 = CARTESIAN_POINT('',(7.340872992573,1.168711216348,1.930661594627)
  );
#812 = CARTESIAN_POINT('',(7.496452374102,0.396701817373,1.930661594627)
  );
#813 = CARTESIAN_POINT('',(7.496453425325,-0.396699322019,1.930661594627
    ));
#814 = CARTESIAN_POINT('',(7.340873556352,-1.168709855265,1.930661594627
    ));
#815 = CARTESIAN_POINT('',(7.027160184853,-1.926080932367,1.930661594627
    ));
#816 = CARTESIAN_POINT('',(7.009028091064,-1.969855679162,1.930661594627
    ));
#817 = CARTESIAN_POINT('',(6.990749089167,-2.013985093501,1.930661594627
    ));
#818 = CARTESIAN_POINT('',(6.972323179164,-2.058469175384,1.930661594627
    ));
#819 = CARTESIAN_POINT('',(6.953750361054,-2.103307924813,1.930661594627
    ));
#820 = SURFACE_OF_REVOLUTION('',#821,#826);
#821 = CIRCLE('',#822,0.485412195974);
#822 = AXIS2_PLACEMENT_3D('',#823,#824,#825);
#823 = CARTESIAN_POINT('',(7.373464533997,2.018655105726,1.6));
#824 = DIRECTION('',(-0.382683432365,0.923879532511,0.));
#825 = DIRECTION('',(-0.523404384043,-0.216801194476,-0.824041924199));
#826 = AXIS1_PLACEMENT('',#827,#828);
#827 = CARTESIAN_POINT('',(2.5,0.,0.));
#828 = DIRECTION('',(0.,0.,-1.));
#829 = ADVANCED_FACE('',(#830),#897,.T.);
#830 = FACE_BOUND('',#831,.T.);
#831 = EDGE_LOOP('',(#832,#845,#885,#896));
#832 = ORIENTED_EDGE('',*,*,#833,.T.);
#833 = EDGE_CURVE('',#733,#834,#836,.T.);
#834 = VERTEX_POINT('',#835);
#835 = CARTESIAN_POINT('',(7.119397662556,-1.913417161825,2.135020857149
    ));
#836 = B_SPLINE_CURVE_WITH_KNOTS('',7,(#837,#838,#839,#840,#841,#842,
    #843,#844),.UNSPECIFIED.,.F.,.F.,(8,8),(0.,1.),
  .PIECEWISE_BEZIER_KNOTS.);
#837 = CARTESIAN_POINT('',(7.045145369717,-1.882660855094,1.930661594627
    ));
#838 = CARTESIAN_POINT('',(7.06489214839,-1.890840238634,1.953632496511)
  );
#839 = CARTESIAN_POINT('',(7.082502031892,-1.898134491212,1.979738621942
    ));
#840 = CARTESIAN_POINT('',(7.097254566883,-1.904245191285,2.008601591381
    ));
#841 = CARTESIAN_POINT('',(7.108495682308,-1.90890141375,2.039539707501)
  );
#842 = CARTESIAN_POINT('',(7.115860106587,-1.911951858165,2.071547659525
    ));
#843 = CARTESIAN_POINT('',(7.119397662479,-1.913417161793,2.103644115501
    ));
#844 = CARTESIAN_POINT('',(7.119397662556,-1.913417161825,2.135020857149
    ));
#845 = ORIENTED_EDGE('',*,*,#846,.T.);
#846 = EDGE_CURVE('',#834,#847,#849,.T.);
#847 = VERTEX_POINT('',#848);
#848 = CARTESIAN_POINT('',(7.119397662556,1.913417161825,2.135020857149)
  );
#849 = B_SPLINE_CURVE_WITH_KNOTS('',12,(#850,#851,#852,#853,#854,#855,
    #856,#857,#858,#859,#860,#861,#862,#863,#864,#865,#866,#867,#868,
    #869,#870,#871,#872,#873,#874,#875,#876,#877,#878,#879,#880,#881,
    #882,#883,#884),.UNSPECIFIED.,.F.,.F.,(13,11,11,13),(-1.171231283167
    ,-3.876993946042E-16,27.488935718911,28.660167002077),
  .UNSPECIFIED.);
#850 = CARTESIAN_POINT('',(7.567608470092,-0.831340551471,2.135020857149
    ));
#851 = CARTESIAN_POINT('',(7.529998726783,-0.922138503845,2.135020857149
    ));
#852 = CARTESIAN_POINT('',(7.492436045779,-1.012822837762,2.135020857149
    ));
#853 = CARTESIAN_POINT('',(7.454920427082,-1.103393553223,2.135020857149
    ));
#854 = CARTESIAN_POINT('',(7.41745187069,-1.193850650228,2.135020857149)
  );
#855 = CARTESIAN_POINT('',(7.380030376603,-1.284194128775,2.135020857149
    ));
#856 = CARTESIAN_POINT('',(7.342655944822,-1.374423988867,2.135020857149
    ));
#857 = CARTESIAN_POINT('',(7.305328575347,-1.464540230501,2.135020857149
    ));
#858 = CARTESIAN_POINT('',(7.268048268178,-1.554542853679,2.135020857149
    ));
#859 = CARTESIAN_POINT('',(7.230815023314,-1.644431858401,2.135020857149
    ));
#860 = CARTESIAN_POINT('',(7.193628840756,-1.734207244665,2.135020857149
    ));
#861 = CARTESIAN_POINT('',(7.156489720503,-1.823869012474,2.135020857149
    ));
#862 = CARTESIAN_POINT('',(6.248842707922,-4.015122740097,2.135020857149
    ));
#863 = CARTESIAN_POINT('',(4.32138663606,-5.716779021404,2.135020820081)
  );
#864 = CARTESIAN_POINT('',(1.539129938893,-6.390920517957,2.135021346347
    ));
#865 = CARTESIAN_POINT('',(-1.444295453128,-5.513989403063,
    2.135019235411));
#866 = CARTESIAN_POINT('',(-3.665575663562,-3.325471120225,
    2.135023896749));
#867 = CARTESIAN_POINT('',(-4.778923381472,7.727152251391E-12,
    2.13501715527));
#868 = CARTESIAN_POINT('',(-3.665575663562,3.325471120211,2.135023896748
    ));
#869 = CARTESIAN_POINT('',(-1.444295453127,5.513989403073,2.135019235413
    ));
#870 = CARTESIAN_POINT('',(1.539129938893,6.390920517951,2.135021346346)
  );
#871 = CARTESIAN_POINT('',(4.321386636059,5.716779021407,2.135020820082)
  );
#872 = CARTESIAN_POINT('',(6.248842707922,4.015122740096,2.135020857149)
  );
#873 = CARTESIAN_POINT('',(7.156489720503,1.823869012474,2.135020857149)
  );
#874 = CARTESIAN_POINT('',(7.193628840756,1.734207244665,2.135020857149)
  );
#875 = CARTESIAN_POINT('',(7.230815023314,1.644431858401,2.135020857149)
  );
#876 = CARTESIAN_POINT('',(7.268048268178,1.554542853679,2.135020857149)
  );
#877 = CARTESIAN_POINT('',(7.305328575347,1.464540230501,2.135020857149)
  );
#878 = CARTESIAN_POINT('',(7.342655944822,1.374423988867,2.135020857149)
  );
#879 = CARTESIAN_POINT('',(7.380030376603,1.284194128775,2.135020857149)
  );
#880 = CARTESIAN_POINT('',(7.41745187069,1.193850650228,2.135020857149)
  );
#881 = CARTESIAN_POINT('',(7.454920427082,1.103393553223,2.135020857149)
  );
#882 = CARTESIAN_POINT('',(7.492436045779,1.012822837762,2.135020857149)
  );
#883 = CARTESIAN_POINT('',(7.529998726783,0.922138503845,2.135020857149)
  );
#884 = CARTESIAN_POINT('',(7.567608470092,0.831340551471,2.135020857149)
  );
#885 = ORIENTED_EDGE('',*,*,#886,.F.);
#886 = EDGE_CURVE('',#743,#847,#887,.T.);
#887 = B_SPLINE_CURVE_WITH_KNOTS('',7,(#888,#889,#890,#891,#892,#893,
    #894,#895),.UNSPECIFIED.,.F.,.F.,(8,8),(0.,1.),
  .PIECEWISE_BEZIER_KNOTS.);
#888 = CARTESIAN_POINT('',(7.045145369717,1.882660855094,1.930661594627)
  );
#889 = CARTESIAN_POINT('',(7.06489214839,1.890840238634,1.953632496511)
  );
#890 = CARTESIAN_POINT('',(7.082502031892,1.898134491212,1.979738621942)
  );
#891 = CARTESIAN_POINT('',(7.097254566883,1.904245191285,2.008601591381)
  );
#892 = CARTESIAN_POINT('',(7.108495682308,1.90890141375,2.039539707501)
  );
#893 = CARTESIAN_POINT('',(7.115860106587,1.911951858165,2.071547659525)
  );
#894 = CARTESIAN_POINT('',(7.119397662479,1.913417161793,2.103644115501)
  );
#895 = CARTESIAN_POINT('',(7.119397662556,1.913417161825,2.135020857149)
  );
#896 = ORIENTED_EDGE('',*,*,#751,.F.);
#897 = ( BOUNDED_SURFACE() B_SPLINE_SURFACE(2,12,(
    (#898,#899,#900,#901,#902,#903,#904,#905,#906,#907,#908,#909,#910
      ,#911,#912,#913,#914,#915,#916,#917,#918,#919,#920,#921,#922,#923
      ,#924,#925,#926,#927,#928,#929,#930,#931,#932)
    ,(#933,#934,#935,#936,#937,#938,#939,#940,#941,#942,#943,#944,#945
      ,#946,#947,#948,#949,#950,#951,#952,#953,#954,#955,#956,#957,#958
      ,#959,#960,#961,#962,#963,#964,#965,#966,#967)
    ,(#968,#969,#970,#971,#972,#973,#974,#975,#976,#977,#978,#979,#980
      ,#981,#982,#983,#984,#985,#986,#987,#988,#989,#990,#991,#992,#993
      ,#994,#995,#996,#997,#998,#999,#1000,#1001,#1002
)),.UNSPECIFIED.,.F.,.F.,.F.) B_SPLINE_SURFACE_WITH_KNOTS((3,3),(13,11,
    11,13),(0.,27.488935718911),(-1.171231283167,-3.876993946042E-16,
    27.488935718911,28.660167002077),.UNSPECIFIED.) 
GEOMETRIC_REPRESENTATION_ITEM() RATIONAL_B_SPLINE_SURFACE((
    (1.,1.,1.,1.,1.,1.,1.,1.,1.,1.,1.,1.,1.,1.,1.,1.,1.,1.,1.,1.,1.,1.
      ,1.,1.,1.,1.,1.,1.,1.,1.,1.,1.,1.,1.,1.)
    ,(0.93061798229,0.93061798229,0.93061798229,0.93061798229
      ,0.93061798229,0.93061798229,0.93061798229,0.93061798229
      ,0.93061798229,0.93061798229,0.93061798229,0.93061798229
      ,0.93061798229,0.930618018687,0.93061750194,0.930619574694
      ,0.930614997668,0.930621617212,0.930614997668,0.930619574694
      ,0.930617501939,0.930618018687,0.93061798229,0.93061798229
      ,0.93061798229,0.93061798229,0.93061798229,0.93061798229
      ,0.93061798229,0.93061798229,0.93061798229,0.93061798229
      ,0.93061798229,0.93061798229,0.93061798229)
    ,(1.,1.,1.,1.,1.,1.,1.,1.,1.,1.,1.,1.,1.,1.,1.,1.,1.,1.,1.,1.,1.,1.
,1.,1.,1.,1.,1.,1.,1.,1.,1.,1.,1.,1.,1.
))) REPRESENTATION_ITEM('') SURFACE() );
#898 = CARTESIAN_POINT('',(7.493356177252,-0.800584244739,1.930661594627
    ));
#899 = CARTESIAN_POINT('',(7.455150215442,-0.892821595904,1.930661594627
    ));
#900 = CARTESIAN_POINT('',(7.417099719302,-0.984683619741,1.930661594627
    ));
#901 = CARTESIAN_POINT('',(7.379204688831,-1.076170316251,1.930661594627
    ));
#902 = CARTESIAN_POINT('',(7.34146512403,-1.167281685433,1.930661594627)
  );
#903 = CARTESIAN_POINT('',(7.303881024898,-1.258017727287,1.930661594627
    ));
#904 = CARTESIAN_POINT('',(7.266452391435,-1.348378441813,1.930661594627
    ));
#905 = CARTESIAN_POINT('',(7.229179223642,-1.438363829013,1.930661594627
    ));
#906 = CARTESIAN_POINT('',(7.192061521518,-1.527973888884,1.930661594627
    ));
#907 = CARTESIAN_POINT('',(7.155099285063,-1.617208621428,1.930661594627
    ));
#908 = CARTESIAN_POINT('',(7.118292514278,-1.706068026644,1.930661594627
    ));
#909 = CARTESIAN_POINT('',(7.081641209163,-1.794552104533,1.930661594627
    ));
#910 = CARTESIAN_POINT('',(6.188583733291,-3.950583574763,1.930661594627
    ));
#911 = CARTESIAN_POINT('',(4.292055982718,-5.625078304015,1.930661601243
    ));
#912 = CARTESIAN_POINT('',(1.554180226796,-6.287903478681,1.930661507315
    ));
#913 = CARTESIAN_POINT('',(-1.379931640378,-5.425347598472,
    1.930661884075));
#914 = CARTESIAN_POINT('',(-3.567377513269,-3.272367528853,
    1.930661052118));
#915 = CARTESIAN_POINT('',(-4.661203210778,5.173639294753E-12,
    1.93066225534));
#916 = CARTESIAN_POINT('',(-3.56737751327,3.272367528844,1.930661052117)
  );
#917 = CARTESIAN_POINT('',(-1.379931640377,5.425347598479,1.930661884076
    ));
#918 = CARTESIAN_POINT('',(1.554180226795,6.287903478676,1.930661507314)
  );
#919 = CARTESIAN_POINT('',(4.292055982718,5.625078304018,1.930661601243)
  );
#920 = CARTESIAN_POINT('',(6.188583733291,3.950583574763,1.930661594627)
  );
#921 = CARTESIAN_POINT('',(7.081641209163,1.794552104533,1.930661594627)
  );
#922 = CARTESIAN_POINT('',(7.118292514278,1.706068026644,1.930661594627)
  );
#923 = CARTESIAN_POINT('',(7.155099285063,1.617208621428,1.930661594627)
  );
#924 = CARTESIAN_POINT('',(7.192061521518,1.527973888884,1.930661594627)
  );
#925 = CARTESIAN_POINT('',(7.229179223642,1.438363829013,1.930661594627)
  );
#926 = CARTESIAN_POINT('',(7.266452391435,1.348378441814,1.930661594627)
  );
#927 = CARTESIAN_POINT('',(7.303881024898,1.258017727287,1.930661594627)
  );
#928 = CARTESIAN_POINT('',(7.34146512403,1.167281685433,1.930661594627)
  );
#929 = CARTESIAN_POINT('',(7.379204688831,1.076170316251,1.930661594627)
  );
#930 = CARTESIAN_POINT('',(7.417099719302,0.984683619741,1.930661594627)
  );
#931 = CARTESIAN_POINT('',(7.455150215442,0.892821595904,1.930661594627)
  );
#932 = CARTESIAN_POINT('',(7.493356177252,0.800584244739,1.930661594627)
  );
#933 = CARTESIAN_POINT('',(7.567608470092,-0.831340551471,2.017037309501
    ));
#934 = CARTESIAN_POINT('',(7.529998726783,-0.922138503845,2.017037309501
    ));
#935 = CARTESIAN_POINT('',(7.492436045779,-1.012822837762,2.017037309501
    ));
#936 = CARTESIAN_POINT('',(7.454920427082,-1.103393553223,2.017037309501
    ));
#937 = CARTESIAN_POINT('',(7.41745187069,-1.193850650228,2.017037309501)
  );
#938 = CARTESIAN_POINT('',(7.380030376603,-1.284194128775,2.017037309501
    ));
#939 = CARTESIAN_POINT('',(7.342655944822,-1.374423988866,2.017037309501
    ));
#940 = CARTESIAN_POINT('',(7.305328575347,-1.464540230501,2.017037309501
    ));
#941 = CARTESIAN_POINT('',(7.268048268178,-1.554542853679,2.017037309501
    ));
#942 = CARTESIAN_POINT('',(7.230815023314,-1.644431858401,2.017037309501
    ));
#943 = CARTESIAN_POINT('',(7.193628840756,-1.734207244665,2.017037309501
    ));
#944 = CARTESIAN_POINT('',(7.156489720503,-1.823869012474,2.017037309501
    ));
#945 = CARTESIAN_POINT('',(6.248842707922,-4.015122740097,2.017037309501
    ));
#946 = CARTESIAN_POINT('',(4.32138636882,-5.71677872611,2.017037306882)
  );
#947 = CARTESIAN_POINT('',(1.539129840829,-6.390923320818,2.017037344063
    ));
#948 = CARTESIAN_POINT('',(-1.444289307924,-5.513981416389,
    2.017037194924));
#949 = CARTESIAN_POINT('',(-3.665594494268,-3.325480284288,
    2.017037524252));
#950 = CARTESIAN_POINT('',(-4.778896063018,9.378275933614E-12,
    2.017037047961));
#951 = CARTESIAN_POINT('',(-3.66559449427,3.325480284271,2.017037524251)
  );
#952 = CARTESIAN_POINT('',(-1.444289307922,5.5139814164,2.017037194924)
  );
#953 = CARTESIAN_POINT('',(1.539129840828,6.390923320812,2.017037344063)
  );
#954 = CARTESIAN_POINT('',(4.321386368819,5.716778726113,2.017037306882)
  );
#955 = CARTESIAN_POINT('',(6.248842707922,4.015122740096,2.017037309501)
  );
#956 = CARTESIAN_POINT('',(7.156489720503,1.823869012474,2.017037309501)
  );
#957 = CARTESIAN_POINT('',(7.193628840756,1.734207244665,2.017037309501)
  );
#958 = CARTESIAN_POINT('',(7.230815023314,1.644431858401,2.017037309501)
  );
#959 = CARTESIAN_POINT('',(7.268048268178,1.554542853679,2.017037309501)
  );
#960 = CARTESIAN_POINT('',(7.305328575347,1.464540230501,2.017037309501)
  );
#961 = CARTESIAN_POINT('',(7.342655944822,1.374423988867,2.017037309501)
  );
#962 = CARTESIAN_POINT('',(7.380030376603,1.284194128775,2.017037309501)
  );
#963 = CARTESIAN_POINT('',(7.417451870689,1.193850650228,2.017037309501)
  );
#964 = CARTESIAN_POINT('',(7.454920427082,1.103393553223,2.017037309501)
  );
#965 = CARTESIAN_POINT('',(7.492436045779,1.012822837762,2.017037309501)
  );
#966 = CARTESIAN_POINT('',(7.529998726783,0.922138503845,2.017037309501)
  );
#967 = CARTESIAN_POINT('',(7.567608470092,0.831340551471,2.017037309501)
  );
#968 = CARTESIAN_POINT('',(7.567608470092,-0.831340551471,2.135020857149
    ));
#969 = CARTESIAN_POINT('',(7.529998726783,-0.922138503845,2.135020857149
    ));
#970 = CARTESIAN_POINT('',(7.492436045779,-1.012822837762,2.135020857149
    ));
#971 = CARTESIAN_POINT('',(7.454920427082,-1.103393553223,2.135020857149
    ));
#972 = CARTESIAN_POINT('',(7.41745187069,-1.193850650228,2.135020857149)
  );
#973 = CARTESIAN_POINT('',(7.380030376603,-1.284194128775,2.135020857149
    ));
#974 = CARTESIAN_POINT('',(7.342655944822,-1.374423988867,2.135020857149
    ));
#975 = CARTESIAN_POINT('',(7.305328575347,-1.464540230501,2.135020857149
    ));
#976 = CARTESIAN_POINT('',(7.268048268178,-1.554542853679,2.135020857149
    ));
#977 = CARTESIAN_POINT('',(7.230815023314,-1.644431858401,2.135020857149
    ));
#978 = CARTESIAN_POINT('',(7.193628840756,-1.734207244665,2.135020857149
    ));
#979 = CARTESIAN_POINT('',(7.156489720503,-1.823869012474,2.135020857149
    ));
#980 = CARTESIAN_POINT('',(6.248842707922,-4.015122740097,2.135020857149
    ));
#981 = CARTESIAN_POINT('',(4.32138663606,-5.716779021404,2.135020820081)
  );
#982 = CARTESIAN_POINT('',(1.539129938893,-6.390920517957,2.135021346347
    ));
#983 = CARTESIAN_POINT('',(-1.444295453128,-5.513989403063,
    2.135019235411));
#984 = CARTESIAN_POINT('',(-3.665575663562,-3.325471120225,
    2.135023896749));
#985 = CARTESIAN_POINT('',(-4.778923381472,7.727152251391E-12,
    2.13501715527));
#986 = CARTESIAN_POINT('',(-3.665575663562,3.325471120211,2.135023896748
    ));
#987 = CARTESIAN_POINT('',(-1.444295453127,5.513989403073,2.135019235413
    ));
#988 = CARTESIAN_POINT('',(1.539129938893,6.390920517951,2.135021346346)
  );
#989 = CARTESIAN_POINT('',(4.321386636059,5.716779021407,2.135020820082)
  );
#990 = CARTESIAN_POINT('',(6.248842707922,4.015122740096,2.135020857149)
  );
#991 = CARTESIAN_POINT('',(7.156489720503,1.823869012474,2.135020857149)
  );
#992 = CARTESIAN_POINT('',(7.193628840756,1.734207244665,2.135020857149)
  );
#993 = CARTESIAN_POINT('',(7.230815023314,1.644431858401,2.135020857149)
  );
#994 = CARTESIAN_POINT('',(7.268048268178,1.554542853679,2.135020857149)
  );
#995 = CARTESIAN_POINT('',(7.305328575347,1.464540230501,2.135020857149)
  );
#996 = CARTESIAN_POINT('',(7.342655944822,1.374423988867,2.135020857149)
  );
#997 = CARTESIAN_POINT('',(7.380030376603,1.284194128775,2.135020857149)
  );
#998 = CARTESIAN_POINT('',(7.41745187069,1.193850650228,2.135020857149)
  );
#999 = CARTESIAN_POINT('',(7.454920427082,1.103393553223,2.135020857149)
  );
#1000 = CARTESIAN_POINT('',(7.492436045779,1.012822837762,2.135020857149
    ));
#1001 = CARTESIAN_POINT('',(7.529998726783,0.922138503845,2.135020857149
    ));
#1002 = CARTESIAN_POINT('',(7.567608470092,0.831340551471,2.135020857149
    ));
#1003 = ADVANCED_FACE('',(#1004),#1124,.T.);
#1004 = FACE_BOUND('',#1005,.T.);
#1005 = EDGE_LOOP('',(#1006,#1007,#1008,#1027,#1062,#1069,#1106,#1123));
#1006 = ORIENTED_EDGE('',*,*,#804,.F.);
#1007 = ORIENTED_EDGE('',*,*,#886,.T.);
#1008 = ORIENTED_EDGE('',*,*,#1009,.T.);
#1009 = EDGE_CURVE('',#847,#1010,#1012,.T.);
#1010 = VERTEX_POINT('',#1011);
#1011 = CARTESIAN_POINT('',(7.495050178989,0.222381469403,2.135020857149
    ));
#1012 = B_SPLINE_CURVE_WITH_KNOTS('',5,(#1013,#1014,#1015,#1016,#1017,
    #1018,#1019,#1020,#1021,#1022,#1023,#1024,#1025,#1026),
  .UNSPECIFIED.,.F.,.F.,(6,4,4,6),(-0.238826937805,-2.684273090679E-07,
    3.926991085414,4.165817386253),.UNSPECIFIED.);
#1013 = CARTESIAN_POINT('',(7.02800265205,2.134064235451,2.135020857149)
  );
#1014 = CARTESIAN_POINT('',(7.046281659523,2.089934807758,2.135020857149
    ));
#1015 = CARTESIAN_POINT('',(7.064560664227,2.04580538675,2.135020857149)
  );
#1016 = CARTESIAN_POINT('',(7.082839666162,2.001675972426,2.135020857149
    ));
#1017 = CARTESIAN_POINT('',(7.101118665327,1.957546564788,2.135020857149
    ));
#1018 = CARTESIAN_POINT('',(7.41995647701,1.187803996574,2.135020857149)
  );
#1019 = CARTESIAN_POINT('',(7.578077492132,0.403182514539,2.135020857149
    ));
#1020 = CARTESIAN_POINT('',(7.578078582592,-0.403179910909,
    2.135020857149));
#1021 = CARTESIAN_POINT('',(7.41995703187,-1.187802657022,2.135020857149
    ));
#1022 = CARTESIAN_POINT('',(7.101118659789,-1.957546578158,
    2.135020857149));
#1023 = CARTESIAN_POINT('',(7.082839657855,-2.001675992481,
    2.135020857149));
#1024 = CARTESIAN_POINT('',(7.06456065592,-2.045805406805,2.135020857149
    ));
#1025 = CARTESIAN_POINT('',(7.046281653985,-2.089934821128,
    2.135020857149));
#1026 = CARTESIAN_POINT('',(7.02800265205,-2.134064235451,2.135020857149
    ));
#1027 = ORIENTED_EDGE('',*,*,#1028,.T.);
#1028 = EDGE_CURVE('',#1010,#1029,#1031,.T.);
#1029 = VERTEX_POINT('',#1030);
#1030 = CARTESIAN_POINT('',(7.467895582059,9.999999999994E-04,2.));
#1031 = B_SPLINE_CURVE_WITH_KNOTS('',8,(#1032,#1033,#1034,#1035,#1036,
    #1037,#1038,#1039,#1040,#1041,#1042,#1043,#1044,#1045,#1046,#1047,
    #1048,#1049,#1050,#1051,#1052,#1053,#1054,#1055,#1056,#1057,#1058,
    #1059,#1060,#1061),.UNSPECIFIED.,.F.,.F.,(9,7,7,7,9),(0.,
    0.529131575039,0.753368185122,0.88148168042,1.),.UNSPECIFIED.);
#1032 = CARTESIAN_POINT('',(7.495050178989,0.222381469403,2.135020857149
    ));
#1033 = CARTESIAN_POINT('',(7.495297587967,0.216823839602,2.124226283838
    ));
#1034 = CARTESIAN_POINT('',(7.495127061487,0.210514124329,2.113449241367
    ));
#1035 = CARTESIAN_POINT('',(7.494540221694,0.20339933068,2.102725021374)
  );
#1036 = CARTESIAN_POINT('',(7.493542674744,0.195414539019,2.092097216091
    ));
#1037 = CARTESIAN_POINT('',(7.492146179169,0.186494407645,2.081616684564
    ));
#1038 = CARTESIAN_POINT('',(7.490372858803,0.176534258651,2.07134311485)
  );
#1039 = CARTESIAN_POINT('',(7.488256010154,0.165424303505,2.061339919197
    ));
#1040 = CARTESIAN_POINT('',(7.484825876412,0.147561524538,2.047590627146
    ));
#1041 = CARTESIAN_POINT('',(7.483753109903,0.141990519679,2.043563201254
    ));
#1042 = CARTESIAN_POINT('',(7.482632408315,0.136142680923,2.039605725668
    ));
#1043 = CARTESIAN_POINT('',(7.481468548367,0.129993132167,2.035725335915
    ));
#1044 = CARTESIAN_POINT('',(7.480267781858,0.123509505923,2.031931857162
    ));
#1045 = CARTESIAN_POINT('',(7.479038051018,0.116652879837,2.028237562142
    ));
#1046 = CARTESIAN_POINT('',(7.47778953365,0.109370919177,2.024657685846)
  );
#1047 = CARTESIAN_POINT('',(7.475820128431,9.711194888404E-02,
    2.019245274651));
#1048 = CARTESIAN_POINT('',(7.475103025691,9.248837308058E-02,
    2.017323020382));
#1049 = CARTESIAN_POINT('',(7.474387275972,8.767942674162E-02,
    2.015449613615));
#1050 = CARTESIAN_POINT('',(7.473675970505,8.266433624296E-02,
    2.013629811158));
#1051 = CARTESIAN_POINT('',(7.472973323409,7.741689627608E-02,
    2.011870634064));
#1052 = CARTESIAN_POINT('',(7.47228471189,7.19059807906E-02,
    2.010181217311));
#1053 = CARTESIAN_POINT('',(7.471617122438,6.609036029156E-02,
    2.008573576796));
#1054 = CARTESIAN_POINT('',(7.470392108823,5.416911681147E-02,
    2.005671398498));
#1055 = CARTESIAN_POINT('',(7.469839507501,4.820829975767E-02,
    2.004384503029));
#1056 = CARTESIAN_POINT('',(7.469319074382,4.187423776359E-02,
    2.003190329682));
#1057 = CARTESIAN_POINT('',(7.468838259815,3.504254471786E-02,
    2.002101956326));
#1058 = CARTESIAN_POINT('',(7.468415911202,2.761055062791E-02,
    2.001158274111));
#1059 = CARTESIAN_POINT('',(7.468085158468,1.949457575669E-02,
    2.000425854983));
#1060 = CARTESIAN_POINT('',(7.467893642391,1.063192520575E-02,2.));
#1061 = CARTESIAN_POINT('',(7.467895582059,9.999999999994E-04,2.));
#1062 = ORIENTED_EDGE('',*,*,#1063,.T.);
#1063 = EDGE_CURVE('',#1029,#1064,#1066,.T.);
#1064 = VERTEX_POINT('',#1065);
#1065 = CARTESIAN_POINT('',(7.467895582265,-1.000000000001E-03,2.));
#1066 = B_SPLINE_CURVE_WITH_KNOTS('',1,(#1067,#1068),.UNSPECIFIED.,.F.,
  .F.,(2,2),(0.,1.),.PIECEWISE_BEZIER_KNOTS.);
#1067 = CARTESIAN_POINT('',(7.467895582059,9.999999999994E-04,2.));
#1068 = CARTESIAN_POINT('',(7.467895582265,-1.000000000001E-03,2.));
#1069 = ORIENTED_EDGE('',*,*,#1070,.T.);
#1070 = EDGE_CURVE('',#1064,#1071,#1073,.T.);
#1071 = VERTEX_POINT('',#1072);
#1072 = CARTESIAN_POINT('',(7.495050222963,-0.222381469403,
    2.135020857149));
#1073 = B_SPLINE_CURVE_WITH_KNOTS('',7,(#1074,#1075,#1076,#1077,#1078,
    #1079,#1080,#1081,#1082,#1083,#1084,#1085,#1086,#1087,#1088,#1089,
    #1090,#1091,#1092,#1093,#1094,#1095,#1096,#1097,#1098,#1099,#1100,
    #1101,#1102,#1103,#1104,#1105),.UNSPECIFIED.,.F.,.F.,(8,6,6,6,6,8),(
    0.,7.331526460372E-02,0.131741480551,0.267302660105,0.509834088262,
    1.),.UNSPECIFIED.);
#1074 = CARTESIAN_POINT('',(7.467895582265,-1.000000000001E-03,2.));
#1075 = CARTESIAN_POINT('',(7.467894229484,-7.724453764933E-03,2.));
#1076 = CARTESIAN_POINT('',(7.467989084073,-1.422556976783E-02,
    2.000211876868));
#1077 = CARTESIAN_POINT('',(7.468168684378,-2.034498346479E-02,
    2.000610220835));
#1078 = CARTESIAN_POINT('',(7.468407727402,-2.604664008835E-02,
    2.001142415509));
#1079 = CARTESIAN_POINT('',(7.468687752338,-3.135459311732E-02,
    2.001770363893));
#1080 = CARTESIAN_POINT('',(7.468998920647,-3.634533576613E-02,
    2.002473570784));
#1081 = CARTESIAN_POINT('',(7.46961521455,-4.495565718151E-02,
    2.003879884704));
#1082 = CARTESIAN_POINT('',(7.469906272285,-4.861354032028E-02,
    2.004548389031));
#1083 = CARTESIAN_POINT('',(7.470211690626,-5.21318237516E-02,
    2.005255186473));
#1084 = CARTESIAN_POINT('',(7.470528960778,-5.552573535596E-02,
    2.005995552016));
#1085 = CARTESIAN_POINT('',(7.470856115338,-5.880744178268E-02,
    2.006765853375));
#1086 = CARTESIAN_POINT('',(7.471191555113,-6.198752402645E-02,
    2.007563194492));
#1087 = CARTESIAN_POINT('',(7.47232863965,-7.223891902664E-02,
    2.010293116738));
#1088 = CARTESIAN_POINT('',(7.473160579192,-7.8900175191E-02,
    2.012333436301));
#1089 = CARTESIAN_POINT('',(7.474013886406,-8.517210369758E-02,
    2.014478399989));
#1090 = CARTESIAN_POINT('',(7.474878697611,-9.110776000598E-02,
    2.016711635847));
#1091 = CARTESIAN_POINT('',(7.47574728717,-9.675366031927E-02,
    2.019020189816));
#1092 = CARTESIAN_POINT('',(7.476614363068,-0.102143203314,
    2.021395840556));
#1093 = CARTESIAN_POINT('',(7.47901761551,-0.116543867807,2.028194734103
    ));
#1094 = CARTESIAN_POINT('',(7.480539632561,-0.125043345235,
    2.032748129865));
#1095 = CARTESIAN_POINT('',(7.48201798359,-0.132964492609,2.037458216049
    ));
#1096 = CARTESIAN_POINT('',(7.483436676151,-0.140377231321,
    2.042301179449));
#1097 = CARTESIAN_POINT('',(7.484783510161,-0.147343575708,2.04725740319
    ));
#1098 = CARTESIAN_POINT('',(7.486049874087,-0.153905855044,
    2.052313261167));
#1099 = CARTESIAN_POINT('',(7.48961231549,-0.172623525386,2.067860967228
    ));
#1100 = CARTESIAN_POINT('',(7.491636215098,-0.18363075283,2.078617730776
    ));
#1101 = CARTESIAN_POINT('',(7.493244863821,-0.193416897944,
    2.089641694368));
#1102 = CARTESIAN_POINT('',(7.494404584384,-0.202090226351,
    2.100857712196));
#1103 = CARTESIAN_POINT('',(7.495096197924,-0.209760782055,
    2.112196249276));
#1104 = CARTESIAN_POINT('',(7.495311989307,-0.216501300574,
    2.123599816925));
#1105 = CARTESIAN_POINT('',(7.495050222963,-0.222381469403,
    2.135020857149));
#1106 = ORIENTED_EDGE('',*,*,#1107,.T.);
#1107 = EDGE_CURVE('',#1071,#834,#1108,.T.);
#1108 = B_SPLINE_CURVE_WITH_KNOTS('',5,(#1109,#1110,#1111,#1112,#1113,
    #1114,#1115,#1116,#1117,#1118,#1119,#1120,#1121,#1122),
  .UNSPECIFIED.,.F.,.F.,(6,4,4,6),(-0.238826937805,-2.684273090679E-07,
    3.926991085414,4.165817386253),.UNSPECIFIED.);
#1109 = CARTESIAN_POINT('',(7.02800265205,2.134064235451,2.135020857149)
  );
#1110 = CARTESIAN_POINT('',(7.046281659523,2.089934807758,2.135020857149
    ));
#1111 = CARTESIAN_POINT('',(7.064560664227,2.04580538675,2.135020857149)
  );
#1112 = CARTESIAN_POINT('',(7.082839666162,2.001675972426,2.135020857149
    ));
#1113 = CARTESIAN_POINT('',(7.101118665327,1.957546564788,2.135020857149
    ));
#1114 = CARTESIAN_POINT('',(7.41995647701,1.187803996574,2.135020857149)
  );
#1115 = CARTESIAN_POINT('',(7.578077492132,0.403182514539,2.135020857149
    ));
#1116 = CARTESIAN_POINT('',(7.578078582592,-0.403179910909,
    2.135020857149));
#1117 = CARTESIAN_POINT('',(7.41995703187,-1.187802657022,2.135020857149
    ));
#1118 = CARTESIAN_POINT('',(7.101118659789,-1.957546578158,
    2.135020857149));
#1119 = CARTESIAN_POINT('',(7.082839657855,-2.001675992481,
    2.135020857149));
#1120 = CARTESIAN_POINT('',(7.06456065592,-2.045805406805,2.135020857149
    ));
#1121 = CARTESIAN_POINT('',(7.046281653985,-2.089934821128,
    2.135020857149));
#1122 = CARTESIAN_POINT('',(7.02800265205,-2.134064235451,2.135020857149
    ));
#1123 = ORIENTED_EDGE('',*,*,#833,.F.);
#1124 = ( BOUNDED_SURFACE() B_SPLINE_SURFACE(2,5,(
    (#1125,#1126,#1127,#1128,#1129,#1130,#1131,#1132,#1133,#1134,#1135
      ,#1136,#1137,#1138)
    ,(#1139,#1140,#1141,#1142,#1143,#1144,#1145,#1146,#1147,#1148,#1149
      ,#1150,#1151,#1152)
    ,(#1153,#1154,#1155,#1156,#1157,#1158,#1159,#1160,#1161,#1162,#1163
      ,#1164,#1165,#1166
)),.UNSPECIFIED.,.F.,.F.,.F.) B_SPLINE_SURFACE_WITH_KNOTS((3,3),(6,4,4,6
    ),(0.,3.926991353841),(-0.238826937805,-2.684273090679E-07,
    3.926991085414,4.165817386253),.UNSPECIFIED.) 
GEOMETRIC_REPRESENTATION_ITEM() RATIONAL_B_SPLINE_SURFACE((
    (1.,1.,1.,1.,1.,1.,1.,1.,1.,1.,1.,1.,1.,1.)
    ,(0.93061798229,0.93061798229,0.93061798229,0.93061798229
      ,0.93061798229,0.93061798229,0.93061798229,0.93061798229
      ,0.93061798229,0.93061798229,0.93061798229,0.93061798229
      ,0.93061798229,0.93061798229)
,(1.,1.,1.,1.,1.,1.,1.,1.,1.,1.,1.,1.,1.,1.
))) REPRESENTATION_ITEM('') SURFACE() );
#1125 = CARTESIAN_POINT('',(6.953750361054,2.103307924813,1.930661594627
    ));
#1126 = CARTESIAN_POINT('',(6.972323185698,2.05846915961,1.930661594627)
  );
#1127 = CARTESIAN_POINT('',(6.990749098968,2.01398506984,1.930661594627)
  );
#1128 = CARTESIAN_POINT('',(7.009028100864,1.9698556555,1.930661594627)
  );
#1129 = CARTESIAN_POINT('',(7.027160191387,1.926080916593,1.930661594627
    ));
#1130 = CARTESIAN_POINT('',(7.340872992573,1.168711216348,1.930661594627
    ));
#1131 = CARTESIAN_POINT('',(7.496452374102,0.396701817373,1.930661594627
    ));
#1132 = CARTESIAN_POINT('',(7.496453425325,-0.396699322019,
    1.930661594627));
#1133 = CARTESIAN_POINT('',(7.340873556352,-1.168709855265,
    1.930661594627));
#1134 = CARTESIAN_POINT('',(7.027160184853,-1.926080932367,
    1.930661594627));
#1135 = CARTESIAN_POINT('',(7.009028091064,-1.969855679162,
    1.930661594627));
#1136 = CARTESIAN_POINT('',(6.990749089167,-2.013985093501,
    1.930661594627));
#1137 = CARTESIAN_POINT('',(6.972323179164,-2.058469175384,
    1.930661594627));
#1138 = CARTESIAN_POINT('',(6.953750361054,-2.103307924813,
    1.930661594627));
#1139 = CARTESIAN_POINT('',(7.02800265205,2.134064235451,2.017037309501)
  );
#1140 = CARTESIAN_POINT('',(7.046281659523,2.089934807758,2.017037309501
    ));
#1141 = CARTESIAN_POINT('',(7.064560664227,2.04580538675,2.017037309501)
  );
#1142 = CARTESIAN_POINT('',(7.082839666162,2.001675972426,2.017037309501
    ));
#1143 = CARTESIAN_POINT('',(7.101118665327,1.957546564788,2.017037309501
    ));
#1144 = CARTESIAN_POINT('',(7.41995647701,1.187803996574,2.017037309501)
  );
#1145 = CARTESIAN_POINT('',(7.578077492132,0.403182514539,2.017037309501
    ));
#1146 = CARTESIAN_POINT('',(7.578078582592,-0.403179910909,
    2.017037309501));
#1147 = CARTESIAN_POINT('',(7.41995703187,-1.187802657022,2.017037309501
    ));
#1148 = CARTESIAN_POINT('',(7.101118659789,-1.957546578158,
    2.017037309501));
#1149 = CARTESIAN_POINT('',(7.082839657855,-2.001675992481,
    2.017037309501));
#1150 = CARTESIAN_POINT('',(7.06456065592,-2.045805406805,2.017037309501
    ));
#1151 = CARTESIAN_POINT('',(7.046281653985,-2.089934821128,
    2.017037309501));
#1152 = CARTESIAN_POINT('',(7.02800265205,-2.134064235451,2.017037309501
    ));
#1153 = CARTESIAN_POINT('',(7.02800265205,2.134064235451,2.135020857149)
  );
#1154 = CARTESIAN_POINT('',(7.046281659523,2.089934807758,2.135020857149
    ));
#1155 = CARTESIAN_POINT('',(7.064560664227,2.04580538675,2.135020857149)
  );
#1156 = CARTESIAN_POINT('',(7.082839666162,2.001675972426,2.135020857149
    ));
#1157 = CARTESIAN_POINT('',(7.101118665327,1.957546564788,2.135020857149
    ));
#1158 = CARTESIAN_POINT('',(7.41995647701,1.187803996574,2.135020857149)
  );
#1159 = CARTESIAN_POINT('',(7.578077492132,0.403182514539,2.135020857149
    ));
#1160 = CARTESIAN_POINT('',(7.578078582592,-0.403179910909,
    2.135020857149));
#1161 = CARTESIAN_POINT('',(7.41995703187,-1.187802657022,2.135020857149
    ));
#1162 = CARTESIAN_POINT('',(7.101118659789,-1.957546578158,
    2.135020857149));
#1163 = CARTESIAN_POINT('',(7.082839657855,-2.001675992481,
    2.135020857149));
#1164 = CARTESIAN_POINT('',(7.06456065592,-2.045805406805,2.135020857149
    ));
#1165 = CARTESIAN_POINT('',(7.046281653985,-2.089934821128,
    2.135020857149));
#1166 = CARTESIAN_POINT('',(7.02800265205,-2.134064235451,2.135020857149
    ));
#1167 = ADVANCED_FACE('',(#1168),#1194,.T.);
#1168 = FACE_BOUND('',#1169,.T.);
#1169 = EDGE_LOOP('',(#1170,#1181,#1187,#1188));
#1170 = ORIENTED_EDGE('',*,*,#1171,.T.);
#1171 = EDGE_CURVE('',#1172,#1174,#1176,.T.);
#1172 = VERTEX_POINT('',#1173);
#1173 = CARTESIAN_POINT('',(7.119397662556,-1.913417161825,9.8));
#1174 = VERTEX_POINT('',#1175);
#1175 = CARTESIAN_POINT('',(7.119397662556,1.913417161825,9.8));
#1176 = CIRCLE('',#1177,5.);
#1177 = AXIS2_PLACEMENT_3D('',#1178,#1179,#1180);
#1178 = CARTESIAN_POINT('',(2.5,0.,9.8));
#1179 = DIRECTION('',(0.,0.,-1.));
#1180 = DIRECTION('',(0.923879532511,-0.382683432365,0.));
#1181 = ORIENTED_EDGE('',*,*,#1182,.F.);
#1182 = EDGE_CURVE('',#847,#1174,#1183,.T.);
#1183 = LINE('',#1184,#1185);
#1184 = CARTESIAN_POINT('',(7.119397662556,1.913417161825,2.));
#1185 = VECTOR('',#1186,1.);
#1186 = DIRECTION('',(0.,0.,1.));
#1187 = ORIENTED_EDGE('',*,*,#846,.F.);
#1188 = ORIENTED_EDGE('',*,*,#1189,.T.);
#1189 = EDGE_CURVE('',#834,#1172,#1190,.T.);
#1190 = LINE('',#1191,#1192);
#1191 = CARTESIAN_POINT('',(7.119397662556,-1.913417161825,2.));
#1192 = VECTOR('',#1193,1.);
#1193 = DIRECTION('',(0.,0.,1.));
#1194 = CYLINDRICAL_SURFACE('',#1195,5.);
#1195 = AXIS2_PLACEMENT_3D('',#1196,#1197,#1198);
#1196 = CARTESIAN_POINT('',(2.5,0.,2.));
#1197 = DIRECTION('',(0.,0.,1.));
#1198 = DIRECTION('',(0.923879532511,-0.382683432365,0.));
#1199 = ADVANCED_FACE('',(#1200,#1286),#1378,.T.);
#1200 = FACE_BOUND('',#1201,.T.);
#1201 = EDGE_LOOP('',(#1202,#1209,#1210,#1211,#1222,#1230,#1244,#1253,
    #1267,#1275,#1284,#1285));
#1202 = ORIENTED_EDGE('',*,*,#1203,.T.);
#1203 = EDGE_CURVE('',#1174,#1172,#1204,.T.);
#1204 = CIRCLE('',#1205,5.);
#1205 = AXIS2_PLACEMENT_3D('',#1206,#1207,#1208);
#1206 = CARTESIAN_POINT('',(2.5,0.,9.8));
#1207 = DIRECTION('',(0.,0.,-1.));
#1208 = DIRECTION('',(0.923879532511,0.382683432365,0.));
#1209 = ORIENTED_EDGE('',*,*,#1189,.F.);
#1210 = ORIENTED_EDGE('',*,*,#1107,.F.);
#1211 = ORIENTED_EDGE('',*,*,#1212,.T.);
#1212 = EDGE_CURVE('',#1071,#1213,#1215,.T.);
#1213 = VERTEX_POINT('',#1214);
#1214 = CARTESIAN_POINT('',(7.49374608886,-0.25,2.249));
#1215 = B_SPLINE_CURVE_WITH_KNOTS('',5,(#1216,#1217,#1218,#1219,#1220,
    #1221),.UNSPECIFIED.,.F.,.F.,(6,6),(0.,1.),
  .PIECEWISE_BEZIER_KNOTS.);
#1216 = CARTESIAN_POINT('',(7.495052213887,-0.222381160489,
    2.135020257149));
#1217 = CARTESIAN_POINT('',(7.494563923177,-0.23334898271,2.156322906933
    ));
#1218 = CARTESIAN_POINT('',(7.494163896259,-0.241656221279,
    2.178754170148));
#1219 = CARTESIAN_POINT('',(7.493885292331,-0.247218772451,
    2.201923810428));
#1220 = CARTESIAN_POINT('',(7.49374608886,-0.25,2.225463069594));
#1221 = CARTESIAN_POINT('',(7.49374608886,-0.25,2.249));
#1222 = ORIENTED_EDGE('',*,*,#1223,.T.);
#1223 = EDGE_CURVE('',#1213,#1224,#1226,.T.);
#1224 = VERTEX_POINT('',#1225);
#1225 = CARTESIAN_POINT('',(7.49374608886,-0.25,3.751));
#1226 = LINE('',#1227,#1228);
#1227 = CARTESIAN_POINT('',(7.49374608886,-0.25,2.));
#1228 = VECTOR('',#1229,1.);
#1229 = DIRECTION('',(0.,0.,1.));
#1230 = ORIENTED_EDGE('',*,*,#1231,.F.);
#1231 = EDGE_CURVE('',#1232,#1224,#1234,.T.);
#1232 = VERTEX_POINT('',#1233);
#1233 = CARTESIAN_POINT('',(7.4999999,-1.000000000001E-03,4.));
#1234 = B_SPLINE_CURVE_WITH_KNOTS('',8,(#1235,#1236,#1237,#1238,#1239,
    #1240,#1241,#1242,#1243),.UNSPECIFIED.,.F.,.F.,(9,9),(0.,1.),
  .PIECEWISE_BEZIER_KNOTS.);
#1235 = CARTESIAN_POINT('',(7.4999999,-1.000000000001E-03,4.));
#1236 = CARTESIAN_POINT('',(7.499989018823,-5.540588150831E-02,4.));
#1237 = CARTESIAN_POINT('',(7.499302058858,-0.107073318349,
    3.986413370238));
#1238 = CARTESIAN_POINT('',(7.498059230416,-0.152979870086,
    3.961639677108));
#1239 = CARTESIAN_POINT('',(7.496580099679,-0.191312597328,
    3.927958555586));
#1240 = CARTESIAN_POINT('',(7.495213244389,-0.220688926075,
    3.887697031689));
#1241 = CARTESIAN_POINT('',(7.494228849003,-0.240357958481,
    3.843186089555));
#1242 = CARTESIAN_POINT('',(7.49374608886,-0.25,3.796836183387));
#1243 = CARTESIAN_POINT('',(7.49374608886,-0.25,3.751));
#1244 = ORIENTED_EDGE('',*,*,#1245,.T.);
#1245 = EDGE_CURVE('',#1232,#1246,#1248,.T.);
#1246 = VERTEX_POINT('',#1247);
#1247 = CARTESIAN_POINT('',(7.4999999,9.999999999994E-04,4.));
#1248 = CIRCLE('',#1249,5.);
#1249 = AXIS2_PLACEMENT_3D('',#1250,#1251,#1252);
#1250 = CARTESIAN_POINT('',(2.5,0.,4.));
#1251 = DIRECTION('',(0.,0.,1.));
#1252 = DIRECTION('',(0.923879532511,0.382683432365,-0.));
#1253 = ORIENTED_EDGE('',*,*,#1254,.F.);
#1254 = EDGE_CURVE('',#1255,#1246,#1257,.T.);
#1255 = VERTEX_POINT('',#1256);
#1256 = CARTESIAN_POINT('',(7.49374608886,0.25,3.751));
#1257 = B_SPLINE_CURVE_WITH_KNOTS('',8,(#1258,#1259,#1260,#1261,#1262,
    #1263,#1264,#1265,#1266),.UNSPECIFIED.,.F.,.F.,(9,9),(0.,1.),
  .PIECEWISE_BEZIER_KNOTS.);
#1258 = CARTESIAN_POINT('',(7.49374608886,0.25,3.751));
#1259 = CARTESIAN_POINT('',(7.49374608886,0.25,3.796830413639));
#1260 = CARTESIAN_POINT('',(7.494228728765,0.24036039679,3.843180720046)
  );
#1261 = CARTESIAN_POINT('',(7.495213098755,0.220691663906,3.887697371081
    ));
#1262 = CARTESIAN_POINT('',(7.496580259654,0.191310832611,3.927965334112
    ));
#1263 = CARTESIAN_POINT('',(7.49805967795,0.152970763734,3.961648584304)
  );
#1264 = CARTESIAN_POINT('',(7.499302344202,0.107059270972,3.986419051254
    ));
#1265 = CARTESIAN_POINT('',(7.499989021087,5.539456201673E-02,4.));
#1266 = CARTESIAN_POINT('',(7.4999999,1.000000000001E-03,4.));
#1267 = ORIENTED_EDGE('',*,*,#1268,.F.);
#1268 = EDGE_CURVE('',#1269,#1255,#1271,.T.);
#1269 = VERTEX_POINT('',#1270);
#1270 = CARTESIAN_POINT('',(7.49374608886,0.25,2.249));
#1271 = LINE('',#1272,#1273);
#1272 = CARTESIAN_POINT('',(7.49374608886,0.25,2.));
#1273 = VECTOR('',#1274,1.);
#1274 = DIRECTION('',(0.,0.,1.));
#1275 = ORIENTED_EDGE('',*,*,#1276,.T.);
#1276 = EDGE_CURVE('',#1269,#1010,#1277,.T.);
#1277 = B_SPLINE_CURVE_WITH_KNOTS('',5,(#1278,#1279,#1280,#1281,#1282,
    #1283),.UNSPECIFIED.,.F.,.F.,(6,6),(0.,1.),
  .PIECEWISE_BEZIER_KNOTS.);
#1278 = CARTESIAN_POINT('',(7.49374608886,0.25,2.249));
#1279 = CARTESIAN_POINT('',(7.49374608886,0.25,2.225463007846));
#1280 = CARTESIAN_POINT('',(7.493885294059,0.24721876512,2.201923811304)
  );
#1281 = CARTESIAN_POINT('',(7.494163894093,0.241656226339,2.178754221584
    ));
#1282 = CARTESIAN_POINT('',(7.494563922381,0.233349000591,2.156322941664
    ));
#1283 = CARTESIAN_POINT('',(7.495052213887,0.222381160489,2.135020257149
    ));
#1284 = ORIENTED_EDGE('',*,*,#1009,.F.);
#1285 = ORIENTED_EDGE('',*,*,#1182,.T.);
#1286 = FACE_BOUND('',#1287,.T.);
#1287 = EDGE_LOOP('',(#1288,#1304,#1312,#1326,#1335,#1349,#1357,#1371));
#1288 = ORIENTED_EDGE('',*,*,#1289,.F.);
#1289 = EDGE_CURVE('',#1290,#1292,#1294,.T.);
#1290 = VERTEX_POINT('',#1291);
#1291 = CARTESIAN_POINT('',(7.49374608886,0.25,7.751));
#1292 = VERTEX_POINT('',#1293);
#1293 = CARTESIAN_POINT('',(7.4999999,9.999999999994E-04,8.));
#1294 = B_SPLINE_CURVE_WITH_KNOTS('',8,(#1295,#1296,#1297,#1298,#1299,
    #1300,#1301,#1302,#1303),.UNSPECIFIED.,.F.,.F.,(9,9),(0.,1.),
  .PIECEWISE_BEZIER_KNOTS.);
#1295 = CARTESIAN_POINT('',(7.49374608886,0.25,7.751));
#1296 = CARTESIAN_POINT('',(7.49374608886,0.25,7.796830413645));
#1297 = CARTESIAN_POINT('',(7.494228728765,0.240360396788,7.843180720032
    ));
#1298 = CARTESIAN_POINT('',(7.495213098755,0.220691663914,7.887697371087
    ));
#1299 = CARTESIAN_POINT('',(7.496580259655,0.191310832604,7.927965334119
    ));
#1300 = CARTESIAN_POINT('',(7.498059677949,0.152970763729,7.961648584295
    ));
#1301 = CARTESIAN_POINT('',(7.499302344203,0.107059270986,7.986419051257
    ));
#1302 = CARTESIAN_POINT('',(7.499989021087,5.539456200839E-02,8.));
#1303 = CARTESIAN_POINT('',(7.4999999,1.000000000001E-03,8.));
#1304 = ORIENTED_EDGE('',*,*,#1305,.F.);
#1305 = EDGE_CURVE('',#1306,#1290,#1308,.T.);
#1306 = VERTEX_POINT('',#1307);
#1307 = CARTESIAN_POINT('',(7.49374608886,0.25,6.249));
#1308 = LINE('',#1309,#1310);
#1309 = CARTESIAN_POINT('',(7.49374608886,0.25,2.));
#1310 = VECTOR('',#1311,1.);
#1311 = DIRECTION('',(0.,0.,1.));
#1312 = ORIENTED_EDGE('',*,*,#1313,.T.);
#1313 = EDGE_CURVE('',#1306,#1314,#1316,.T.);
#1314 = VERTEX_POINT('',#1315);
#1315 = CARTESIAN_POINT('',(7.4999999,9.999999999994E-04,6.));
#1316 = B_SPLINE_CURVE_WITH_KNOTS('',8,(#1317,#1318,#1319,#1320,#1321,
    #1322,#1323,#1324,#1325),.UNSPECIFIED.,.F.,.F.,(9,9),(0.,1.),
  .PIECEWISE_BEZIER_KNOTS.);
#1317 = CARTESIAN_POINT('',(7.49374608886,0.25,6.249));
#1318 = CARTESIAN_POINT('',(7.49374608886,0.25,6.203169586353));
#1319 = CARTESIAN_POINT('',(7.494228728765,0.240360396787,6.156819279971
    ));
#1320 = CARTESIAN_POINT('',(7.495213098755,0.220691663917,6.112302628913
    ));
#1321 = CARTESIAN_POINT('',(7.496580259655,0.1913108326,6.072034665876)
  );
#1322 = CARTESIAN_POINT('',(7.498059677949,0.15297076373,6.03835141571)
  );
#1323 = CARTESIAN_POINT('',(7.499302344203,0.10705927099,6.013580948741)
  );
#1324 = CARTESIAN_POINT('',(7.499989021087,5.539456200558E-02,6.));
#1325 = CARTESIAN_POINT('',(7.4999999,1.000000000001E-03,6.));
#1326 = ORIENTED_EDGE('',*,*,#1327,.F.);
#1327 = EDGE_CURVE('',#1328,#1314,#1330,.T.);
#1328 = VERTEX_POINT('',#1329);
#1329 = CARTESIAN_POINT('',(7.4999999,-1.000000000001E-03,6.));
#1330 = CIRCLE('',#1331,5.);
#1331 = AXIS2_PLACEMENT_3D('',#1332,#1333,#1334);
#1332 = CARTESIAN_POINT('',(2.5,0.,6.));
#1333 = DIRECTION('',(0.,0.,1.));
#1334 = DIRECTION('',(0.923879532511,0.382683432365,-0.));
#1335 = ORIENTED_EDGE('',*,*,#1336,.T.);
#1336 = EDGE_CURVE('',#1328,#1337,#1339,.T.);
#1337 = VERTEX_POINT('',#1338);
#1338 = CARTESIAN_POINT('',(7.49374608886,-0.25,6.249));
#1339 = B_SPLINE_CURVE_WITH_KNOTS('',8,(#1340,#1341,#1342,#1343,#1344,
    #1345,#1346,#1347,#1348),.UNSPECIFIED.,.F.,.F.,(9,9),(0.,1.),
  .PIECEWISE_BEZIER_KNOTS.);
#1340 = CARTESIAN_POINT('',(7.4999999,-1.000000000001E-03,6.));
#1341 = CARTESIAN_POINT('',(7.499989018823,-5.540588150702E-02,6.));
#1342 = CARTESIAN_POINT('',(7.499302058858,-0.10707331835,6.013586629761
    ));
#1343 = CARTESIAN_POINT('',(7.498059230416,-0.152979870089,
    6.038360322895));
#1344 = CARTESIAN_POINT('',(7.49658009968,-0.191312597324,6.072041444411
    ));
#1345 = CARTESIAN_POINT('',(7.495213244389,-0.220688926078,
    6.112302968311));
#1346 = CARTESIAN_POINT('',(7.494228849003,-0.24035795848,6.156813910446
    ));
#1347 = CARTESIAN_POINT('',(7.49374608886,-0.25,6.203163816612));
#1348 = CARTESIAN_POINT('',(7.49374608886,-0.25,6.249));
#1349 = ORIENTED_EDGE('',*,*,#1350,.T.);
#1350 = EDGE_CURVE('',#1337,#1351,#1353,.T.);
#1351 = VERTEX_POINT('',#1352);
#1352 = CARTESIAN_POINT('',(7.49374608886,-0.25,7.751));
#1353 = LINE('',#1354,#1355);
#1354 = CARTESIAN_POINT('',(7.49374608886,-0.25,2.));
#1355 = VECTOR('',#1356,1.);
#1356 = DIRECTION('',(0.,0.,1.));
#1357 = ORIENTED_EDGE('',*,*,#1358,.F.);
#1358 = EDGE_CURVE('',#1359,#1351,#1361,.T.);
#1359 = VERTEX_POINT('',#1360);
#1360 = CARTESIAN_POINT('',(7.4999999,-1.000000000001E-03,8.));
#1361 = B_SPLINE_CURVE_WITH_KNOTS('',8,(#1362,#1363,#1364,#1365,#1366,
    #1367,#1368,#1369,#1370),.UNSPECIFIED.,.F.,.F.,(9,9),(0.,1.),
  .PIECEWISE_BEZIER_KNOTS.);
#1362 = CARTESIAN_POINT('',(7.4999999,-1.000000000001E-03,8.));
#1363 = CARTESIAN_POINT('',(7.499989018823,-5.540588150768E-02,8.));
#1364 = CARTESIAN_POINT('',(7.499302058858,-0.107073318349,
    7.986413370239));
#1365 = CARTESIAN_POINT('',(7.498059230416,-0.152979870088,
    7.961639677106));
#1366 = CARTESIAN_POINT('',(7.496580099679,-0.191312597325,
    7.927958555588));
#1367 = CARTESIAN_POINT('',(7.495213244389,-0.220688926076,
    7.887697031689));
#1368 = CARTESIAN_POINT('',(7.494228849003,-0.240357958481,
    7.843186089555));
#1369 = CARTESIAN_POINT('',(7.49374608886,-0.25,7.796836183387));
#1370 = CARTESIAN_POINT('',(7.49374608886,-0.25,7.751));
#1371 = ORIENTED_EDGE('',*,*,#1372,.T.);
#1372 = EDGE_CURVE('',#1359,#1292,#1373,.T.);
#1373 = CIRCLE('',#1374,5.);
#1374 = AXIS2_PLACEMENT_3D('',#1375,#1376,#1377);
#1375 = CARTESIAN_POINT('',(2.5,0.,8.));
#1376 = DIRECTION('',(0.,0.,1.));
#1377 = DIRECTION('',(0.923879532511,0.382683432365,-0.));
#1378 = CYLINDRICAL_SURFACE('',#1379,5.);
#1379 = AXIS2_PLACEMENT_3D('',#1380,#1381,#1382);
#1380 = CARTESIAN_POINT('',(2.5,0.,2.));
#1381 = DIRECTION('',(0.,0.,1.));
#1382 = DIRECTION('',(0.923879532511,0.382683432365,-0.));
#1383 = ADVANCED_FACE('',(#1384),#1406,.T.);
#1384 = FACE_BOUND('',#1385,.T.);
#1385 = EDGE_LOOP('',(#1386,#1387,#1404,#1405));
#1386 = ORIENTED_EDGE('',*,*,#1028,.F.);
#1387 = ORIENTED_EDGE('',*,*,#1388,.T.);
#1388 = EDGE_CURVE('',#1010,#1071,#1389,.T.);
#1389 = B_SPLINE_CURVE_WITH_KNOTS('',5,(#1390,#1391,#1392,#1393,#1394,
    #1395,#1396,#1397,#1398,#1399,#1400,#1401,#1402,#1403),
  .UNSPECIFIED.,.F.,.F.,(6,4,4,6),(-0.238826937805,-2.684273090679E-07,
    3.926991085414,4.165817386253),.UNSPECIFIED.);
#1390 = CARTESIAN_POINT('',(7.02800265205,2.134064235451,2.135020857149)
  );
#1391 = CARTESIAN_POINT('',(7.046281659523,2.089934807758,2.135020857149
    ));
#1392 = CARTESIAN_POINT('',(7.064560664227,2.04580538675,2.135020857149)
  );
#1393 = CARTESIAN_POINT('',(7.082839666162,2.001675972426,2.135020857149
    ));
#1394 = CARTESIAN_POINT('',(7.101118665327,1.957546564788,2.135020857149
    ));
#1395 = CARTESIAN_POINT('',(7.41995647701,1.187803996574,2.135020857149)
  );
#1396 = CARTESIAN_POINT('',(7.578077492132,0.403182514539,2.135020857149
    ));
#1397 = CARTESIAN_POINT('',(7.578078582592,-0.403179910909,
    2.135020857149));
#1398 = CARTESIAN_POINT('',(7.41995703187,-1.187802657022,2.135020857149
    ));
#1399 = CARTESIAN_POINT('',(7.101118659789,-1.957546578158,
    2.135020857149));
#1400 = CARTESIAN_POINT('',(7.082839657855,-2.001675992481,
    2.135020857149));
#1401 = CARTESIAN_POINT('',(7.06456065592,-2.045805406805,2.135020857149
    ));
#1402 = CARTESIAN_POINT('',(7.046281653985,-2.089934821128,
    2.135020857149));
#1403 = CARTESIAN_POINT('',(7.02800265205,-2.134064235451,2.135020857149
    ));
#1404 = ORIENTED_EDGE('',*,*,#1070,.F.);
#1405 = ORIENTED_EDGE('',*,*,#1063,.F.);
#1406 = ( BOUNDED_SURFACE() B_SPLINE_SURFACE(2,5,(
    (#1407,#1408,#1409,#1410,#1411,#1412,#1413,#1414,#1415,#1416,#1417
      ,#1418,#1419,#1420)
    ,(#1421,#1422,#1423,#1424,#1425,#1426,#1427,#1428,#1429,#1430,#1431
      ,#1432,#1433,#1434)
    ,(#1435,#1436,#1437,#1438,#1439,#1440,#1441,#1442,#1443,#1444,#1445
      ,#1446,#1447,#1448
)),.UNSPECIFIED.,.F.,.F.,.F.) B_SPLINE_SURFACE_WITH_KNOTS((3,3),(6,4,4,6
    ),(0.,3.926991353841),(-0.238826937805,-2.684273090679E-07,
    3.926991085414,4.165817386253),.UNSPECIFIED.) 
GEOMETRIC_REPRESENTATION_ITEM() RATIONAL_B_SPLINE_SURFACE((
    (1.,1.,1.,1.,1.,1.,1.,1.,1.,1.,1.,1.,1.,1.)
    ,(0.93061798229,0.93061798229,0.93061798229,0.93061798229
      ,0.93061798229,0.93061798229,0.93061798229,0.93061798229
      ,0.93061798229,0.93061798229,0.93061798229,0.93061798229
      ,0.93061798229,0.93061798229)
,(1.,1.,1.,1.,1.,1.,1.,1.,1.,1.,1.,1.,1.,1.
))) REPRESENTATION_ITEM('') SURFACE() );
#1407 = CARTESIAN_POINT('',(6.953750361054,2.103307924813,1.930661594627
    ));
#1408 = CARTESIAN_POINT('',(6.972323185698,2.05846915961,1.930661594627)
  );
#1409 = CARTESIAN_POINT('',(6.990749098968,2.01398506984,1.930661594627)
  );
#1410 = CARTESIAN_POINT('',(7.009028100864,1.9698556555,1.930661594627)
  );
#1411 = CARTESIAN_POINT('',(7.027160191387,1.926080916593,1.930661594627
    ));
#1412 = CARTESIAN_POINT('',(7.340872992573,1.168711216348,1.930661594627
    ));
#1413 = CARTESIAN_POINT('',(7.496452374102,0.396701817373,1.930661594627
    ));
#1414 = CARTESIAN_POINT('',(7.496453425325,-0.396699322019,
    1.930661594627));
#1415 = CARTESIAN_POINT('',(7.340873556352,-1.168709855265,
    1.930661594627));
#1416 = CARTESIAN_POINT('',(7.027160184853,-1.926080932367,
    1.930661594627));
#1417 = CARTESIAN_POINT('',(7.009028091064,-1.969855679162,
    1.930661594627));
#1418 = CARTESIAN_POINT('',(6.990749089167,-2.013985093501,
    1.930661594627));
#1419 = CARTESIAN_POINT('',(6.972323179164,-2.058469175384,
    1.930661594627));
#1420 = CARTESIAN_POINT('',(6.953750361054,-2.103307924813,
    1.930661594627));
#1421 = CARTESIAN_POINT('',(7.02800265205,2.134064235451,2.017037309501)
  );
#1422 = CARTESIAN_POINT('',(7.046281659523,2.089934807758,2.017037309501
    ));
#1423 = CARTESIAN_POINT('',(7.064560664227,2.04580538675,2.017037309501)
  );
#1424 = CARTESIAN_POINT('',(7.082839666162,2.001675972426,2.017037309501
    ));
#1425 = CARTESIAN_POINT('',(7.101118665327,1.957546564788,2.017037309501
    ));
#1426 = CARTESIAN_POINT('',(7.41995647701,1.187803996574,2.017037309501)
  );
#1427 = CARTESIAN_POINT('',(7.578077492132,0.403182514539,2.017037309501
    ));
#1428 = CARTESIAN_POINT('',(7.578078582592,-0.403179910909,
    2.017037309501));
#1429 = CARTESIAN_POINT('',(7.41995703187,-1.187802657022,2.017037309501
    ));
#1430 = CARTESIAN_POINT('',(7.101118659789,-1.957546578158,
    2.017037309501));
#1431 = CARTESIAN_POINT('',(7.082839657855,-2.001675992481,
    2.017037309501));
#1432 = CARTESIAN_POINT('',(7.06456065592,-2.045805406805,2.017037309501
    ));
#1433 = CARTESIAN_POINT('',(7.046281653985,-2.089934821128,
    2.017037309501));
#1434 = CARTESIAN_POINT('',(7.02800265205,-2.134064235451,2.017037309501
    ));
#1435 = CARTESIAN_POINT('',(7.02800265205,2.134064235451,2.135020857149)
  );
#1436 = CARTESIAN_POINT('',(7.046281659523,2.089934807758,2.135020857149
    ));
#1437 = CARTESIAN_POINT('',(7.064560664227,2.04580538675,2.135020857149)
  );
#1438 = CARTESIAN_POINT('',(7.082839666162,2.001675972426,2.135020857149
    ));
#1439 = CARTESIAN_POINT('',(7.101118665327,1.957546564788,2.135020857149
    ));
#1440 = CARTESIAN_POINT('',(7.41995647701,1.187803996574,2.135020857149)
  );
#1441 = CARTESIAN_POINT('',(7.578077492132,0.403182514539,2.135020857149
    ));
#1442 = CARTESIAN_POINT('',(7.578078582592,-0.403179910909,
    2.135020857149));
#1443 = CARTESIAN_POINT('',(7.41995703187,-1.187802657022,2.135020857149
    ));
#1444 = CARTESIAN_POINT('',(7.101118659789,-1.957546578158,
    2.135020857149));
#1445 = CARTESIAN_POINT('',(7.082839657855,-2.001675992481,
    2.135020857149));
#1446 = CARTESIAN_POINT('',(7.06456065592,-2.045805406805,2.135020857149
    ));
#1447 = CARTESIAN_POINT('',(7.046281653985,-2.089934821128,
    2.135020857149));
#1448 = CARTESIAN_POINT('',(7.02800265205,-2.134064235451,2.135020857149
    ));
#1449 = ADVANCED_FACE('',(#1450),#1478,.T.);
#1450 = FACE_BOUND('',#1451,.T.);
#1451 = EDGE_LOOP('',(#1452,#1461,#1470,#1477));
#1452 = ORIENTED_EDGE('',*,*,#1453,.T.);
#1453 = EDGE_CURVE('',#1172,#1454,#1456,.T.);
#1454 = VERTEX_POINT('',#1455);
#1455 = CARTESIAN_POINT('',(6.934621756054,-1.836880475352,10.));
#1456 = CIRCLE('',#1457,0.2);
#1457 = AXIS2_PLACEMENT_3D('',#1458,#1459,#1460);
#1458 = CARTESIAN_POINT('',(6.934621756054,-1.836880475352,9.8));
#1459 = DIRECTION('',(-0.382683432365,-0.923879532511,0.));
#1460 = DIRECTION('',(0.923879532511,-0.382683432365,0.));
#1461 = ORIENTED_EDGE('',*,*,#1462,.T.);
#1462 = EDGE_CURVE('',#1454,#1463,#1465,.T.);
#1463 = VERTEX_POINT('',#1464);
#1464 = CARTESIAN_POINT('',(6.934621756054,1.836880475352,10.));
#1465 = CIRCLE('',#1466,4.8);
#1466 = AXIS2_PLACEMENT_3D('',#1467,#1468,#1469);
#1467 = CARTESIAN_POINT('',(2.5,0.,10.));
#1468 = DIRECTION('',(0.,0.,-1.));
#1469 = DIRECTION('',(0.923879532511,-0.382683432365,0.));
#1470 = ORIENTED_EDGE('',*,*,#1471,.F.);
#1471 = EDGE_CURVE('',#1174,#1463,#1472,.T.);
#1472 = CIRCLE('',#1473,0.2);
#1473 = AXIS2_PLACEMENT_3D('',#1474,#1475,#1476);
#1474 = CARTESIAN_POINT('',(6.934621756054,1.836880475352,9.8));
#1475 = DIRECTION('',(0.382683432365,-0.923879532511,0.));
#1476 = DIRECTION('',(0.923879532511,0.382683432365,0.));
#1477 = ORIENTED_EDGE('',*,*,#1171,.F.);
#1478 = TOROIDAL_SURFACE('',#1479,4.8,0.2);
#1479 = AXIS2_PLACEMENT_3D('',#1480,#1481,#1482);
#1480 = CARTESIAN_POINT('',(2.5,0.,9.8));
#1481 = DIRECTION('',(0.,0.,1.));
#1482 = DIRECTION('',(0.923879532511,-0.382683432365,0.));
#1483 = ADVANCED_FACE('',(#1484),#1496,.T.);
#1484 = FACE_BOUND('',#1485,.T.);
#1485 = EDGE_LOOP('',(#1486,#1487,#1494,#1495));
#1486 = ORIENTED_EDGE('',*,*,#1471,.T.);
#1487 = ORIENTED_EDGE('',*,*,#1488,.T.);
#1488 = EDGE_CURVE('',#1463,#1454,#1489,.T.);
#1489 = CIRCLE('',#1490,4.8);
#1490 = AXIS2_PLACEMENT_3D('',#1491,#1492,#1493);
#1491 = CARTESIAN_POINT('',(2.5,0.,10.));
#1492 = DIRECTION('',(0.,0.,-1.));
#1493 = DIRECTION('',(0.923879532511,0.382683432365,0.));
#1494 = ORIENTED_EDGE('',*,*,#1453,.F.);
#1495 = ORIENTED_EDGE('',*,*,#1203,.F.);
#1496 = TOROIDAL_SURFACE('',#1497,4.8,0.2);
#1497 = AXIS2_PLACEMENT_3D('',#1498,#1499,#1500);
#1498 = CARTESIAN_POINT('',(2.5,0.,9.8));
#1499 = DIRECTION('',(0.,0.,1.));
#1500 = DIRECTION('',(0.923879532511,0.382683432365,-0.));
#1501 = ADVANCED_FACE('',(#1502),#1512,.T.);
#1502 = FACE_BOUND('',#1503,.T.);
#1503 = EDGE_LOOP('',(#1504,#1505,#1506,#1507,#1508,#1509,#1510,#1511));
#1504 = ORIENTED_EDGE('',*,*,#1268,.T.);
#1505 = ORIENTED_EDGE('',*,*,#1254,.T.);
#1506 = ORIENTED_EDGE('',*,*,#1245,.F.);
#1507 = ORIENTED_EDGE('',*,*,#1231,.T.);
#1508 = ORIENTED_EDGE('',*,*,#1223,.F.);
#1509 = ORIENTED_EDGE('',*,*,#1212,.F.);
#1510 = ORIENTED_EDGE('',*,*,#1388,.F.);
#1511 = ORIENTED_EDGE('',*,*,#1276,.F.);
#1512 = CYLINDRICAL_SURFACE('',#1513,5.);
#1513 = AXIS2_PLACEMENT_3D('',#1514,#1515,#1516);
#1514 = CARTESIAN_POINT('',(2.5,0.,2.));
#1515 = DIRECTION('',(0.,0.,1.));
#1516 = DIRECTION('',(0.923879532511,0.382683432365,-0.));
#1517 = ADVANCED_FACE('',(#1518),#1528,.T.);
#1518 = FACE_BOUND('',#1519,.T.);
#1519 = EDGE_LOOP('',(#1520,#1521,#1522,#1523,#1524,#1525,#1526,#1527));
#1520 = ORIENTED_EDGE('',*,*,#1289,.T.);
#1521 = ORIENTED_EDGE('',*,*,#1372,.F.);
#1522 = ORIENTED_EDGE('',*,*,#1358,.T.);
#1523 = ORIENTED_EDGE('',*,*,#1350,.F.);
#1524 = ORIENTED_EDGE('',*,*,#1336,.F.);
#1525 = ORIENTED_EDGE('',*,*,#1327,.T.);
#1526 = ORIENTED_EDGE('',*,*,#1313,.F.);
#1527 = ORIENTED_EDGE('',*,*,#1305,.T.);
#1528 = CYLINDRICAL_SURFACE('',#1529,5.);
#1529 = AXIS2_PLACEMENT_3D('',#1530,#1531,#1532);
#1530 = CARTESIAN_POINT('',(2.5,0.,2.));
#1531 = DIRECTION('',(0.,0.,1.));
#1532 = DIRECTION('',(0.923879532511,0.382683432365,-0.));
#1533 = ADVANCED_FACE('',(#1534),#1560,.F.);
#1534 = FACE_BOUND('',#1535,.F.);
#1535 = EDGE_LOOP('',(#1536,#1537,#1545,#1554));
#1536 = ORIENTED_EDGE('',*,*,#1462,.T.);
#1537 = ORIENTED_EDGE('',*,*,#1538,.T.);
#1538 = EDGE_CURVE('',#1463,#1539,#1541,.T.);
#1539 = VERTEX_POINT('',#1540);
#1540 = CARTESIAN_POINT('',(5.73357836379,1.339392013278,10.));
#1541 = LINE('',#1542,#1543);
#1542 = CARTESIAN_POINT('',(6.934621756054,1.836880475352,10.));
#1543 = VECTOR('',#1544,1.);
#1544 = DIRECTION('',(-0.923879532511,-0.382683432365,0.));
#1545 = ORIENTED_EDGE('',*,*,#1546,.F.);
#1546 = EDGE_CURVE('',#1547,#1539,#1549,.T.);
#1547 = VERTEX_POINT('',#1548);
#1548 = CARTESIAN_POINT('',(5.73357836379,-1.339392013278,10.));
#1549 = CIRCLE('',#1550,3.5);
#1550 = AXIS2_PLACEMENT_3D('',#1551,#1552,#1553);
#1551 = CARTESIAN_POINT('',(2.5,0.,10.));
#1552 = DIRECTION('',(0.,0.,-1.));
#1553 = DIRECTION('',(0.923879532511,-0.382683432365,0.));
#1554 = ORIENTED_EDGE('',*,*,#1555,.F.);
#1555 = EDGE_CURVE('',#1454,#1547,#1556,.T.);
#1556 = LINE('',#1557,#1558);
#1557 = CARTESIAN_POINT('',(6.934621756054,-1.836880475352,10.));
#1558 = VECTOR('',#1559,1.);
#1559 = DIRECTION('',(-0.923879532511,0.382683432365,0.));
#1560 = PLANE('',#1561);
#1561 = AXIS2_PLACEMENT_3D('',#1562,#1563,#1564);
#1562 = CARTESIAN_POINT('',(2.5,0.,10.));
#1563 = DIRECTION('',(0.,0.,-1.));
#1564 = DIRECTION('',(0.923879532511,-0.382683432365,0.));
#1565 = ADVANCED_FACE('',(#1566),#1578,.F.);
#1566 = FACE_BOUND('',#1567,.F.);
#1567 = EDGE_LOOP('',(#1568,#1569,#1570,#1577));
#1568 = ORIENTED_EDGE('',*,*,#1488,.T.);
#1569 = ORIENTED_EDGE('',*,*,#1555,.T.);
#1570 = ORIENTED_EDGE('',*,*,#1571,.F.);
#1571 = EDGE_CURVE('',#1539,#1547,#1572,.T.);
#1572 = CIRCLE('',#1573,3.5);
#1573 = AXIS2_PLACEMENT_3D('',#1574,#1575,#1576);
#1574 = CARTESIAN_POINT('',(2.5,0.,10.));
#1575 = DIRECTION('',(0.,0.,-1.));
#1576 = DIRECTION('',(0.923879532511,0.382683432365,0.));
#1577 = ORIENTED_EDGE('',*,*,#1538,.F.);
#1578 = PLANE('',#1579);
#1579 = AXIS2_PLACEMENT_3D('',#1580,#1581,#1582);
#1580 = CARTESIAN_POINT('',(2.5,0.,10.));
#1581 = DIRECTION('',(0.,0.,-1.));
#1582 = DIRECTION('',(0.923879532511,0.382683432365,0.));
#1583 = ADVANCED_FACE('',(#1584),#1721,.F.);
#1584 = FACE_BOUND('',#1585,.F.);
#1585 = EDGE_LOOP('',(#1586,#1594,#1595,#1603,#1612,#1620,#1629,#1637,
    #1646,#1654,#1663,#1672,#1680,#1689,#1697,#1706,#1714));
#1586 = ORIENTED_EDGE('',*,*,#1587,.F.);
#1587 = EDGE_CURVE('',#1547,#1588,#1590,.T.);
#1588 = VERTEX_POINT('',#1589);
#1589 = CARTESIAN_POINT('',(5.73357836379,-1.339392013278,9.9));
#1590 = LINE('',#1591,#1592);
#1591 = CARTESIAN_POINT('',(5.73357836379,-1.339392013278,10.));
#1592 = VECTOR('',#1593,1.);
#1593 = DIRECTION('',(0.,0.,-1.));
#1594 = ORIENTED_EDGE('',*,*,#1546,.T.);
#1595 = ORIENTED_EDGE('',*,*,#1596,.T.);
#1596 = EDGE_CURVE('',#1539,#1597,#1599,.T.);
#1597 = VERTEX_POINT('',#1598);
#1598 = CARTESIAN_POINT('',(5.73357836379,1.339392013278,9.9));
#1599 = LINE('',#1600,#1601);
#1600 = CARTESIAN_POINT('',(5.73357836379,1.339392013278,10.));
#1601 = VECTOR('',#1602,1.);
#1602 = DIRECTION('',(0.,0.,-1.));
#1603 = ORIENTED_EDGE('',*,*,#1604,.T.);
#1604 = EDGE_CURVE('',#1597,#1605,#1607,.T.);
#1605 = VERTEX_POINT('',#1606);
#1606 = CARTESIAN_POINT('',(2.55,3.499642838919,9.9));
#1607 = CIRCLE('',#1608,3.5);
#1608 = AXIS2_PLACEMENT_3D('',#1609,#1610,#1611);
#1609 = CARTESIAN_POINT('',(2.5,0.,9.9));
#1610 = DIRECTION('',(0.,0.,1.));
#1611 = DIRECTION('',(-1.,1.224646799147E-16,0.));
#1612 = ORIENTED_EDGE('',*,*,#1613,.T.);
#1613 = EDGE_CURVE('',#1605,#1614,#1616,.T.);
#1614 = VERTEX_POINT('',#1615);
#1615 = CARTESIAN_POINT('',(2.55,3.499642838919,9.8));
#1616 = LINE('',#1617,#1618);
#1617 = CARTESIAN_POINT('',(2.55,3.499642838919,9.7));
#1618 = VECTOR('',#1619,1.);
#1619 = DIRECTION('',(0.,0.,-1.));
#1620 = ORIENTED_EDGE('',*,*,#1621,.F.);
#1621 = EDGE_CURVE('',#1622,#1614,#1624,.T.);
#1622 = VERTEX_POINT('',#1623);
#1623 = CARTESIAN_POINT('',(2.45,3.499642838919,9.8));
#1624 = CIRCLE('',#1625,3.5);
#1625 = AXIS2_PLACEMENT_3D('',#1626,#1627,#1628);
#1626 = CARTESIAN_POINT('',(2.5,0.,9.8));
#1627 = DIRECTION('',(0.,0.,-1.));
#1628 = DIRECTION('',(-1.,1.224646799147E-16,0.));
#1629 = ORIENTED_EDGE('',*,*,#1630,.F.);
#1630 = EDGE_CURVE('',#1631,#1622,#1633,.T.);
#1631 = VERTEX_POINT('',#1632);
#1632 = CARTESIAN_POINT('',(2.45,3.499642838919,9.9));
#1633 = LINE('',#1634,#1635);
#1634 = CARTESIAN_POINT('',(2.45,3.499642838919,9.7));
#1635 = VECTOR('',#1636,1.);
#1636 = DIRECTION('',(0.,0.,-1.));
#1637 = ORIENTED_EDGE('',*,*,#1638,.T.);
#1638 = EDGE_CURVE('',#1631,#1639,#1641,.T.);
#1639 = VERTEX_POINT('',#1640);
#1640 = CARTESIAN_POINT('',(-0.999642838919,5.000000000006E-02,9.9));
#1641 = CIRCLE('',#1642,3.5);
#1642 = AXIS2_PLACEMENT_3D('',#1643,#1644,#1645);
#1643 = CARTESIAN_POINT('',(2.5,0.,9.9));
#1644 = DIRECTION('',(0.,0.,1.));
#1645 = DIRECTION('',(-1.,1.224646799147E-16,0.));
#1646 = ORIENTED_EDGE('',*,*,#1647,.T.);
#1647 = EDGE_CURVE('',#1639,#1648,#1650,.T.);
#1648 = VERTEX_POINT('',#1649);
#1649 = CARTESIAN_POINT('',(-0.999642838919,5.E-02,9.8));
#1650 = LINE('',#1651,#1652);
#1651 = CARTESIAN_POINT('',(-0.999642838919,5.E-02,9.7));
#1652 = VECTOR('',#1653,1.);
#1653 = DIRECTION('',(0.,0.,-1.));
#1654 = ORIENTED_EDGE('',*,*,#1655,.F.);
#1655 = EDGE_CURVE('',#1656,#1648,#1658,.T.);
#1656 = VERTEX_POINT('',#1657);
#1657 = CARTESIAN_POINT('',(-1.,4.286263797016E-16,9.8));
#1658 = CIRCLE('',#1659,3.5);
#1659 = AXIS2_PLACEMENT_3D('',#1660,#1661,#1662);
#1660 = CARTESIAN_POINT('',(2.5,0.,9.8));
#1661 = DIRECTION('',(0.,0.,-1.));
#1662 = DIRECTION('',(-1.,1.224646799147E-16,0.));
#1663 = ORIENTED_EDGE('',*,*,#1664,.F.);
#1664 = EDGE_CURVE('',#1665,#1656,#1667,.T.);
#1665 = VERTEX_POINT('',#1666);
#1666 = CARTESIAN_POINT('',(-0.999642838919,-5.E-02,9.8));
#1667 = CIRCLE('',#1668,3.5);
#1668 = AXIS2_PLACEMENT_3D('',#1669,#1670,#1671);
#1669 = CARTESIAN_POINT('',(2.5,0.,9.8));
#1670 = DIRECTION('',(0.,0.,-1.));
#1671 = DIRECTION('',(-1.,1.224646799147E-16,0.));
#1672 = ORIENTED_EDGE('',*,*,#1673,.F.);
#1673 = EDGE_CURVE('',#1674,#1665,#1676,.T.);
#1674 = VERTEX_POINT('',#1675);
#1675 = CARTESIAN_POINT('',(-0.999642838919,-5.000000000007E-02,9.9));
#1676 = LINE('',#1677,#1678);
#1677 = CARTESIAN_POINT('',(-0.999642838919,-5.E-02,9.7));
#1678 = VECTOR('',#1679,1.);
#1679 = DIRECTION('',(0.,0.,-1.));
#1680 = ORIENTED_EDGE('',*,*,#1681,.T.);
#1681 = EDGE_CURVE('',#1674,#1682,#1684,.T.);
#1682 = VERTEX_POINT('',#1683);
#1683 = CARTESIAN_POINT('',(2.45,-3.499642838919,9.9));
#1684 = CIRCLE('',#1685,3.5);
#1685 = AXIS2_PLACEMENT_3D('',#1686,#1687,#1688);
#1686 = CARTESIAN_POINT('',(2.5,0.,9.9));
#1687 = DIRECTION('',(0.,0.,1.));
#1688 = DIRECTION('',(-1.,1.224646799147E-16,0.));
#1689 = ORIENTED_EDGE('',*,*,#1690,.T.);
#1690 = EDGE_CURVE('',#1682,#1691,#1693,.T.);
#1691 = VERTEX_POINT('',#1692);
#1692 = CARTESIAN_POINT('',(2.45,-3.499642838919,9.8));
#1693 = LINE('',#1694,#1695);
#1694 = CARTESIAN_POINT('',(2.45,-3.499642838919,9.7));
#1695 = VECTOR('',#1696,1.);
#1696 = DIRECTION('',(0.,0.,-1.));
#1697 = ORIENTED_EDGE('',*,*,#1698,.F.);
#1698 = EDGE_CURVE('',#1699,#1691,#1701,.T.);
#1699 = VERTEX_POINT('',#1700);
#1700 = CARTESIAN_POINT('',(2.55,-3.499642838919,9.8));
#1701 = CIRCLE('',#1702,3.5);
#1702 = AXIS2_PLACEMENT_3D('',#1703,#1704,#1705);
#1703 = CARTESIAN_POINT('',(2.5,0.,9.8));
#1704 = DIRECTION('',(0.,0.,-1.));
#1705 = DIRECTION('',(-1.,1.224646799147E-16,0.));
#1706 = ORIENTED_EDGE('',*,*,#1707,.F.);
#1707 = EDGE_CURVE('',#1708,#1699,#1710,.T.);
#1708 = VERTEX_POINT('',#1709);
#1709 = CARTESIAN_POINT('',(2.55,-3.499642838919,9.9));
#1710 = LINE('',#1711,#1712);
#1711 = CARTESIAN_POINT('',(2.55,-3.499642838919,9.7));
#1712 = VECTOR('',#1713,1.);
#1713 = DIRECTION('',(0.,0.,-1.));
#1714 = ORIENTED_EDGE('',*,*,#1715,.T.);
#1715 = EDGE_CURVE('',#1708,#1588,#1716,.T.);
#1716 = CIRCLE('',#1717,3.5);
#1717 = AXIS2_PLACEMENT_3D('',#1718,#1719,#1720);
#1718 = CARTESIAN_POINT('',(2.5,0.,9.9));
#1719 = DIRECTION('',(0.,0.,1.));
#1720 = DIRECTION('',(-1.,1.224646799147E-16,0.));
#1721 = CYLINDRICAL_SURFACE('',#1722,3.5);
#1722 = AXIS2_PLACEMENT_3D('',#1723,#1724,#1725);
#1723 = CARTESIAN_POINT('',(2.5,0.,10.));
#1724 = DIRECTION('',(0.,0.,-1.));
#1725 = DIRECTION('',(0.923879532511,-0.382683432365,0.));
#1726 = ADVANCED_FACE('',(#1727),#1773,.F.);
#1727 = FACE_BOUND('',#1728,.F.);
#1728 = EDGE_LOOP('',(#1729,#1730,#1731,#1732,#1741,#1749,#1758,#1766));
#1729 = ORIENTED_EDGE('',*,*,#1596,.F.);
#1730 = ORIENTED_EDGE('',*,*,#1571,.T.);
#1731 = ORIENTED_EDGE('',*,*,#1587,.T.);
#1732 = ORIENTED_EDGE('',*,*,#1733,.T.);
#1733 = EDGE_CURVE('',#1588,#1734,#1736,.T.);
#1734 = VERTEX_POINT('',#1735);
#1735 = CARTESIAN_POINT('',(5.999642838919,-5.000000000009E-02,9.9));
#1736 = CIRCLE('',#1737,3.5);
#1737 = AXIS2_PLACEMENT_3D('',#1738,#1739,#1740);
#1738 = CARTESIAN_POINT('',(2.5,0.,9.9));
#1739 = DIRECTION('',(0.,0.,1.));
#1740 = DIRECTION('',(-1.,1.224646799147E-16,0.));
#1741 = ORIENTED_EDGE('',*,*,#1742,.T.);
#1742 = EDGE_CURVE('',#1734,#1743,#1745,.T.);
#1743 = VERTEX_POINT('',#1744);
#1744 = CARTESIAN_POINT('',(5.999642838919,-5.E-02,9.8));
#1745 = LINE('',#1746,#1747);
#1746 = CARTESIAN_POINT('',(5.999642838919,-5.E-02,9.7));
#1747 = VECTOR('',#1748,1.);
#1748 = DIRECTION('',(0.,0.,-1.));
#1749 = ORIENTED_EDGE('',*,*,#1750,.F.);
#1750 = EDGE_CURVE('',#1751,#1743,#1753,.T.);
#1751 = VERTEX_POINT('',#1752);
#1752 = CARTESIAN_POINT('',(5.999642838919,5.E-02,9.8));
#1753 = CIRCLE('',#1754,3.5);
#1754 = AXIS2_PLACEMENT_3D('',#1755,#1756,#1757);
#1755 = CARTESIAN_POINT('',(2.5,0.,9.8));
#1756 = DIRECTION('',(0.,0.,-1.));
#1757 = DIRECTION('',(-1.,1.224646799147E-16,0.));
#1758 = ORIENTED_EDGE('',*,*,#1759,.F.);
#1759 = EDGE_CURVE('',#1760,#1751,#1762,.T.);
#1760 = VERTEX_POINT('',#1761);
#1761 = CARTESIAN_POINT('',(5.999642838919,5.000000000009E-02,9.9));
#1762 = LINE('',#1763,#1764);
#1763 = CARTESIAN_POINT('',(5.999642838919,5.E-02,9.7));
#1764 = VECTOR('',#1765,1.);
#1765 = DIRECTION('',(0.,0.,-1.));
#1766 = ORIENTED_EDGE('',*,*,#1767,.T.);
#1767 = EDGE_CURVE('',#1760,#1597,#1768,.T.);
#1768 = CIRCLE('',#1769,3.5);
#1769 = AXIS2_PLACEMENT_3D('',#1770,#1771,#1772);
#1770 = CARTESIAN_POINT('',(2.5,0.,9.9));
#1771 = DIRECTION('',(0.,0.,1.));
#1772 = DIRECTION('',(-1.,1.224646799147E-16,0.));
#1773 = CYLINDRICAL_SURFACE('',#1774,3.5);
#1774 = AXIS2_PLACEMENT_3D('',#1775,#1776,#1777);
#1775 = CARTESIAN_POINT('',(2.5,0.,10.));
#1776 = DIRECTION('',(0.,0.,-1.));
#1777 = DIRECTION('',(0.923879532511,0.382683432365,0.));
#1778 = ADVANCED_FACE('',(#1779),#1797,.T.);
#1779 = FACE_BOUND('',#1780,.T.);
#1780 = EDGE_LOOP('',(#1781,#1789,#1790,#1791));
#1781 = ORIENTED_EDGE('',*,*,#1782,.F.);
#1782 = EDGE_CURVE('',#1708,#1783,#1785,.T.);
#1783 = VERTEX_POINT('',#1784);
#1784 = CARTESIAN_POINT('',(2.55,-5.E-02,9.9));
#1785 = LINE('',#1786,#1787);
#1786 = CARTESIAN_POINT('',(2.55,-10.05,9.9));
#1787 = VECTOR('',#1788,1.);
#1788 = DIRECTION('',(1.224646799147E-16,1.,0.));
#1789 = ORIENTED_EDGE('',*,*,#1715,.T.);
#1790 = ORIENTED_EDGE('',*,*,#1733,.T.);
#1791 = ORIENTED_EDGE('',*,*,#1792,.F.);
#1792 = EDGE_CURVE('',#1783,#1734,#1793,.T.);
#1793 = LINE('',#1794,#1795);
#1794 = CARTESIAN_POINT('',(2.55,-5.E-02,9.9));
#1795 = VECTOR('',#1796,1.);
#1796 = DIRECTION('',(1.,0.,-0.));
#1797 = PLANE('',#1798);
#1798 = AXIS2_PLACEMENT_3D('',#1799,#1800,#1801);
#1799 = CARTESIAN_POINT('',(2.5,0.,9.9));
#1800 = DIRECTION('',(0.,0.,1.));
#1801 = DIRECTION('',(-1.224646799147E-16,-1.,0.));
#1802 = ADVANCED_FACE('',(#1803),#1821,.F.);
#1803 = FACE_BOUND('',#1804,.F.);
#1804 = EDGE_LOOP('',(#1805,#1806,#1807,#1815));
#1805 = ORIENTED_EDGE('',*,*,#1782,.F.);
#1806 = ORIENTED_EDGE('',*,*,#1707,.T.);
#1807 = ORIENTED_EDGE('',*,*,#1808,.T.);
#1808 = EDGE_CURVE('',#1699,#1809,#1811,.T.);
#1809 = VERTEX_POINT('',#1810);
#1810 = CARTESIAN_POINT('',(2.55,-5.E-02,9.8));
#1811 = LINE('',#1812,#1813);
#1812 = CARTESIAN_POINT('',(2.55,-10.05,9.8));
#1813 = VECTOR('',#1814,1.);
#1814 = DIRECTION('',(1.224646799147E-16,1.,0.));
#1815 = ORIENTED_EDGE('',*,*,#1816,.F.);
#1816 = EDGE_CURVE('',#1783,#1809,#1817,.T.);
#1817 = LINE('',#1818,#1819);
#1818 = CARTESIAN_POINT('',(2.55,-5.E-02,9.9));
#1819 = VECTOR('',#1820,1.);
#1820 = DIRECTION('',(0.,0.,-1.));
#1821 = PLANE('',#1822);
#1822 = AXIS2_PLACEMENT_3D('',#1823,#1824,#1825);
#1823 = CARTESIAN_POINT('',(2.55,-10.05,9.9));
#1824 = DIRECTION('',(1.,0.,-0.));
#1825 = DIRECTION('',(0.,1.,0.));
#1826 = ADVANCED_FACE('',(#1827),#1845,.T.);
#1827 = FACE_BOUND('',#1828,.T.);
#1828 = EDGE_LOOP('',(#1829,#1830,#1831,#1839));
#1829 = ORIENTED_EDGE('',*,*,#1767,.T.);
#1830 = ORIENTED_EDGE('',*,*,#1604,.T.);
#1831 = ORIENTED_EDGE('',*,*,#1832,.F.);
#1832 = EDGE_CURVE('',#1833,#1605,#1835,.T.);
#1833 = VERTEX_POINT('',#1834);
#1834 = CARTESIAN_POINT('',(2.55,5.E-02,9.9));
#1835 = LINE('',#1836,#1837);
#1836 = CARTESIAN_POINT('',(2.55,5.E-02,9.9));
#1837 = VECTOR('',#1838,1.);
#1838 = DIRECTION('',(1.224646799147E-16,1.,0.));
#1839 = ORIENTED_EDGE('',*,*,#1840,.F.);
#1840 = EDGE_CURVE('',#1760,#1833,#1841,.T.);
#1841 = LINE('',#1842,#1843);
#1842 = CARTESIAN_POINT('',(12.55,5.E-02,9.9));
#1843 = VECTOR('',#1844,1.);
#1844 = DIRECTION('',(-1.,1.224646799147E-16,0.));
#1845 = PLANE('',#1846);
#1846 = AXIS2_PLACEMENT_3D('',#1847,#1848,#1849);
#1847 = CARTESIAN_POINT('',(2.5,0.,9.9));
#1848 = DIRECTION('',(0.,0.,1.));
#1849 = DIRECTION('',(-1.224646799147E-16,-1.,0.));
#1850 = ADVANCED_FACE('',(#1851),#1907,.T.);
#1851 = FACE_BOUND('',#1852,.T.);
#1852 = EDGE_LOOP('',(#1853,#1861,#1867,#1868,#1869,#1875,#1876,#1884,
    #1890,#1891,#1899,#1905,#1906));
#1853 = ORIENTED_EDGE('',*,*,#1854,.T.);
#1854 = EDGE_CURVE('',#1665,#1855,#1857,.T.);
#1855 = VERTEX_POINT('',#1856);
#1856 = CARTESIAN_POINT('',(2.45,-5.E-02,9.8));
#1857 = LINE('',#1858,#1859);
#1858 = CARTESIAN_POINT('',(-7.55,-5.E-02,9.8));
#1859 = VECTOR('',#1860,1.);
#1860 = DIRECTION('',(1.,0.,-0.));
#1861 = ORIENTED_EDGE('',*,*,#1862,.T.);
#1862 = EDGE_CURVE('',#1855,#1691,#1863,.T.);
#1863 = LINE('',#1864,#1865);
#1864 = CARTESIAN_POINT('',(2.45,-5.E-02,9.8));
#1865 = VECTOR('',#1866,1.);
#1866 = DIRECTION('',(-1.224646799147E-16,-1.,-5.341514587755E-32));
#1867 = ORIENTED_EDGE('',*,*,#1698,.F.);
#1868 = ORIENTED_EDGE('',*,*,#1808,.T.);
#1869 = ORIENTED_EDGE('',*,*,#1870,.T.);
#1870 = EDGE_CURVE('',#1809,#1743,#1871,.T.);
#1871 = LINE('',#1872,#1873);
#1872 = CARTESIAN_POINT('',(2.55,-5.E-02,9.8));
#1873 = VECTOR('',#1874,1.);
#1874 = DIRECTION('',(1.,0.,-0.));
#1875 = ORIENTED_EDGE('',*,*,#1750,.F.);
#1876 = ORIENTED_EDGE('',*,*,#1877,.T.);
#1877 = EDGE_CURVE('',#1751,#1878,#1880,.T.);
#1878 = VERTEX_POINT('',#1879);
#1879 = CARTESIAN_POINT('',(2.55,5.E-02,9.8));
#1880 = LINE('',#1881,#1882);
#1881 = CARTESIAN_POINT('',(12.55,5.E-02,9.8));
#1882 = VECTOR('',#1883,1.);
#1883 = DIRECTION('',(-1.,1.224646799147E-16,0.));
#1884 = ORIENTED_EDGE('',*,*,#1885,.T.);
#1885 = EDGE_CURVE('',#1878,#1614,#1886,.T.);
#1886 = LINE('',#1887,#1888);
#1887 = CARTESIAN_POINT('',(2.55,5.E-02,9.8));
#1888 = VECTOR('',#1889,1.);
#1889 = DIRECTION('',(1.224646799147E-16,1.,0.));
#1890 = ORIENTED_EDGE('',*,*,#1621,.F.);
#1891 = ORIENTED_EDGE('',*,*,#1892,.T.);
#1892 = EDGE_CURVE('',#1622,#1893,#1895,.T.);
#1893 = VERTEX_POINT('',#1894);
#1894 = CARTESIAN_POINT('',(2.45,5.E-02,9.8));
#1895 = LINE('',#1896,#1897);
#1896 = CARTESIAN_POINT('',(2.45,10.05,9.8));
#1897 = VECTOR('',#1898,1.);
#1898 = DIRECTION('',(-1.224646799147E-16,-1.,-5.341514587755E-32));
#1899 = ORIENTED_EDGE('',*,*,#1900,.T.);
#1900 = EDGE_CURVE('',#1893,#1648,#1901,.T.);
#1901 = LINE('',#1902,#1903);
#1902 = CARTESIAN_POINT('',(2.45,5.E-02,9.8));
#1903 = VECTOR('',#1904,1.);
#1904 = DIRECTION('',(-1.,1.224646799147E-16,0.));
#1905 = ORIENTED_EDGE('',*,*,#1655,.F.);
#1906 = ORIENTED_EDGE('',*,*,#1664,.F.);
#1907 = PLANE('',#1908);
#1908 = AXIS2_PLACEMENT_3D('',#1909,#1910,#1911);
#1909 = CARTESIAN_POINT('',(2.5,0.,9.8));
#1910 = DIRECTION('',(0.,0.,1.));
#1911 = DIRECTION('',(-1.,1.224646799147E-16,0.));
#1912 = ADVANCED_FACE('',(#1913),#1924,.F.);
#1913 = FACE_BOUND('',#1914,.F.);
#1914 = EDGE_LOOP('',(#1915,#1916,#1922,#1923));
#1915 = ORIENTED_EDGE('',*,*,#1832,.F.);
#1916 = ORIENTED_EDGE('',*,*,#1917,.T.);
#1917 = EDGE_CURVE('',#1833,#1878,#1918,.T.);
#1918 = LINE('',#1919,#1920);
#1919 = CARTESIAN_POINT('',(2.55,5.E-02,9.9));
#1920 = VECTOR('',#1921,1.);
#1921 = DIRECTION('',(0.,0.,-1.));
#1922 = ORIENTED_EDGE('',*,*,#1885,.T.);
#1923 = ORIENTED_EDGE('',*,*,#1613,.F.);
#1924 = PLANE('',#1925);
#1925 = AXIS2_PLACEMENT_3D('',#1926,#1927,#1928);
#1926 = CARTESIAN_POINT('',(2.55,5.E-02,9.9));
#1927 = DIRECTION('',(1.,0.,-0.));
#1928 = DIRECTION('',(0.,1.,0.));
#1929 = ADVANCED_FACE('',(#1930),#1948,.F.);
#1930 = FACE_BOUND('',#1931,.F.);
#1931 = EDGE_LOOP('',(#1932,#1940,#1946,#1947));
#1932 = ORIENTED_EDGE('',*,*,#1933,.F.);
#1933 = EDGE_CURVE('',#1934,#1682,#1936,.T.);
#1934 = VERTEX_POINT('',#1935);
#1935 = CARTESIAN_POINT('',(2.45,-5.E-02,9.9));
#1936 = LINE('',#1937,#1938);
#1937 = CARTESIAN_POINT('',(2.45,-5.E-02,9.9));
#1938 = VECTOR('',#1939,1.);
#1939 = DIRECTION('',(-1.224646799147E-16,-1.,-5.341514587755E-32));
#1940 = ORIENTED_EDGE('',*,*,#1941,.T.);
#1941 = EDGE_CURVE('',#1934,#1855,#1942,.T.);
#1942 = LINE('',#1943,#1944);
#1943 = CARTESIAN_POINT('',(2.45,-5.E-02,9.9));
#1944 = VECTOR('',#1945,1.);
#1945 = DIRECTION('',(0.,0.,-1.));
#1946 = ORIENTED_EDGE('',*,*,#1862,.T.);
#1947 = ORIENTED_EDGE('',*,*,#1690,.F.);
#1948 = PLANE('',#1949);
#1949 = AXIS2_PLACEMENT_3D('',#1950,#1951,#1952);
#1950 = CARTESIAN_POINT('',(2.45,-5.E-02,9.9));
#1951 = DIRECTION('',(-1.,1.224646799147E-16,0.));
#1952 = DIRECTION('',(-1.224646799147E-16,-1.,-5.341514587755E-32));
#1953 = ADVANCED_FACE('',(#1954),#1964,.T.);
#1954 = FACE_BOUND('',#1955,.T.);
#1955 = EDGE_LOOP('',(#1956,#1962,#1963));
#1956 = ORIENTED_EDGE('',*,*,#1957,.F.);
#1957 = EDGE_CURVE('',#1674,#1934,#1958,.T.);
#1958 = LINE('',#1959,#1960);
#1959 = CARTESIAN_POINT('',(-7.55,-5.E-02,9.9));
#1960 = VECTOR('',#1961,1.);
#1961 = DIRECTION('',(1.,0.,-0.));
#1962 = ORIENTED_EDGE('',*,*,#1681,.T.);
#1963 = ORIENTED_EDGE('',*,*,#1933,.F.);
#1964 = PLANE('',#1965);
#1965 = AXIS2_PLACEMENT_3D('',#1966,#1967,#1968);
#1966 = CARTESIAN_POINT('',(2.5,0.,9.9));
#1967 = DIRECTION('',(0.,0.,1.));
#1968 = DIRECTION('',(-1.224646799147E-16,-1.,0.));
#1969 = ADVANCED_FACE('',(#1970),#1988,.F.);
#1970 = FACE_BOUND('',#1971,.F.);
#1971 = EDGE_LOOP('',(#1972,#1980,#1981,#1982));
#1972 = ORIENTED_EDGE('',*,*,#1973,.F.);
#1973 = EDGE_CURVE('',#1631,#1974,#1976,.T.);
#1974 = VERTEX_POINT('',#1975);
#1975 = CARTESIAN_POINT('',(2.45,5.E-02,9.9));
#1976 = LINE('',#1977,#1978);
#1977 = CARTESIAN_POINT('',(2.45,10.05,9.9));
#1978 = VECTOR('',#1979,1.);
#1979 = DIRECTION('',(-1.224646799147E-16,-1.,-5.341514587755E-32));
#1980 = ORIENTED_EDGE('',*,*,#1630,.T.);
#1981 = ORIENTED_EDGE('',*,*,#1892,.T.);
#1982 = ORIENTED_EDGE('',*,*,#1983,.F.);
#1983 = EDGE_CURVE('',#1974,#1893,#1984,.T.);
#1984 = LINE('',#1985,#1986);
#1985 = CARTESIAN_POINT('',(2.45,5.E-02,9.9));
#1986 = VECTOR('',#1987,1.);
#1987 = DIRECTION('',(0.,0.,-1.));
#1988 = PLANE('',#1989);
#1989 = AXIS2_PLACEMENT_3D('',#1990,#1991,#1992);
#1990 = CARTESIAN_POINT('',(2.45,10.05,9.9));
#1991 = DIRECTION('',(-1.,1.224646799147E-16,0.));
#1992 = DIRECTION('',(-1.224646799147E-16,-1.,-5.341514587755E-32));
#1993 = ADVANCED_FACE('',(#1994),#2000,.F.);
#1994 = FACE_BOUND('',#1995,.F.);
#1995 = EDGE_LOOP('',(#1996,#1997,#1998,#1999));
#1996 = ORIENTED_EDGE('',*,*,#1957,.F.);
#1997 = ORIENTED_EDGE('',*,*,#1673,.T.);
#1998 = ORIENTED_EDGE('',*,*,#1854,.T.);
#1999 = ORIENTED_EDGE('',*,*,#1941,.F.);
#2000 = PLANE('',#2001);
#2001 = AXIS2_PLACEMENT_3D('',#2002,#2003,#2004);
#2002 = CARTESIAN_POINT('',(-7.55,-5.E-02,9.9));
#2003 = DIRECTION('',(-1.224646799147E-16,-1.,-5.341514587755E-32));
#2004 = DIRECTION('',(1.,-1.224646799147E-16,-6.541468742491E-48));
#2005 = ADVANCED_FACE('',(#2006),#2016,.T.);
#2006 = FACE_BOUND('',#2007,.T.);
#2007 = EDGE_LOOP('',(#2008,#2009,#2015));
#2008 = ORIENTED_EDGE('',*,*,#1638,.T.);
#2009 = ORIENTED_EDGE('',*,*,#2010,.F.);
#2010 = EDGE_CURVE('',#1974,#1639,#2011,.T.);
#2011 = LINE('',#2012,#2013);
#2012 = CARTESIAN_POINT('',(2.45,5.E-02,9.9));
#2013 = VECTOR('',#2014,1.);
#2014 = DIRECTION('',(-1.,1.224646799147E-16,0.));
#2015 = ORIENTED_EDGE('',*,*,#1973,.F.);
#2016 = PLANE('',#2017);
#2017 = AXIS2_PLACEMENT_3D('',#2018,#2019,#2020);
#2018 = CARTESIAN_POINT('',(2.5,0.,9.9));
#2019 = DIRECTION('',(0.,0.,1.));
#2020 = DIRECTION('',(-1.224646799147E-16,-1.,0.));
#2021 = ADVANCED_FACE('',(#2022),#2028,.F.);
#2022 = FACE_BOUND('',#2023,.F.);
#2023 = EDGE_LOOP('',(#2024,#2025,#2026,#2027));
#2024 = ORIENTED_EDGE('',*,*,#2010,.F.);
#2025 = ORIENTED_EDGE('',*,*,#1983,.T.);
#2026 = ORIENTED_EDGE('',*,*,#1900,.T.);
#2027 = ORIENTED_EDGE('',*,*,#1647,.F.);
#2028 = PLANE('',#2029);
#2029 = AXIS2_PLACEMENT_3D('',#2030,#2031,#2032);
#2030 = CARTESIAN_POINT('',(2.45,5.E-02,9.9));
#2031 = DIRECTION('',(1.224646799147E-16,1.,0.));
#2032 = DIRECTION('',(-1.,1.224646799147E-16,0.));
#2033 = ADVANCED_FACE('',(#2034),#2040,.F.);
#2034 = FACE_BOUND('',#2035,.F.);
#2035 = EDGE_LOOP('',(#2036,#2037,#2038,#2039));
#2036 = ORIENTED_EDGE('',*,*,#1840,.F.);
#2037 = ORIENTED_EDGE('',*,*,#1759,.T.);
#2038 = ORIENTED_EDGE('',*,*,#1877,.T.);
#2039 = ORIENTED_EDGE('',*,*,#1917,.F.);
#2040 = PLANE('',#2041);
#2041 = AXIS2_PLACEMENT_3D('',#2042,#2043,#2044);
#2042 = CARTESIAN_POINT('',(12.55,5.E-02,9.9));
#2043 = DIRECTION('',(1.224646799147E-16,1.,0.));
#2044 = DIRECTION('',(-1.,1.224646799147E-16,0.));
#2045 = ADVANCED_FACE('',(#2046),#2052,.F.);
#2046 = FACE_BOUND('',#2047,.F.);
#2047 = EDGE_LOOP('',(#2048,#2049,#2050,#2051));
#2048 = ORIENTED_EDGE('',*,*,#1792,.F.);
#2049 = ORIENTED_EDGE('',*,*,#1816,.T.);
#2050 = ORIENTED_EDGE('',*,*,#1870,.T.);
#2051 = ORIENTED_EDGE('',*,*,#1742,.F.);
#2052 = PLANE('',#2053);
#2053 = AXIS2_PLACEMENT_3D('',#2054,#2055,#2056);
#2054 = CARTESIAN_POINT('',(2.55,-5.E-02,9.9));
#2055 = DIRECTION('',(-1.224646799147E-16,-1.,-5.341514587755E-32));
#2056 = DIRECTION('',(1.,-1.224646799147E-16,-6.541468742491E-48));
#2057 = ORIENTED_CLOSED_SHELL('',*,#2058,.F.);
#2058 = CLOSED_SHELL('',(#2059,#2092,#2124,#2141,#2168));
#2059 = ADVANCED_FACE('',(#2060),#2087,.T.);
#2060 = FACE_BOUND('',#2061,.T.);
#2061 = EDGE_LOOP('',(#2062,#2073,#2081));
#2062 = ORIENTED_EDGE('',*,*,#2063,.T.);
#2063 = EDGE_CURVE('',#2064,#2066,#2068,.T.);
#2064 = VERTEX_POINT('',#2065);
#2065 = CARTESIAN_POINT('',(5.73357836379,1.339392013278,9.6));
#2066 = VERTEX_POINT('',#2067);
#2067 = CARTESIAN_POINT('',(5.73357836379,-1.339392013278,9.6));
#2068 = CIRCLE('',#2069,3.5);
#2069 = AXIS2_PLACEMENT_3D('',#2070,#2071,#2072);
#2070 = CARTESIAN_POINT('',(2.5,0.,9.6));
#2071 = DIRECTION('',(0.,0.,-1.));
#2072 = DIRECTION('',(0.923879532511,0.382683432365,0.));
#2073 = ORIENTED_EDGE('',*,*,#2074,.T.);
#2074 = EDGE_CURVE('',#2066,#2075,#2077,.T.);
#2075 = VERTEX_POINT('',#2076);
#2076 = CARTESIAN_POINT('',(2.5,0.,9.6));
#2077 = LINE('',#2078,#2079);
#2078 = CARTESIAN_POINT('',(5.73357836379,-1.339392013278,9.6));
#2079 = VECTOR('',#2080,1.);
#2080 = DIRECTION('',(-0.923879532511,0.382683432365,0.));
#2081 = ORIENTED_EDGE('',*,*,#2082,.F.);
#2082 = EDGE_CURVE('',#2064,#2075,#2083,.T.);
#2083 = LINE('',#2084,#2085);
#2084 = CARTESIAN_POINT('',(5.73357836379,1.339392013278,9.6));
#2085 = VECTOR('',#2086,1.);
#2086 = DIRECTION('',(-0.923879532511,-0.382683432365,0.));
#2087 = PLANE('',#2088);
#2088 = AXIS2_PLACEMENT_3D('',#2089,#2090,#2091);
#2089 = CARTESIAN_POINT('',(2.5,0.,9.6));
#2090 = DIRECTION('',(0.,0.,-1.));
#2091 = DIRECTION('',(0.923879532511,0.382683432365,0.));
#2092 = ADVANCED_FACE('',(#2093),#2119,.T.);
#2093 = FACE_BOUND('',#2094,.T.);
#2094 = EDGE_LOOP('',(#2095,#2103,#2112,#2118));
#2095 = ORIENTED_EDGE('',*,*,#2096,.F.);
#2096 = EDGE_CURVE('',#2097,#2064,#2099,.T.);
#2097 = VERTEX_POINT('',#2098);
#2098 = CARTESIAN_POINT('',(5.73357836379,1.339392013278,9.7));
#2099 = LINE('',#2100,#2101);
#2100 = CARTESIAN_POINT('',(5.73357836379,1.339392013278,10.));
#2101 = VECTOR('',#2102,1.);
#2102 = DIRECTION('',(0.,0.,-1.));
#2103 = ORIENTED_EDGE('',*,*,#2104,.F.);
#2104 = EDGE_CURVE('',#2105,#2097,#2107,.T.);
#2105 = VERTEX_POINT('',#2106);
#2106 = CARTESIAN_POINT('',(5.73357836379,-1.339392013278,9.7));
#2107 = CIRCLE('',#2108,3.5);
#2108 = AXIS2_PLACEMENT_3D('',#2109,#2110,#2111);
#2109 = CARTESIAN_POINT('',(2.5,0.,9.7));
#2110 = DIRECTION('',(0.,0.,1.));
#2111 = DIRECTION('',(-1.,1.224646799147E-16,0.));
#2112 = ORIENTED_EDGE('',*,*,#2113,.T.);
#2113 = EDGE_CURVE('',#2105,#2066,#2114,.T.);
#2114 = LINE('',#2115,#2116);
#2115 = CARTESIAN_POINT('',(5.73357836379,-1.339392013278,10.));
#2116 = VECTOR('',#2117,1.);
#2117 = DIRECTION('',(0.,0.,-1.));
#2118 = ORIENTED_EDGE('',*,*,#2063,.F.);
#2119 = CYLINDRICAL_SURFACE('',#2120,3.5);
#2120 = AXIS2_PLACEMENT_3D('',#2121,#2122,#2123);
#2121 = CARTESIAN_POINT('',(2.5,0.,10.));
#2122 = DIRECTION('',(0.,0.,-1.));
#2123 = DIRECTION('',(0.923879532511,0.382683432365,0.));
#2124 = ADVANCED_FACE('',(#2125),#2136,.T.);
#2125 = FACE_BOUND('',#2126,.T.);
#2126 = EDGE_LOOP('',(#2127,#2134,#2135));
#2127 = ORIENTED_EDGE('',*,*,#2128,.T.);
#2128 = EDGE_CURVE('',#2066,#2064,#2129,.T.);
#2129 = CIRCLE('',#2130,3.5);
#2130 = AXIS2_PLACEMENT_3D('',#2131,#2132,#2133);
#2131 = CARTESIAN_POINT('',(2.5,0.,9.6));
#2132 = DIRECTION('',(0.,0.,-1.));
#2133 = DIRECTION('',(0.923879532511,-0.382683432365,0.));
#2134 = ORIENTED_EDGE('',*,*,#2082,.T.);
#2135 = ORIENTED_EDGE('',*,*,#2074,.F.);
#2136 = PLANE('',#2137);
#2137 = AXIS2_PLACEMENT_3D('',#2138,#2139,#2140);
#2138 = CARTESIAN_POINT('',(2.5,0.,9.6));
#2139 = DIRECTION('',(0.,0.,-1.));
#2140 = DIRECTION('',(0.923879532511,-0.382683432365,0.));
#2141 = ADVANCED_FACE('',(#2142),#2163,.T.);
#2142 = FACE_BOUND('',#2143,.T.);
#2143 = EDGE_LOOP('',(#2144,#2145,#2154,#2161,#2162));
#2144 = ORIENTED_EDGE('',*,*,#2113,.F.);
#2145 = ORIENTED_EDGE('',*,*,#2146,.F.);
#2146 = EDGE_CURVE('',#2147,#2105,#2149,.T.);
#2147 = VERTEX_POINT('',#2148);
#2148 = CARTESIAN_POINT('',(-1.,4.286263797016E-16,9.7));
#2149 = CIRCLE('',#2150,3.5);
#2150 = AXIS2_PLACEMENT_3D('',#2151,#2152,#2153);
#2151 = CARTESIAN_POINT('',(2.5,0.,9.7));
#2152 = DIRECTION('',(0.,0.,1.));
#2153 = DIRECTION('',(-1.,1.224646799147E-16,0.));
#2154 = ORIENTED_EDGE('',*,*,#2155,.F.);
#2155 = EDGE_CURVE('',#2097,#2147,#2156,.T.);
#2156 = CIRCLE('',#2157,3.5);
#2157 = AXIS2_PLACEMENT_3D('',#2158,#2159,#2160);
#2158 = CARTESIAN_POINT('',(2.5,0.,9.7));
#2159 = DIRECTION('',(0.,0.,1.));
#2160 = DIRECTION('',(-1.,1.224646799147E-16,0.));
#2161 = ORIENTED_EDGE('',*,*,#2096,.T.);
#2162 = ORIENTED_EDGE('',*,*,#2128,.F.);
#2163 = CYLINDRICAL_SURFACE('',#2164,3.5);
#2164 = AXIS2_PLACEMENT_3D('',#2165,#2166,#2167);
#2165 = CARTESIAN_POINT('',(2.5,0.,10.));
#2166 = DIRECTION('',(0.,0.,-1.));
#2167 = DIRECTION('',(0.923879532511,-0.382683432365,0.));
#2168 = ADVANCED_FACE('',(#2169),#2174,.T.);
#2169 = FACE_BOUND('',#2170,.T.);
#2170 = EDGE_LOOP('',(#2171,#2172,#2173));
#2171 = ORIENTED_EDGE('',*,*,#2146,.T.);
#2172 = ORIENTED_EDGE('',*,*,#2104,.T.);
#2173 = ORIENTED_EDGE('',*,*,#2155,.T.);
#2174 = PLANE('',#2175);
#2175 = AXIS2_PLACEMENT_3D('',#2176,#2177,#2178);
#2176 = CARTESIAN_POINT('',(2.5,0.,9.7));
#2177 = DIRECTION('',(0.,0.,1.));
#2178 = DIRECTION('',(-1.224646799147E-16,-1.,0.));
#2179 = ( GEOMETRIC_REPRESENTATION_CONTEXT(3) 
GLOBAL_UNCERTAINTY_ASSIGNED_CONTEXT((#2183)) 
GLOBAL_UNIT_ASSIGNED_CONTEXT((#2180,#2181,#2182)) REPRESENTATION_CONTEXT
('Context #1','3D Context with UNIT and UNCERTAINTY') );
#2180 = ( LENGTH_UNIT() NAMED_UNIT(*) SI_UNIT(.MILLI.,.METRE.) );
#2181 = ( NAMED_UNIT(*) PLANE_ANGLE_UNIT() SI_UNIT($,.RADIAN.) );
#2182 = ( NAMED_UNIT(*) SI_UNIT($,.STERADIAN.) SOLID_ANGLE_UNIT() );
#2183 = UNCERTAINTY_MEASURE_WITH_UNIT(LENGTH_MEASURE(1.E-06),#2180,
  'distance_accuracy_value','confusion accuracy');
#2184 = CONTEXT_DEPENDENT_SHAPE_REPRESENTATION(#2185,#2187);
#2185 = ( REPRESENTATION_RELATIONSHIP('','',#108,#10) 
REPRESENTATION_RELATIONSHIP_WITH_TRANSFORMATION(#2186) 
SHAPE_REPRESENTATION_RELATIONSHIP() );
#2186 = ITEM_DEFINED_TRANSFORMATION('','',#11,#15);
#2187 = PRODUCT_DEFINITION_SHAPE('Placement','Placement of an item',
  #2188);
#2188 = NEXT_ASSEMBLY_USAGE_OCCURRENCE('1','C5','',#5,#103,$);
#2189 = PRODUCT_RELATED_PRODUCT_CATEGORY('part',$,(#105));
#2190 = SHAPE_DEFINITION_REPRESENTATION(#2191,#2197);
#2191 = PRODUCT_DEFINITION_SHAPE('','',#2192);
#2192 = PRODUCT_DEFINITION('design','',#2193,#2196);
#2193 = PRODUCT_DEFINITION_FORMATION('','',#2194);
#2194 = PRODUCT('LED_D3.0mm','LED_D3.0mm','',(#2195));
#2195 = PRODUCT_CONTEXT('',#2,'mechanical');
#2196 = PRODUCT_DEFINITION_CONTEXT('part definition',#2,'design');
#2197 = ADVANCED_BREP_SHAPE_REPRESENTATION('',(#11,#2198),#2657);
#2198 = MANIFOLD_SOLID_BREP('',#2199);
#2199 = CLOSED_SHELL('',(#2200,#2227,#2270,#2312,#2344,#2363,#2441,#2472
    ,#2496,#2520,#2537,#2568,#2592,#2616,#2633,#2645));
#2200 = ADVANCED_FACE('',(#2201),#2222,.T.);
#2201 = FACE_BOUND('',#2202,.T.);
#2202 = EDGE_LOOP('',(#2203,#2214,#2215));
#2203 = ORIENTED_EDGE('',*,*,#2204,.T.);
#2204 = EDGE_CURVE('',#2205,#2207,#2209,.T.);
#2205 = VERTEX_POINT('',#2206);
#2206 = CARTESIAN_POINT('',(2.77,-1.50990331349E-15,6.8));
#2207 = VERTEX_POINT('',#2208);
#2208 = CARTESIAN_POINT('',(1.27,-1.842970220878E-15,8.3));
#2209 = CIRCLE('',#2210,1.5);
#2210 = AXIS2_PLACEMENT_3D('',#2211,#2212,#2213);
#2211 = CARTESIAN_POINT('',(1.27,-1.50990331349E-15,6.8));
#2212 = DIRECTION('',(0.,-1.,-2.22044604925E-16));
#2213 = DIRECTION('',(1.,0.,0.));
#2214 = ORIENTED_EDGE('',*,*,#2204,.F.);
#2215 = ORIENTED_EDGE('',*,*,#2216,.F.);
#2216 = EDGE_CURVE('',#2205,#2205,#2217,.T.);
#2217 = CIRCLE('',#2218,1.5);
#2218 = AXIS2_PLACEMENT_3D('',#2219,#2220,#2221);
#2219 = CARTESIAN_POINT('',(1.27,-1.50990331349E-15,6.8));
#2220 = DIRECTION('',(0.,2.22044604925E-16,-1.));
#2221 = DIRECTION('',(1.,-0.,0.));
#2222 = SPHERICAL_SURFACE('',#2223,1.5);
#2223 = AXIS2_PLACEMENT_3D('',#2224,#2225,#2226);
#2224 = CARTESIAN_POINT('',(1.27,-1.50990331349E-15,6.8));
#2225 = DIRECTION('',(0.,0.,1.));
#2226 = DIRECTION('',(1.,0.,-0.));
#2227 = ADVANCED_FACE('',(#2228),#2265,.T.);
#2228 = FACE_BOUND('',#2229,.T.);
#2229 = EDGE_LOOP('',(#2230,#2238,#2239,#2240,#2249,#2258));
#2230 = ORIENTED_EDGE('',*,*,#2231,.F.);
#2231 = EDGE_CURVE('',#2205,#2232,#2234,.T.);
#2232 = VERTEX_POINT('',#2233);
#2233 = CARTESIAN_POINT('',(2.77,-8.881784197001E-16,4.));
#2234 = LINE('',#2235,#2236);
#2235 = CARTESIAN_POINT('',(2.77,-1.50990331349E-15,6.8));
#2236 = VECTOR('',#2237,1.);
#2237 = DIRECTION('',(0.,2.22044604925E-16,-1.));
#2238 = ORIENTED_EDGE('',*,*,#2216,.T.);
#2239 = ORIENTED_EDGE('',*,*,#2231,.T.);
#2240 = ORIENTED_EDGE('',*,*,#2241,.F.);
#2241 = EDGE_CURVE('',#2242,#2232,#2244,.T.);
#2242 = VERTEX_POINT('',#2243);
#2243 = CARTESIAN_POINT('',(-0.23,-1.091049232099E-15,4.));
#2244 = CIRCLE('',#2245,1.5);
#2245 = AXIS2_PLACEMENT_3D('',#2246,#2247,#2248);
#2246 = CARTESIAN_POINT('',(1.27,-8.881784197001E-16,4.));
#2247 = DIRECTION('',(0.,2.22044604925E-16,-1.));
#2248 = DIRECTION('',(1.,-0.,0.));
#2249 = ORIENTED_EDGE('',*,*,#2250,.F.);
#2250 = EDGE_CURVE('',#2251,#2242,#2253,.T.);
#2251 = VERTEX_POINT('',#2252);
#2252 = CARTESIAN_POINT('',(-0.23,-7.823615514024E-09,4.));
#2253 = CIRCLE('',#2254,1.5);
#2254 = AXIS2_PLACEMENT_3D('',#2255,#2256,#2257);
#2255 = CARTESIAN_POINT('',(1.27,-8.881784197001E-16,4.));
#2256 = DIRECTION('',(0.,2.22044604925E-16,-1.));
#2257 = DIRECTION('',(1.,-0.,0.));
#2258 = ORIENTED_EDGE('',*,*,#2259,.F.);
#2259 = EDGE_CURVE('',#2232,#2251,#2260,.T.);
#2260 = CIRCLE('',#2261,1.5);
#2261 = AXIS2_PLACEMENT_3D('',#2262,#2263,#2264);
#2262 = CARTESIAN_POINT('',(1.27,-8.881784197001E-16,4.));
#2263 = DIRECTION('',(0.,2.22044604925E-16,-1.));
#2264 = DIRECTION('',(1.,-0.,0.));
#2265 = CYLINDRICAL_SURFACE('',#2266,1.5);
#2266 = AXIS2_PLACEMENT_3D('',#2267,#2268,#2269);
#2267 = CARTESIAN_POINT('',(1.27,-1.50990331349E-15,6.8));
#2268 = DIRECTION('',(0.,2.22044604925E-16,-1.));
#2269 = DIRECTION('',(1.,-0.,0.));
#2270 = ADVANCED_FACE('',(#2271,#2302),#2307,.F.);
#2271 = FACE_BOUND('',#2272,.F.);
#2272 = EDGE_LOOP('',(#2273,#2284,#2290,#2296));
#2273 = ORIENTED_EDGE('',*,*,#2274,.F.);
#2274 = EDGE_CURVE('',#2275,#2277,#2279,.T.);
#2275 = VERTEX_POINT('',#2276);
#2276 = CARTESIAN_POINT('',(-0.23,-1.16619037897,4.));
#2277 = VERTEX_POINT('',#2278);
#2278 = CARTESIAN_POINT('',(-0.23,1.16619037897,4.));
#2279 = CIRCLE('',#2280,1.9);
#2280 = AXIS2_PLACEMENT_3D('',#2281,#2282,#2283);
#2281 = CARTESIAN_POINT('',(1.27,-8.881784197001E-16,4.));
#2282 = DIRECTION('',(0.,0.,1.));
#2283 = DIRECTION('',(1.,0.,-0.));
#2284 = ORIENTED_EDGE('',*,*,#2285,.T.);
#2285 = EDGE_CURVE('',#2275,#2251,#2286,.T.);
#2286 = LINE('',#2287,#2288);
#2287 = CARTESIAN_POINT('',(-0.23,-1.16619037897,4.));
#2288 = VECTOR('',#2289,1.);
#2289 = DIRECTION('',(0.,1.,0.));
#2290 = ORIENTED_EDGE('',*,*,#2291,.T.);
#2291 = EDGE_CURVE('',#2251,#2242,#2292,.T.);
#2292 = LINE('',#2293,#2294);
#2293 = CARTESIAN_POINT('',(-0.23,-1.16619037897,4.));
#2294 = VECTOR('',#2295,1.);
#2295 = DIRECTION('',(0.,1.,0.));
#2296 = ORIENTED_EDGE('',*,*,#2297,.T.);
#2297 = EDGE_CURVE('',#2242,#2277,#2298,.T.);
#2298 = LINE('',#2299,#2300);
#2299 = CARTESIAN_POINT('',(-0.23,-1.16619037897,4.));
#2300 = VECTOR('',#2301,1.);
#2301 = DIRECTION('',(0.,1.,0.));
#2302 = FACE_BOUND('',#2303,.F.);
#2303 = EDGE_LOOP('',(#2304,#2305,#2306));
#2304 = ORIENTED_EDGE('',*,*,#2241,.F.);
#2305 = ORIENTED_EDGE('',*,*,#2250,.F.);
#2306 = ORIENTED_EDGE('',*,*,#2259,.F.);
#2307 = PLANE('',#2308);
#2308 = AXIS2_PLACEMENT_3D('',#2309,#2310,#2311);
#2309 = CARTESIAN_POINT('',(-0.23,-1.16619037897,4.));
#2310 = DIRECTION('',(0.,2.22044604925E-16,-1.));
#2311 = DIRECTION('',(-1.,0.,0.));
#2312 = ADVANCED_FACE('',(#2313),#2339,.T.);
#2313 = FACE_BOUND('',#2314,.T.);
#2314 = EDGE_LOOP('',(#2315,#2326,#2332,#2333));
#2315 = ORIENTED_EDGE('',*,*,#2316,.T.);
#2316 = EDGE_CURVE('',#2317,#2319,#2321,.T.);
#2317 = VERTEX_POINT('',#2318);
#2318 = CARTESIAN_POINT('',(-0.23,-1.16619037897,3.));
#2319 = VERTEX_POINT('',#2320);
#2320 = CARTESIAN_POINT('',(-0.23,1.16619037897,3.));
#2321 = CIRCLE('',#2322,1.9);
#2322 = AXIS2_PLACEMENT_3D('',#2323,#2324,#2325);
#2323 = CARTESIAN_POINT('',(1.27,0.,3.));
#2324 = DIRECTION('',(0.,0.,1.));
#2325 = DIRECTION('',(1.,0.,-0.));
#2326 = ORIENTED_EDGE('',*,*,#2327,.T.);
#2327 = EDGE_CURVE('',#2319,#2277,#2328,.T.);
#2328 = LINE('',#2329,#2330);
#2329 = CARTESIAN_POINT('',(-0.23,1.16619037897,3.));
#2330 = VECTOR('',#2331,1.);
#2331 = DIRECTION('',(0.,0.,1.));
#2332 = ORIENTED_EDGE('',*,*,#2274,.F.);
#2333 = ORIENTED_EDGE('',*,*,#2334,.F.);
#2334 = EDGE_CURVE('',#2317,#2275,#2335,.T.);
#2335 = LINE('',#2336,#2337);
#2336 = CARTESIAN_POINT('',(-0.23,-1.16619037897,3.));
#2337 = VECTOR('',#2338,1.);
#2338 = DIRECTION('',(0.,0.,1.));
#2339 = CYLINDRICAL_SURFACE('',#2340,1.9);
#2340 = AXIS2_PLACEMENT_3D('',#2341,#2342,#2343);
#2341 = CARTESIAN_POINT('',(1.27,0.,3.));
#2342 = DIRECTION('',(0.,2.22044604925E-16,-1.));
#2343 = DIRECTION('',(1.,-0.,0.));
#2344 = ADVANCED_FACE('',(#2345),#2358,.T.);
#2345 = FACE_BOUND('',#2346,.T.);
#2346 = EDGE_LOOP('',(#2347,#2348,#2349,#2350,#2351,#2352));
#2347 = ORIENTED_EDGE('',*,*,#2334,.T.);
#2348 = ORIENTED_EDGE('',*,*,#2285,.T.);
#2349 = ORIENTED_EDGE('',*,*,#2291,.T.);
#2350 = ORIENTED_EDGE('',*,*,#2297,.T.);
#2351 = ORIENTED_EDGE('',*,*,#2327,.F.);
#2352 = ORIENTED_EDGE('',*,*,#2353,.F.);
#2353 = EDGE_CURVE('',#2317,#2319,#2354,.T.);
#2354 = LINE('',#2355,#2356);
#2355 = CARTESIAN_POINT('',(-0.23,-1.16619037897,3.));
#2356 = VECTOR('',#2357,1.);
#2357 = DIRECTION('',(0.,1.,0.));
#2358 = PLANE('',#2359);
#2359 = AXIS2_PLACEMENT_3D('',#2360,#2361,#2362);
#2360 = CARTESIAN_POINT('',(-0.23,-1.16619037897,3.));
#2361 = DIRECTION('',(-1.,0.,0.));
#2362 = DIRECTION('',(0.,1.,0.));
#2363 = ADVANCED_FACE('',(#2364,#2368,#2402),#2436,.T.);
#2364 = FACE_BOUND('',#2365,.T.);
#2365 = EDGE_LOOP('',(#2366,#2367));
#2366 = ORIENTED_EDGE('',*,*,#2316,.F.);
#2367 = ORIENTED_EDGE('',*,*,#2353,.T.);
#2368 = FACE_BOUND('',#2369,.T.);
#2369 = EDGE_LOOP('',(#2370,#2380,#2388,#2396));
#2370 = ORIENTED_EDGE('',*,*,#2371,.T.);
#2371 = EDGE_CURVE('',#2372,#2374,#2376,.T.);
#2372 = VERTEX_POINT('',#2373);
#2373 = CARTESIAN_POINT('',(0.2,-0.2,3.));
#2374 = VERTEX_POINT('',#2375);
#2375 = CARTESIAN_POINT('',(0.2,0.2,3.));
#2376 = LINE('',#2377,#2378);
#2377 = CARTESIAN_POINT('',(0.2,-0.483095189485,3.));
#2378 = VECTOR('',#2379,1.);
#2379 = DIRECTION('',(0.,1.,0.));
#2380 = ORIENTED_EDGE('',*,*,#2381,.T.);
#2381 = EDGE_CURVE('',#2374,#2382,#2384,.T.);
#2382 = VERTEX_POINT('',#2383);
#2383 = CARTESIAN_POINT('',(-0.2,0.2,3.));
#2384 = LINE('',#2385,#2386);
#2385 = CARTESIAN_POINT('',(-0.215,0.2,3.));
#2386 = VECTOR('',#2387,1.);
#2387 = DIRECTION('',(-1.,0.,0.));
#2388 = ORIENTED_EDGE('',*,*,#2389,.T.);
#2389 = EDGE_CURVE('',#2382,#2390,#2392,.T.);
#2390 = VERTEX_POINT('',#2391);
#2391 = CARTESIAN_POINT('',(-0.2,-0.2,3.));
#2392 = LINE('',#2393,#2394);
#2393 = CARTESIAN_POINT('',(-0.2,-0.683095189485,3.));
#2394 = VECTOR('',#2395,1.);
#2395 = DIRECTION('',(0.,-1.,-2.22044604925E-16));
#2396 = ORIENTED_EDGE('',*,*,#2397,.T.);
#2397 = EDGE_CURVE('',#2390,#2372,#2398,.T.);
#2398 = LINE('',#2399,#2400);
#2399 = CARTESIAN_POINT('',(-1.499999999986E-02,-0.2,3.));
#2400 = VECTOR('',#2401,1.);
#2401 = DIRECTION('',(1.,0.,-0.));
#2402 = FACE_BOUND('',#2403,.T.);
#2403 = EDGE_LOOP('',(#2404,#2414,#2422,#2430));
#2404 = ORIENTED_EDGE('',*,*,#2405,.T.);
#2405 = EDGE_CURVE('',#2406,#2408,#2410,.T.);
#2406 = VERTEX_POINT('',#2407);
#2407 = CARTESIAN_POINT('',(2.74,0.2,3.));
#2408 = VERTEX_POINT('',#2409);
#2409 = CARTESIAN_POINT('',(2.34,0.2,3.));
#2410 = LINE('',#2411,#2412);
#2411 = CARTESIAN_POINT('',(1.055,0.2,3.));
#2412 = VECTOR('',#2413,1.);
#2413 = DIRECTION('',(-1.,0.,0.));
#2414 = ORIENTED_EDGE('',*,*,#2415,.T.);
#2415 = EDGE_CURVE('',#2408,#2416,#2418,.T.);
#2416 = VERTEX_POINT('',#2417);
#2417 = CARTESIAN_POINT('',(2.34,-0.2,3.));
#2418 = LINE('',#2419,#2420);
#2419 = CARTESIAN_POINT('',(2.34,-0.683095189485,3.));
#2420 = VECTOR('',#2421,1.);
#2421 = DIRECTION('',(0.,-1.,-2.22044604925E-16));
#2422 = ORIENTED_EDGE('',*,*,#2423,.T.);
#2423 = EDGE_CURVE('',#2416,#2424,#2426,.T.);
#2424 = VERTEX_POINT('',#2425);
#2425 = CARTESIAN_POINT('',(2.74,-0.2,3.));
#2426 = LINE('',#2427,#2428);
#2427 = CARTESIAN_POINT('',(1.255,-0.2,3.));
#2428 = VECTOR('',#2429,1.);
#2429 = DIRECTION('',(1.,0.,-0.));
#2430 = ORIENTED_EDGE('',*,*,#2431,.T.);
#2431 = EDGE_CURVE('',#2424,#2406,#2432,.T.);
#2432 = LINE('',#2433,#2434);
#2433 = CARTESIAN_POINT('',(2.74,-0.483095189485,3.));
#2434 = VECTOR('',#2435,1.);
#2435 = DIRECTION('',(0.,1.,0.));
#2436 = PLANE('',#2437);
#2437 = AXIS2_PLACEMENT_3D('',#2438,#2439,#2440);
#2438 = CARTESIAN_POINT('',(-0.23,-1.16619037897,3.));
#2439 = DIRECTION('',(0.,2.22044604925E-16,-1.));
#2440 = DIRECTION('',(-1.,0.,0.));
#2441 = ADVANCED_FACE('',(#2442),#2467,.F.);
#2442 = FACE_BOUND('',#2443,.F.);
#2443 = EDGE_LOOP('',(#2444,#2445,#2453,#2461));
#2444 = ORIENTED_EDGE('',*,*,#2371,.T.);
#2445 = ORIENTED_EDGE('',*,*,#2446,.T.);
#2446 = EDGE_CURVE('',#2374,#2447,#2449,.T.);
#2447 = VERTEX_POINT('',#2448);
#2448 = CARTESIAN_POINT('',(0.2,0.2,-2.5));
#2449 = LINE('',#2450,#2451);
#2450 = CARTESIAN_POINT('',(0.2,0.2,3.5));
#2451 = VECTOR('',#2452,1.);
#2452 = DIRECTION('',(0.,2.22044604925E-16,-1.));
#2453 = ORIENTED_EDGE('',*,*,#2454,.T.);
#2454 = EDGE_CURVE('',#2447,#2455,#2457,.T.);
#2455 = VERTEX_POINT('',#2456);
#2456 = CARTESIAN_POINT('',(0.2,-0.2,-2.5));
#2457 = LINE('',#2458,#2459);
#2458 = CARTESIAN_POINT('',(0.2,0.2,-2.5));
#2459 = VECTOR('',#2460,1.);
#2460 = DIRECTION('',(0.,-1.,-2.22044604925E-16));
#2461 = ORIENTED_EDGE('',*,*,#2462,.F.);
#2462 = EDGE_CURVE('',#2372,#2455,#2463,.T.);
#2463 = LINE('',#2464,#2465);
#2464 = CARTESIAN_POINT('',(0.2,-0.2,3.5));
#2465 = VECTOR('',#2466,1.);
#2466 = DIRECTION('',(0.,2.22044604925E-16,-1.));
#2467 = PLANE('',#2468);
#2468 = AXIS2_PLACEMENT_3D('',#2469,#2470,#2471);
#2469 = CARTESIAN_POINT('',(0.2,0.2,3.5));
#2470 = DIRECTION('',(-1.,0.,0.));
#2471 = DIRECTION('',(-0.,-1.,-2.22044604925E-16));
#2472 = ADVANCED_FACE('',(#2473),#2491,.F.);
#2473 = FACE_BOUND('',#2474,.F.);
#2474 = EDGE_LOOP('',(#2475,#2476,#2477,#2485));
#2475 = ORIENTED_EDGE('',*,*,#2397,.T.);
#2476 = ORIENTED_EDGE('',*,*,#2462,.T.);
#2477 = ORIENTED_EDGE('',*,*,#2478,.T.);
#2478 = EDGE_CURVE('',#2455,#2479,#2481,.T.);
#2479 = VERTEX_POINT('',#2480);
#2480 = CARTESIAN_POINT('',(-0.2,-0.2,-2.5));
#2481 = LINE('',#2482,#2483);
#2482 = CARTESIAN_POINT('',(0.2,-0.2,-2.5));
#2483 = VECTOR('',#2484,1.);
#2484 = DIRECTION('',(-1.,0.,0.));
#2485 = ORIENTED_EDGE('',*,*,#2486,.F.);
#2486 = EDGE_CURVE('',#2390,#2479,#2487,.T.);
#2487 = LINE('',#2488,#2489);
#2488 = CARTESIAN_POINT('',(-0.2,-0.2,3.5));
#2489 = VECTOR('',#2490,1.);
#2490 = DIRECTION('',(0.,2.22044604925E-16,-1.));
#2491 = PLANE('',#2492);
#2492 = AXIS2_PLACEMENT_3D('',#2493,#2494,#2495);
#2493 = CARTESIAN_POINT('',(0.2,-0.2,3.5));
#2494 = DIRECTION('',(0.,1.,0.));
#2495 = DIRECTION('',(-1.,0.,0.));
#2496 = ADVANCED_FACE('',(#2497),#2515,.F.);
#2497 = FACE_BOUND('',#2498,.F.);
#2498 = EDGE_LOOP('',(#2499,#2500,#2501,#2509));
#2499 = ORIENTED_EDGE('',*,*,#2389,.T.);
#2500 = ORIENTED_EDGE('',*,*,#2486,.T.);
#2501 = ORIENTED_EDGE('',*,*,#2502,.T.);
#2502 = EDGE_CURVE('',#2479,#2503,#2505,.T.);
#2503 = VERTEX_POINT('',#2504);
#2504 = CARTESIAN_POINT('',(-0.2,0.2,-2.5));
#2505 = LINE('',#2506,#2507);
#2506 = CARTESIAN_POINT('',(-0.2,-0.2,-2.5));
#2507 = VECTOR('',#2508,1.);
#2508 = DIRECTION('',(0.,1.,0.));
#2509 = ORIENTED_EDGE('',*,*,#2510,.F.);
#2510 = EDGE_CURVE('',#2382,#2503,#2511,.T.);
#2511 = LINE('',#2512,#2513);
#2512 = CARTESIAN_POINT('',(-0.2,0.2,3.5));
#2513 = VECTOR('',#2514,1.);
#2514 = DIRECTION('',(0.,2.22044604925E-16,-1.));
#2515 = PLANE('',#2516);
#2516 = AXIS2_PLACEMENT_3D('',#2517,#2518,#2519);
#2517 = CARTESIAN_POINT('',(-0.2,-0.2,3.5));
#2518 = DIRECTION('',(1.,0.,-0.));
#2519 = DIRECTION('',(0.,1.,0.));
#2520 = ADVANCED_FACE('',(#2521),#2532,.F.);
#2521 = FACE_BOUND('',#2522,.F.);
#2522 = EDGE_LOOP('',(#2523,#2524,#2525,#2531));
#2523 = ORIENTED_EDGE('',*,*,#2381,.T.);
#2524 = ORIENTED_EDGE('',*,*,#2510,.T.);
#2525 = ORIENTED_EDGE('',*,*,#2526,.T.);
#2526 = EDGE_CURVE('',#2503,#2447,#2527,.T.);
#2527 = LINE('',#2528,#2529);
#2528 = CARTESIAN_POINT('',(-0.2,0.2,-2.5));
#2529 = VECTOR('',#2530,1.);
#2530 = DIRECTION('',(1.,0.,-0.));
#2531 = ORIENTED_EDGE('',*,*,#2446,.F.);
#2532 = PLANE('',#2533);
#2533 = AXIS2_PLACEMENT_3D('',#2534,#2535,#2536);
#2534 = CARTESIAN_POINT('',(-0.2,0.2,3.5));
#2535 = DIRECTION('',(0.,-1.,-2.22044604925E-16));
#2536 = DIRECTION('',(1.,0.,0.));
#2537 = ADVANCED_FACE('',(#2538),#2563,.F.);
#2538 = FACE_BOUND('',#2539,.F.);
#2539 = EDGE_LOOP('',(#2540,#2541,#2549,#2557));
#2540 = ORIENTED_EDGE('',*,*,#2405,.T.);
#2541 = ORIENTED_EDGE('',*,*,#2542,.T.);
#2542 = EDGE_CURVE('',#2408,#2543,#2545,.T.);
#2543 = VERTEX_POINT('',#2544);
#2544 = CARTESIAN_POINT('',(2.34,0.2,-2.5));
#2545 = LINE('',#2546,#2547);
#2546 = CARTESIAN_POINT('',(2.34,0.2,3.5));
#2547 = VECTOR('',#2548,1.);
#2548 = DIRECTION('',(0.,2.22044604925E-16,-1.));
#2549 = ORIENTED_EDGE('',*,*,#2550,.T.);
#2550 = EDGE_CURVE('',#2543,#2551,#2553,.T.);
#2551 = VERTEX_POINT('',#2552);
#2552 = CARTESIAN_POINT('',(2.74,0.2,-2.5));
#2553 = LINE('',#2554,#2555);
#2554 = CARTESIAN_POINT('',(2.34,0.2,-2.5));
#2555 = VECTOR('',#2556,1.);
#2556 = DIRECTION('',(1.,0.,-0.));
#2557 = ORIENTED_EDGE('',*,*,#2558,.F.);
#2558 = EDGE_CURVE('',#2406,#2551,#2559,.T.);
#2559 = LINE('',#2560,#2561);
#2560 = CARTESIAN_POINT('',(2.74,0.2,3.5));
#2561 = VECTOR('',#2562,1.);
#2562 = DIRECTION('',(0.,2.22044604925E-16,-1.));
#2563 = PLANE('',#2564);
#2564 = AXIS2_PLACEMENT_3D('',#2565,#2566,#2567);
#2565 = CARTESIAN_POINT('',(2.34,0.2,3.5));
#2566 = DIRECTION('',(0.,-1.,-2.22044604925E-16));
#2567 = DIRECTION('',(1.,0.,0.));
#2568 = ADVANCED_FACE('',(#2569),#2587,.F.);
#2569 = FACE_BOUND('',#2570,.F.);
#2570 = EDGE_LOOP('',(#2571,#2572,#2573,#2581));
#2571 = ORIENTED_EDGE('',*,*,#2431,.T.);
#2572 = ORIENTED_EDGE('',*,*,#2558,.T.);
#2573 = ORIENTED_EDGE('',*,*,#2574,.T.);
#2574 = EDGE_CURVE('',#2551,#2575,#2577,.T.);
#2575 = VERTEX_POINT('',#2576);
#2576 = CARTESIAN_POINT('',(2.74,-0.2,-2.5));
#2577 = LINE('',#2578,#2579);
#2578 = CARTESIAN_POINT('',(2.74,0.2,-2.5));
#2579 = VECTOR('',#2580,1.);
#2580 = DIRECTION('',(0.,-1.,-2.22044604925E-16));
#2581 = ORIENTED_EDGE('',*,*,#2582,.F.);
#2582 = EDGE_CURVE('',#2424,#2575,#2583,.T.);
#2583 = LINE('',#2584,#2585);
#2584 = CARTESIAN_POINT('',(2.74,-0.2,3.5));
#2585 = VECTOR('',#2586,1.);
#2586 = DIRECTION('',(0.,2.22044604925E-16,-1.));
#2587 = PLANE('',#2588);
#2588 = AXIS2_PLACEMENT_3D('',#2589,#2590,#2591);
#2589 = CARTESIAN_POINT('',(2.74,0.2,3.5));
#2590 = DIRECTION('',(-1.,0.,0.));
#2591 = DIRECTION('',(-0.,-1.,-2.22044604925E-16));
#2592 = ADVANCED_FACE('',(#2593),#2611,.F.);
#2593 = FACE_BOUND('',#2594,.F.);
#2594 = EDGE_LOOP('',(#2595,#2596,#2597,#2605));
#2595 = ORIENTED_EDGE('',*,*,#2423,.T.);
#2596 = ORIENTED_EDGE('',*,*,#2582,.T.);
#2597 = ORIENTED_EDGE('',*,*,#2598,.T.);
#2598 = EDGE_CURVE('',#2575,#2599,#2601,.T.);
#2599 = VERTEX_POINT('',#2600);
#2600 = CARTESIAN_POINT('',(2.34,-0.2,-2.5));
#2601 = LINE('',#2602,#2603);
#2602 = CARTESIAN_POINT('',(2.74,-0.2,-2.5));
#2603 = VECTOR('',#2604,1.);
#2604 = DIRECTION('',(-1.,0.,0.));
#2605 = ORIENTED_EDGE('',*,*,#2606,.F.);
#2606 = EDGE_CURVE('',#2416,#2599,#2607,.T.);
#2607 = LINE('',#2608,#2609);
#2608 = CARTESIAN_POINT('',(2.34,-0.2,3.5));
#2609 = VECTOR('',#2610,1.);
#2610 = DIRECTION('',(0.,2.22044604925E-16,-1.));
#2611 = PLANE('',#2612);
#2612 = AXIS2_PLACEMENT_3D('',#2613,#2614,#2615);
#2613 = CARTESIAN_POINT('',(2.74,-0.2,3.5));
#2614 = DIRECTION('',(0.,1.,0.));
#2615 = DIRECTION('',(-1.,0.,0.));
#2616 = ADVANCED_FACE('',(#2617),#2628,.F.);
#2617 = FACE_BOUND('',#2618,.F.);
#2618 = EDGE_LOOP('',(#2619,#2620,#2621,#2627));
#2619 = ORIENTED_EDGE('',*,*,#2415,.T.);
#2620 = ORIENTED_EDGE('',*,*,#2606,.T.);
#2621 = ORIENTED_EDGE('',*,*,#2622,.T.);
#2622 = EDGE_CURVE('',#2599,#2543,#2623,.T.);
#2623 = LINE('',#2624,#2625);
#2624 = CARTESIAN_POINT('',(2.34,-0.2,-2.5));
#2625 = VECTOR('',#2626,1.);
#2626 = DIRECTION('',(0.,1.,0.));
#2627 = ORIENTED_EDGE('',*,*,#2542,.F.);
#2628 = PLANE('',#2629);
#2629 = AXIS2_PLACEMENT_3D('',#2630,#2631,#2632);
#2630 = CARTESIAN_POINT('',(2.34,-0.2,3.5));
#2631 = DIRECTION('',(1.,0.,-0.));
#2632 = DIRECTION('',(0.,1.,0.));
#2633 = ADVANCED_FACE('',(#2634),#2640,.F.);
#2634 = FACE_BOUND('',#2635,.T.);
#2635 = EDGE_LOOP('',(#2636,#2637,#2638,#2639));
#2636 = ORIENTED_EDGE('',*,*,#2526,.T.);
#2637 = ORIENTED_EDGE('',*,*,#2454,.T.);
#2638 = ORIENTED_EDGE('',*,*,#2478,.T.);
#2639 = ORIENTED_EDGE('',*,*,#2502,.T.);
#2640 = PLANE('',#2641);
#2641 = AXIS2_PLACEMENT_3D('',#2642,#2643,#2644);
#2642 = CARTESIAN_POINT('',(-0.2,0.2,-2.5));
#2643 = DIRECTION('',(0.,0.,1.));
#2644 = DIRECTION('',(1.,0.,-0.));
#2645 = ADVANCED_FACE('',(#2646),#2652,.F.);
#2646 = FACE_BOUND('',#2647,.T.);
#2647 = EDGE_LOOP('',(#2648,#2649,#2650,#2651));
#2648 = ORIENTED_EDGE('',*,*,#2550,.T.);
#2649 = ORIENTED_EDGE('',*,*,#2574,.T.);
#2650 = ORIENTED_EDGE('',*,*,#2598,.T.);
#2651 = ORIENTED_EDGE('',*,*,#2622,.T.);
#2652 = PLANE('',#2653);
#2653 = AXIS2_PLACEMENT_3D('',#2654,#2655,#2656);
#2654 = CARTESIAN_POINT('',(2.34,0.2,-2.5));
#2655 = DIRECTION('',(0.,0.,1.));
#2656 = DIRECTION('',(1.,0.,-0.));
#2657 = ( GEOMETRIC_REPRESENTATION_CONTEXT(3) 
GLOBAL_UNCERTAINTY_ASSIGNED_CONTEXT((#2661)) 
GLOBAL_UNIT_ASSIGNED_CONTEXT((#2658,#2659,#2660)) REPRESENTATION_CONTEXT
('Context #1','3D Context with UNIT and UNCERTAINTY') );
#2658 = ( LENGTH_UNIT() NAMED_UNIT(*) SI_UNIT(.MILLI.,.METRE.) );
#2659 = ( NAMED_UNIT(*) PLANE_ANGLE_UNIT() SI_UNIT($,.RADIAN.) );
#2660 = ( NAMED_UNIT(*) SI_UNIT($,.STERADIAN.) SOLID_ANGLE_UNIT() );
#2661 = UNCERTAINTY_MEASURE_WITH_UNIT(LENGTH_MEASURE(1.E-07),#2658,
  'distance_accuracy_value','confusion accuracy');
#2662 = CONTEXT_DEPENDENT_SHAPE_REPRESENTATION(#2663,#2665);
#2663 = ( REPRESENTATION_RELATIONSHIP('','',#2197,#10) 
REPRESENTATION_RELATIONSHIP_WITH_TRANSFORMATION(#2664) 
SHAPE_REPRESENTATION_RELATIONSHIP() );
#2664 = ITEM_DEFINED_TRANSFORMATION('','',#11,#19);
#2665 = PRODUCT_DEFINITION_SHAPE('Placement','Placement of an item',
  #2666);
#2666 = NEXT_ASSEMBLY_USAGE_OCCURRENCE('2','5V','',#5,#2192,$);
#2667 = PRODUCT_RELATED_PRODUCT_CATEGORY('part',$,(#2194));
#2668 = SHAPE_DEFINITION_REPRESENTATION(#2669,#2675);
#2669 = PRODUCT_DEFINITION_SHAPE('','',#2670);
#2670 = PRODUCT_DEFINITION('design','',#2671,#2674);
#2671 = PRODUCT_DEFINITION_FORMATION('','',#2672);
#2672 = PRODUCT('R_Axial_DIN0207_L6.3mm_D2.5mm_P10.16mm_Horizontal',
  'R_Axial_DIN0207_L6.3mm_D2.5mm_P10.16mm_Horizontal','',(#2673));
#2673 = PRODUCT_CONTEXT('',#2,'mechanical');
#2674 = PRODUCT_DEFINITION_CONTEXT('part definition',#2,'design');
#2675 = ADVANCED_BREP_SHAPE_REPRESENTATION('',(#11,#2676),#3063);
#2676 = MANIFOLD_SOLID_BREP('',#2677);
#2677 = CLOSED_SHELL('',(#2678,#2711,#2737,#2757,#2777,#2802,#2827,#2847
    ,#2873,#2898,#2923,#2949,#2958,#2978,#3003,#3029,#3054));
#2678 = ADVANCED_FACE('',(#2679),#2706,.T.);
#2679 = FACE_BOUND('',#2680,.T.);
#2680 = EDGE_LOOP('',(#2681,#2690,#2698,#2705));
#2681 = ORIENTED_EDGE('',*,*,#2682,.T.);
#2682 = EDGE_CURVE('',#2683,#2683,#2685,.T.);
#2683 = VERTEX_POINT('',#2684);
#2684 = CARTESIAN_POINT('',(2.555,1.25,1.25));
#2685 = CIRCLE('',#2686,1.25);
#2686 = AXIS2_PLACEMENT_3D('',#2687,#2688,#2689);
#2687 = CARTESIAN_POINT('',(2.555,0.,1.25));
#2688 = DIRECTION('',(1.,0.,-0.));
#2689 = DIRECTION('',(0.,1.,0.));
#2690 = ORIENTED_EDGE('',*,*,#2691,.T.);
#2691 = EDGE_CURVE('',#2683,#2692,#2694,.T.);
#2692 = VERTEX_POINT('',#2693);
#2693 = CARTESIAN_POINT('',(3.505,1.25,1.25));
#2694 = LINE('',#2695,#2696);
#2695 = CARTESIAN_POINT('',(1.93,1.25,1.25));
#2696 = VECTOR('',#2697,1.);
#2697 = DIRECTION('',(1.,0.,-0.));
#2698 = ORIENTED_EDGE('',*,*,#2699,.F.);
#2699 = EDGE_CURVE('',#2692,#2692,#2700,.T.);
#2700 = CIRCLE('',#2701,1.25);
#2701 = AXIS2_PLACEMENT_3D('',#2702,#2703,#2704);
#2702 = CARTESIAN_POINT('',(3.505,0.,1.25));
#2703 = DIRECTION('',(1.,0.,-0.));
#2704 = DIRECTION('',(0.,1.,0.));
#2705 = ORIENTED_EDGE('',*,*,#2691,.F.);
#2706 = CYLINDRICAL_SURFACE('',#2707,1.25);
#2707 = AXIS2_PLACEMENT_3D('',#2708,#2709,#2710);
#2708 = CARTESIAN_POINT('',(1.93,0.,1.25));
#2709 = DIRECTION('',(-1.,-0.,-0.));
#2710 = DIRECTION('',(0.,1.,0.));
#2711 = ADVANCED_FACE('',(#2712),#2732,.T.);
#2712 = FACE_BOUND('',#2713,.T.);
#2713 = EDGE_LOOP('',(#2714,#2723,#2730,#2731));
#2714 = ORIENTED_EDGE('',*,*,#2715,.T.);
#2715 = EDGE_CURVE('',#2716,#2716,#2718,.T.);
#2716 = VERTEX_POINT('',#2717);
#2717 = CARTESIAN_POINT('',(1.93,0.625,1.25));
#2718 = CIRCLE('',#2719,0.625);
#2719 = AXIS2_PLACEMENT_3D('',#2720,#2721,#2722);
#2720 = CARTESIAN_POINT('',(1.93,0.,1.25));
#2721 = DIRECTION('',(1.,0.,-0.));
#2722 = DIRECTION('',(0.,1.,0.));
#2723 = ORIENTED_EDGE('',*,*,#2724,.F.);
#2724 = EDGE_CURVE('',#2683,#2716,#2725,.T.);
#2725 = CIRCLE('',#2726,0.625);
#2726 = AXIS2_PLACEMENT_3D('',#2727,#2728,#2729);
#2727 = CARTESIAN_POINT('',(2.555,0.625,1.25));
#2728 = DIRECTION('',(0.,-0.,1.));
#2729 = DIRECTION('',(0.,1.,0.));
#2730 = ORIENTED_EDGE('',*,*,#2682,.F.);
#2731 = ORIENTED_EDGE('',*,*,#2724,.T.);
#2732 = TOROIDAL_SURFACE('',#2733,0.625,0.625);
#2733 = AXIS2_PLACEMENT_3D('',#2734,#2735,#2736);
#2734 = CARTESIAN_POINT('',(2.555,0.,1.25));
#2735 = DIRECTION('',(-1.,-0.,-0.));
#2736 = DIRECTION('',(0.,1.,0.));
#2737 = ADVANCED_FACE('',(#2738,#2741),#2752,.F.);
#2738 = FACE_BOUND('',#2739,.F.);
#2739 = EDGE_LOOP('',(#2740));
#2740 = ORIENTED_EDGE('',*,*,#2699,.F.);
#2741 = FACE_BOUND('',#2742,.F.);
#2742 = EDGE_LOOP('',(#2743));
#2743 = ORIENTED_EDGE('',*,*,#2744,.F.);
#2744 = EDGE_CURVE('',#2745,#2745,#2747,.T.);
#2745 = VERTEX_POINT('',#2746);
#2746 = CARTESIAN_POINT('',(3.505,1.125,1.25));
#2747 = CIRCLE('',#2748,1.125);
#2748 = AXIS2_PLACEMENT_3D('',#2749,#2750,#2751);
#2749 = CARTESIAN_POINT('',(3.505,0.,1.25));
#2750 = DIRECTION('',(-1.,0.,0.));
#2751 = DIRECTION('',(0.,1.,0.));
#2752 = PLANE('',#2753);
#2753 = AXIS2_PLACEMENT_3D('',#2754,#2755,#2756);
#2754 = CARTESIAN_POINT('',(3.505,1.25,1.25));
#2755 = DIRECTION('',(-1.,-0.,-0.));
#2756 = DIRECTION('',(0.,0.,-1.));
#2757 = ADVANCED_FACE('',(#2758,#2761),#2772,.T.);
#2758 = FACE_BOUND('',#2759,.T.);
#2759 = EDGE_LOOP('',(#2760));
#2760 = ORIENTED_EDGE('',*,*,#2715,.F.);
#2761 = FACE_BOUND('',#2762,.T.);
#2762 = EDGE_LOOP('',(#2763));
#2763 = ORIENTED_EDGE('',*,*,#2764,.T.);
#2764 = EDGE_CURVE('',#2765,#2765,#2767,.T.);
#2765 = VERTEX_POINT('',#2766);
#2766 = CARTESIAN_POINT('',(1.93,0.,0.95));
#2767 = CIRCLE('',#2768,0.3);
#2768 = AXIS2_PLACEMENT_3D('',#2769,#2770,#2771);
#2769 = CARTESIAN_POINT('',(1.93,0.,1.25));
#2770 = DIRECTION('',(1.,0.,0.));
#2771 = DIRECTION('',(0.,-0.,-1.));
#2772 = PLANE('',#2773);
#2773 = AXIS2_PLACEMENT_3D('',#2774,#2775,#2776);
#2774 = CARTESIAN_POINT('',(1.93,1.25,1.25));
#2775 = DIRECTION('',(-1.,-0.,-0.));
#2776 = DIRECTION('',(0.,0.,-1.));
#2777 = ADVANCED_FACE('',(#2778),#2797,.T.);
#2778 = FACE_BOUND('',#2779,.T.);
#2779 = EDGE_LOOP('',(#2780,#2789,#2795,#2796));
#2780 = ORIENTED_EDGE('',*,*,#2781,.T.);
#2781 = EDGE_CURVE('',#2782,#2782,#2784,.T.);
#2782 = VERTEX_POINT('',#2783);
#2783 = CARTESIAN_POINT('',(6.655,1.125,1.25));
#2784 = CIRCLE('',#2785,1.125);
#2785 = AXIS2_PLACEMENT_3D('',#2786,#2787,#2788);
#2786 = CARTESIAN_POINT('',(6.655,0.,1.25));
#2787 = DIRECTION('',(-1.,0.,0.));
#2788 = DIRECTION('',(0.,1.,0.));
#2789 = ORIENTED_EDGE('',*,*,#2790,.F.);
#2790 = EDGE_CURVE('',#2745,#2782,#2791,.T.);
#2791 = LINE('',#2792,#2793);
#2792 = CARTESIAN_POINT('',(1.93,1.125,1.25));
#2793 = VECTOR('',#2794,1.);
#2794 = DIRECTION('',(1.,0.,-0.));
#2795 = ORIENTED_EDGE('',*,*,#2744,.F.);
#2796 = ORIENTED_EDGE('',*,*,#2790,.T.);
#2797 = CYLINDRICAL_SURFACE('',#2798,1.125);
#2798 = AXIS2_PLACEMENT_3D('',#2799,#2800,#2801);
#2799 = CARTESIAN_POINT('',(1.93,0.,1.25));
#2800 = DIRECTION('',(-1.,-0.,-0.));
#2801 = DIRECTION('',(0.,1.,0.));
#2802 = ADVANCED_FACE('',(#2803),#2822,.T.);
#2803 = FACE_BOUND('',#2804,.T.);
#2804 = EDGE_LOOP('',(#2805,#2814,#2820,#2821));
#2805 = ORIENTED_EDGE('',*,*,#2806,.F.);
#2806 = EDGE_CURVE('',#2807,#2807,#2809,.T.);
#2807 = VERTEX_POINT('',#2808);
#2808 = CARTESIAN_POINT('',(0.9,0.,0.95));
#2809 = CIRCLE('',#2810,0.3);
#2810 = AXIS2_PLACEMENT_3D('',#2811,#2812,#2813);
#2811 = CARTESIAN_POINT('',(0.9,0.,1.25));
#2812 = DIRECTION('',(-1.,0.,-0.));
#2813 = DIRECTION('',(-0.,0.,1.));
#2814 = ORIENTED_EDGE('',*,*,#2815,.T.);
#2815 = EDGE_CURVE('',#2807,#2765,#2816,.T.);
#2816 = LINE('',#2817,#2818);
#2817 = CARTESIAN_POINT('',(0.9,0.,0.95));
#2818 = VECTOR('',#2819,1.);
#2819 = DIRECTION('',(1.,0.,-0.));
#2820 = ORIENTED_EDGE('',*,*,#2764,.F.);
#2821 = ORIENTED_EDGE('',*,*,#2815,.F.);
#2822 = CYLINDRICAL_SURFACE('',#2823,0.3);
#2823 = AXIS2_PLACEMENT_3D('',#2824,#2825,#2826);
#2824 = CARTESIAN_POINT('',(0.9,0.,1.25));
#2825 = DIRECTION('',(1.,0.,-0.));
#2826 = DIRECTION('',(0.,-0.,-1.));
#2827 = ADVANCED_FACE('',(#2828,#2839),#2842,.T.);
#2828 = FACE_BOUND('',#2829,.T.);
#2829 = EDGE_LOOP('',(#2830));
#2830 = ORIENTED_EDGE('',*,*,#2831,.F.);
#2831 = EDGE_CURVE('',#2832,#2832,#2834,.T.);
#2832 = VERTEX_POINT('',#2833);
#2833 = CARTESIAN_POINT('',(6.655,1.25,1.25));
#2834 = CIRCLE('',#2835,1.25);
#2835 = AXIS2_PLACEMENT_3D('',#2836,#2837,#2838);
#2836 = CARTESIAN_POINT('',(6.655,0.,1.25));
#2837 = DIRECTION('',(1.,0.,-0.));
#2838 = DIRECTION('',(0.,1.,0.));
#2839 = FACE_BOUND('',#2840,.T.);
#2840 = EDGE_LOOP('',(#2841));
#2841 = ORIENTED_EDGE('',*,*,#2781,.F.);
#2842 = PLANE('',#2843);
#2843 = AXIS2_PLACEMENT_3D('',#2844,#2845,#2846);
#2844 = CARTESIAN_POINT('',(6.655,1.25,1.25));
#2845 = DIRECTION('',(-1.,-0.,-0.));
#2846 = DIRECTION('',(0.,0.,-1.));
#2847 = ADVANCED_FACE('',(#2848),#2868,.T.);
#2848 = FACE_BOUND('',#2849,.T.);
#2849 = EDGE_LOOP('',(#2850,#2859,#2860,#2861));
#2850 = ORIENTED_EDGE('',*,*,#2851,.T.);
#2851 = EDGE_CURVE('',#2852,#2807,#2854,.T.);
#2852 = VERTEX_POINT('',#2853);
#2853 = CARTESIAN_POINT('',(0.3,0.,0.35));
#2854 = CIRCLE('',#2855,0.6);
#2855 = AXIS2_PLACEMENT_3D('',#2856,#2857,#2858);
#2856 = CARTESIAN_POINT('',(0.9,1.102182119233E-16,0.35));
#2857 = DIRECTION('',(0.,1.,0.));
#2858 = DIRECTION('',(-1.,0.,0.));
#2859 = ORIENTED_EDGE('',*,*,#2806,.T.);
#2860 = ORIENTED_EDGE('',*,*,#2851,.F.);
#2861 = ORIENTED_EDGE('',*,*,#2862,.T.);
#2862 = EDGE_CURVE('',#2852,#2852,#2863,.T.);
#2863 = CIRCLE('',#2864,0.3);
#2864 = AXIS2_PLACEMENT_3D('',#2865,#2866,#2867);
#2865 = CARTESIAN_POINT('',(0.,0.,0.35));
#2866 = DIRECTION('',(0.,0.,1.));
#2867 = DIRECTION('',(1.,0.,-0.));
#2868 = TOROIDAL_SURFACE('',#2869,0.9,0.3);
#2869 = AXIS2_PLACEMENT_3D('',#2870,#2871,#2872);
#2870 = CARTESIAN_POINT('',(0.9,1.102182119233E-16,0.35));
#2871 = DIRECTION('',(0.,1.,0.));
#2872 = DIRECTION('',(-1.,0.,0.));
#2873 = ADVANCED_FACE('',(#2874),#2893,.T.);
#2874 = FACE_BOUND('',#2875,.T.);
#2875 = EDGE_LOOP('',(#2876,#2877,#2885,#2892));
#2876 = ORIENTED_EDGE('',*,*,#2831,.T.);
#2877 = ORIENTED_EDGE('',*,*,#2878,.T.);
#2878 = EDGE_CURVE('',#2832,#2879,#2881,.T.);
#2879 = VERTEX_POINT('',#2880);
#2880 = CARTESIAN_POINT('',(7.605,1.25,1.25));
#2881 = LINE('',#2882,#2883);
#2882 = CARTESIAN_POINT('',(6.655,1.25,1.25));
#2883 = VECTOR('',#2884,1.);
#2884 = DIRECTION('',(1.,0.,-0.));
#2885 = ORIENTED_EDGE('',*,*,#2886,.F.);
#2886 = EDGE_CURVE('',#2879,#2879,#2887,.T.);
#2887 = CIRCLE('',#2888,1.25);
#2888 = AXIS2_PLACEMENT_3D('',#2889,#2890,#2891);
#2889 = CARTESIAN_POINT('',(7.605,0.,1.25));
#2890 = DIRECTION('',(1.,0.,-0.));
#2891 = DIRECTION('',(0.,1.,0.));
#2892 = ORIENTED_EDGE('',*,*,#2878,.F.);
#2893 = CYLINDRICAL_SURFACE('',#2894,1.25);
#2894 = AXIS2_PLACEMENT_3D('',#2895,#2896,#2897);
#2895 = CARTESIAN_POINT('',(6.655,0.,1.25));
#2896 = DIRECTION('',(-1.,-0.,-0.));
#2897 = DIRECTION('',(0.,1.,0.));
#2898 = ADVANCED_FACE('',(#2899),#2918,.T.);
#2899 = FACE_BOUND('',#2900,.T.);
#2900 = EDGE_LOOP('',(#2901,#2909,#2910,#2911));
#2901 = ORIENTED_EDGE('',*,*,#2902,.T.);
#2902 = EDGE_CURVE('',#2903,#2852,#2905,.T.);
#2903 = VERTEX_POINT('',#2904);
#2904 = CARTESIAN_POINT('',(0.3,-7.347880794884E-17,-3.));
#2905 = LINE('',#2906,#2907);
#2906 = CARTESIAN_POINT('',(0.3,-7.347880794884E-17,-3.));
#2907 = VECTOR('',#2908,1.);
#2908 = DIRECTION('',(0.,0.,1.));
#2909 = ORIENTED_EDGE('',*,*,#2862,.F.);
#2910 = ORIENTED_EDGE('',*,*,#2902,.F.);
#2911 = ORIENTED_EDGE('',*,*,#2912,.T.);
#2912 = EDGE_CURVE('',#2903,#2903,#2913,.T.);
#2913 = CIRCLE('',#2914,0.3);
#2914 = AXIS2_PLACEMENT_3D('',#2915,#2916,#2917);
#2915 = CARTESIAN_POINT('',(0.,0.,-3.));
#2916 = DIRECTION('',(0.,0.,1.));
#2917 = DIRECTION('',(1.,0.,-0.));
#2918 = CYLINDRICAL_SURFACE('',#2919,0.3);
#2919 = AXIS2_PLACEMENT_3D('',#2920,#2921,#2922);
#2920 = CARTESIAN_POINT('',(0.,0.,-3.));
#2921 = DIRECTION('',(0.,0.,1.));
#2922 = DIRECTION('',(1.,0.,-0.));
#2923 = ADVANCED_FACE('',(#2924),#2944,.T.);
#2924 = FACE_BOUND('',#2925,.T.);
#2925 = EDGE_LOOP('',(#2926,#2935,#2936,#2937));
#2926 = ORIENTED_EDGE('',*,*,#2927,.F.);
#2927 = EDGE_CURVE('',#2879,#2928,#2930,.T.);
#2928 = VERTEX_POINT('',#2929);
#2929 = CARTESIAN_POINT('',(8.23,0.625,1.25));
#2930 = CIRCLE('',#2931,0.625);
#2931 = AXIS2_PLACEMENT_3D('',#2932,#2933,#2934);
#2932 = CARTESIAN_POINT('',(7.605,0.625,1.25));
#2933 = DIRECTION('',(0.,0.,-1.));
#2934 = DIRECTION('',(0.,1.,0.));
#2935 = ORIENTED_EDGE('',*,*,#2886,.T.);
#2936 = ORIENTED_EDGE('',*,*,#2927,.T.);
#2937 = ORIENTED_EDGE('',*,*,#2938,.F.);
#2938 = EDGE_CURVE('',#2928,#2928,#2939,.T.);
#2939 = CIRCLE('',#2940,0.625);
#2940 = AXIS2_PLACEMENT_3D('',#2941,#2942,#2943);
#2941 = CARTESIAN_POINT('',(8.23,0.,1.25));
#2942 = DIRECTION('',(1.,0.,-0.));
#2943 = DIRECTION('',(0.,1.,0.));
#2944 = TOROIDAL_SURFACE('',#2945,0.625,0.625);
#2945 = AXIS2_PLACEMENT_3D('',#2946,#2947,#2948);
#2946 = CARTESIAN_POINT('',(7.605,0.,1.25));
#2947 = DIRECTION('',(1.,0.,-0.));
#2948 = DIRECTION('',(0.,1.,0.));
#2949 = ADVANCED_FACE('',(#2950),#2953,.T.);
#2950 = FACE_BOUND('',#2951,.F.);
#2951 = EDGE_LOOP('',(#2952));
#2952 = ORIENTED_EDGE('',*,*,#2912,.T.);
#2953 = PLANE('',#2954);
#2954 = AXIS2_PLACEMENT_3D('',#2955,#2956,#2957);
#2955 = CARTESIAN_POINT('',(0.3,-7.347880794884E-17,-3.));
#2956 = DIRECTION('',(0.,0.,-1.));
#2957 = DIRECTION('',(-1.,-0.,-0.));
#2958 = ADVANCED_FACE('',(#2959,#2962),#2973,.F.);
#2959 = FACE_BOUND('',#2960,.F.);
#2960 = EDGE_LOOP('',(#2961));
#2961 = ORIENTED_EDGE('',*,*,#2938,.F.);
#2962 = FACE_BOUND('',#2963,.F.);
#2963 = EDGE_LOOP('',(#2964));
#2964 = ORIENTED_EDGE('',*,*,#2965,.T.);
#2965 = EDGE_CURVE('',#2966,#2966,#2968,.T.);
#2966 = VERTEX_POINT('',#2967);
#2967 = CARTESIAN_POINT('',(8.23,0.,0.95));
#2968 = CIRCLE('',#2969,0.3);
#2969 = AXIS2_PLACEMENT_3D('',#2970,#2971,#2972);
#2970 = CARTESIAN_POINT('',(8.23,0.,1.25));
#2971 = DIRECTION('',(1.,0.,0.));
#2972 = DIRECTION('',(0.,-0.,-1.));
#2973 = PLANE('',#2974);
#2974 = AXIS2_PLACEMENT_3D('',#2975,#2976,#2977);
#2975 = CARTESIAN_POINT('',(8.23,1.25,1.25));
#2976 = DIRECTION('',(-1.,-0.,-0.));
#2977 = DIRECTION('',(0.,0.,-1.));
#2978 = ADVANCED_FACE('',(#2979),#2998,.T.);
#2979 = FACE_BOUND('',#2980,.T.);
#2980 = EDGE_LOOP('',(#2981,#2982,#2990,#2997));
#2981 = ORIENTED_EDGE('',*,*,#2965,.T.);
#2982 = ORIENTED_EDGE('',*,*,#2983,.T.);
#2983 = EDGE_CURVE('',#2966,#2984,#2986,.T.);
#2984 = VERTEX_POINT('',#2985);
#2985 = CARTESIAN_POINT('',(9.26,0.,0.95));
#2986 = LINE('',#2987,#2988);
#2987 = CARTESIAN_POINT('',(0.9,0.,0.95));
#2988 = VECTOR('',#2989,1.);
#2989 = DIRECTION('',(1.,0.,-0.));
#2990 = ORIENTED_EDGE('',*,*,#2991,.F.);
#2991 = EDGE_CURVE('',#2984,#2984,#2992,.T.);
#2992 = CIRCLE('',#2993,0.3);
#2993 = AXIS2_PLACEMENT_3D('',#2994,#2995,#2996);
#2994 = CARTESIAN_POINT('',(9.26,0.,1.25));
#2995 = DIRECTION('',(1.,0.,0.));
#2996 = DIRECTION('',(0.,-0.,-1.));
#2997 = ORIENTED_EDGE('',*,*,#2983,.F.);
#2998 = CYLINDRICAL_SURFACE('',#2999,0.3);
#2999 = AXIS2_PLACEMENT_3D('',#3000,#3001,#3002);
#3000 = CARTESIAN_POINT('',(0.9,0.,1.25));
#3001 = DIRECTION('',(1.,0.,-0.));
#3002 = DIRECTION('',(0.,-0.,-1.));
#3003 = ADVANCED_FACE('',(#3004),#3024,.T.);
#3004 = FACE_BOUND('',#3005,.T.);
#3005 = EDGE_LOOP('',(#3006,#3015,#3022,#3023));
#3006 = ORIENTED_EDGE('',*,*,#3007,.T.);
#3007 = EDGE_CURVE('',#2984,#3008,#3010,.T.);
#3008 = VERTEX_POINT('',#3009);
#3009 = CARTESIAN_POINT('',(9.86,0.,0.35));
#3010 = CIRCLE('',#3011,0.6);
#3011 = AXIS2_PLACEMENT_3D('',#3012,#3013,#3014);
#3012 = CARTESIAN_POINT('',(9.26,1.102182119233E-16,0.35));
#3013 = DIRECTION('',(0.,1.,0.));
#3014 = DIRECTION('',(0.,-0.,1.));
#3015 = ORIENTED_EDGE('',*,*,#3016,.T.);
#3016 = EDGE_CURVE('',#3008,#3008,#3017,.T.);
#3017 = CIRCLE('',#3018,0.3);
#3018 = AXIS2_PLACEMENT_3D('',#3019,#3020,#3021);
#3019 = CARTESIAN_POINT('',(10.16,0.,0.35));
#3020 = DIRECTION('',(0.,0.,1.));
#3021 = DIRECTION('',(1.,0.,-0.));
#3022 = ORIENTED_EDGE('',*,*,#3007,.F.);
#3023 = ORIENTED_EDGE('',*,*,#2991,.T.);
#3024 = TOROIDAL_SURFACE('',#3025,0.9,0.3);
#3025 = AXIS2_PLACEMENT_3D('',#3026,#3027,#3028);
#3026 = CARTESIAN_POINT('',(9.26,1.102182119233E-16,0.35));
#3027 = DIRECTION('',(0.,1.,0.));
#3028 = DIRECTION('',(0.,-0.,1.));
#3029 = ADVANCED_FACE('',(#3030),#3049,.T.);
#3030 = FACE_BOUND('',#3031,.T.);
#3031 = EDGE_LOOP('',(#3032,#3040,#3047,#3048));
#3032 = ORIENTED_EDGE('',*,*,#3033,.T.);
#3033 = EDGE_CURVE('',#3008,#3034,#3036,.T.);
#3034 = VERTEX_POINT('',#3035);
#3035 = CARTESIAN_POINT('',(9.86,-7.347880794884E-17,-3.));
#3036 = LINE('',#3037,#3038);
#3037 = CARTESIAN_POINT('',(9.86,0.,0.35));
#3038 = VECTOR('',#3039,1.);
#3039 = DIRECTION('',(0.,0.,-1.));
#3040 = ORIENTED_EDGE('',*,*,#3041,.F.);
#3041 = EDGE_CURVE('',#3034,#3034,#3042,.T.);
#3042 = CIRCLE('',#3043,0.3);
#3043 = AXIS2_PLACEMENT_3D('',#3044,#3045,#3046);
#3044 = CARTESIAN_POINT('',(10.16,0.,-3.));
#3045 = DIRECTION('',(0.,0.,-1.));
#3046 = DIRECTION('',(-1.,-0.,-0.));
#3047 = ORIENTED_EDGE('',*,*,#3033,.F.);
#3048 = ORIENTED_EDGE('',*,*,#3016,.F.);
#3049 = CYLINDRICAL_SURFACE('',#3050,0.3);
#3050 = AXIS2_PLACEMENT_3D('',#3051,#3052,#3053);
#3051 = CARTESIAN_POINT('',(10.16,0.,0.35));
#3052 = DIRECTION('',(0.,0.,-1.));
#3053 = DIRECTION('',(-1.,-0.,-0.));
#3054 = ADVANCED_FACE('',(#3055),#3058,.F.);
#3055 = FACE_BOUND('',#3056,.T.);
#3056 = EDGE_LOOP('',(#3057));
#3057 = ORIENTED_EDGE('',*,*,#3041,.T.);
#3058 = PLANE('',#3059);
#3059 = AXIS2_PLACEMENT_3D('',#3060,#3061,#3062);
#3060 = CARTESIAN_POINT('',(9.86,-7.347880794884E-17,-3.));
#3061 = DIRECTION('',(0.,0.,1.));
#3062 = DIRECTION('',(1.,0.,-0.));
#3063 = ( GEOMETRIC_REPRESENTATION_CONTEXT(3) 
GLOBAL_UNCERTAINTY_ASSIGNED_CONTEXT((#3067)) 
GLOBAL_UNIT_ASSIGNED_CONTEXT((#3064,#3065,#3066)) REPRESENTATION_CONTEXT
('Context #1','3D Context with UNIT and UNCERTAINTY') );
#3064 = ( LENGTH_UNIT() NAMED_UNIT(*) SI_UNIT(.MILLI.,.METRE.) );
#3065 = ( NAMED_UNIT(*) PLANE_ANGLE_UNIT() SI_UNIT($,.RADIAN.) );
#3066 = ( NAMED_UNIT(*) SI_UNIT($,.STERADIAN.) SOLID_ANGLE_UNIT() );
#3067 = UNCERTAINTY_MEASURE_WITH_UNIT(LENGTH_MEASURE(1.E-07),#3064,
  'distance_accuracy_value','confusion accuracy');
#3068 = CONTEXT_DEPENDENT_SHAPE_REPRESENTATION(#3069,#3071);
#3069 = ( REPRESENTATION_RELATIONSHIP('','',#2675,#10) 
REPRESENTATION_RELATIONSHIP_WITH_TRANSFORMATION(#3070) 
SHAPE_REPRESENTATION_RELATIONSHIP() );
#3070 = ITEM_DEFINED_TRANSFORMATION('','',#11,#23);
#3071 = PRODUCT_DEFINITION_SHAPE('Placement','Placement of an item',
  #3072);
#3072 = NEXT_ASSEMBLY_USAGE_OCCURRENCE('3','R6','',#5,#2670,$);
#3073 = PRODUCT_RELATED_PRODUCT_CATEGORY('part',$,(#2672));
#3074 = CONTEXT_DEPENDENT_SHAPE_REPRESENTATION(#3075,#3077);
#3075 = ( REPRESENTATION_RELATIONSHIP('','',#108,#10) 
REPRESENTATION_RELATIONSHIP_WITH_TRANSFORMATION(#3076) 
SHAPE_REPRESENTATION_RELATIONSHIP() );
#3076 = ITEM_DEFINED_TRANSFORMATION('','',#11,#27);
#3077 = PRODUCT_DEFINITION_SHAPE('Placement','Placement of an item',
  #3078);
#3078 = NEXT_ASSEMBLY_USAGE_OCCURRENCE('4','C6','',#5,#103,$);
#3079 = SHAPE_DEFINITION_REPRESENTATION(#3080,#3086);
#3080 = PRODUCT_DEFINITION_SHAPE('','',#3081);
#3081 = PRODUCT_DEFINITION('design','',#3082,#3085);
#3082 = PRODUCT_DEFINITION_FORMATION('','',#3083);
#3083 = PRODUCT('JST_XH_B2B-XH-A_1x02_P2.50mm_Vertical',
  'JST_XH_B2B-XH-A_1x02_P2.50mm_Vertical','',(#3084));
#3084 = PRODUCT_CONTEXT('',#2,'mechanical');
#3085 = PRODUCT_DEFINITION_CONTEXT('part definition',#2,'design');
#3086 = ADVANCED_BREP_SHAPE_REPRESENTATION('',(#11,#3087),#5802);
#3087 = MANIFOLD_SOLID_BREP('',#3088);
#3088 = CLOSED_SHELL('',(#3089,#3161,#3200,#3224,#3289,#3313,#3401,#3425
    ,#3490,#3515,#3564,#3581,#3605,#3622,#3760,#3784,#3954,#3978,#4011,
    #4035,#4066,#4083,#4116,#4140,#4171,#4183,#4216,#4233,#4250,#4262,
    #4342,#4359,#4376,#4393,#4410,#4427,#4444,#4461,#4478,#4495,#4512,
    #4524,#4541,#4558,#4604,#4650,#4681,#4705,#4729,#4746,#4777,#4801,
    #4825,#4842,#4905,#4929,#4985,#5002,#5065,#5089,#5145,#5162,#5193,
    #5217,#5241,#5258,#5289,#5313,#5337,#5354,#5401,#5432,#5444,#5461,
    #5487,#5520,#5567,#5598,#5610,#5627,#5653,#5686,#5698,#5710,#5727,
    #5744,#5756,#5773,#5790));
#3089 = ADVANCED_FACE('',(#3090),#3156,.T.);
#3090 = FACE_BOUND('',#3091,.T.);
#3091 = EDGE_LOOP('',(#3092,#3102,#3110,#3118,#3126,#3134,#3142,#3150));
#3092 = ORIENTED_EDGE('',*,*,#3093,.T.);
#3093 = EDGE_CURVE('',#3094,#3096,#3098,.T.);
#3094 = VERTEX_POINT('',#3095);
#3095 = CARTESIAN_POINT('',(-1.8,0.5,7.));
#3096 = VERTEX_POINT('',#3097);
#3097 = CARTESIAN_POINT('',(-2.45,0.5,7.));
#3098 = LINE('',#3099,#3100);
#3099 = CARTESIAN_POINT('',(4.95,0.5,7.));
#3100 = VECTOR('',#3101,1.);
#3101 = DIRECTION('',(-1.,1.224646799147E-16,0.));
#3102 = ORIENTED_EDGE('',*,*,#3103,.T.);
#3103 = EDGE_CURVE('',#3096,#3104,#3106,.T.);
#3104 = VERTEX_POINT('',#3105);
#3105 = CARTESIAN_POINT('',(-2.45,-3.4,7.));
#3106 = LINE('',#3107,#3108);
#3107 = CARTESIAN_POINT('',(-2.45,2.35,7.));
#3108 = VECTOR('',#3109,1.);
#3109 = DIRECTION('',(-1.224646799147E-16,-1.,0.));
#3110 = ORIENTED_EDGE('',*,*,#3111,.T.);
#3111 = EDGE_CURVE('',#3104,#3112,#3114,.T.);
#3112 = VERTEX_POINT('',#3113);
#3113 = CARTESIAN_POINT('',(4.95,-3.4,7.));
#3114 = LINE('',#3115,#3116);
#3115 = CARTESIAN_POINT('',(-2.45,-3.4,7.));
#3116 = VECTOR('',#3117,1.);
#3117 = DIRECTION('',(1.,0.,-0.));
#3118 = ORIENTED_EDGE('',*,*,#3119,.T.);
#3119 = EDGE_CURVE('',#3112,#3120,#3122,.T.);
#3120 = VERTEX_POINT('',#3121);
#3121 = CARTESIAN_POINT('',(4.95,0.5,7.));
#3122 = LINE('',#3123,#3124);
#3123 = CARTESIAN_POINT('',(4.95,-3.4,7.));
#3124 = VECTOR('',#3125,1.);
#3125 = DIRECTION('',(1.224646799147E-16,1.,0.));
#3126 = ORIENTED_EDGE('',*,*,#3127,.T.);
#3127 = EDGE_CURVE('',#3120,#3128,#3130,.T.);
#3128 = VERTEX_POINT('',#3129);
#3129 = CARTESIAN_POINT('',(4.3,0.5,7.));
#3130 = LINE('',#3131,#3132);
#3131 = CARTESIAN_POINT('',(4.95,0.5,7.));
#3132 = VECTOR('',#3133,1.);
#3133 = DIRECTION('',(-1.,1.224646799147E-16,0.));
#3134 = ORIENTED_EDGE('',*,*,#3135,.F.);
#3135 = EDGE_CURVE('',#3136,#3128,#3138,.T.);
#3136 = VERTEX_POINT('',#3137);
#3137 = CARTESIAN_POINT('',(4.3,-2.85,7.));
#3138 = LINE('',#3139,#3140);
#3139 = CARTESIAN_POINT('',(4.3,-2.65,7.));
#3140 = VECTOR('',#3141,1.);
#3141 = DIRECTION('',(1.224646799147E-16,1.,0.));
#3142 = ORIENTED_EDGE('',*,*,#3143,.F.);
#3143 = EDGE_CURVE('',#3144,#3136,#3146,.T.);
#3144 = VERTEX_POINT('',#3145);
#3145 = CARTESIAN_POINT('',(-1.8,-2.85,7.));
#3146 = LINE('',#3147,#3148);
#3147 = CARTESIAN_POINT('',(-1.6,-2.85,7.));
#3148 = VECTOR('',#3149,1.);
#3149 = DIRECTION('',(1.,0.,-0.));
#3150 = ORIENTED_EDGE('',*,*,#3151,.F.);
#3151 = EDGE_CURVE('',#3094,#3144,#3152,.T.);
#3152 = LINE('',#3153,#3154);
#3153 = CARTESIAN_POINT('',(-1.8,0.5,7.));
#3154 = VECTOR('',#3155,1.);
#3155 = DIRECTION('',(-1.224646799147E-16,-1.,0.));
#3156 = PLANE('',#3157);
#3157 = AXIS2_PLACEMENT_3D('',#3158,#3159,#3160);
#3158 = CARTESIAN_POINT('',(1.25,-0.525,7.));
#3159 = DIRECTION('',(0.,0.,1.));
#3160 = DIRECTION('',(-1.,1.224646799147E-16,0.));
#3161 = ADVANCED_FACE('',(#3162),#3195,.T.);
#3162 = FACE_BOUND('',#3163,.T.);
#3163 = EDGE_LOOP('',(#3164,#3174,#3182,#3188,#3189));
#3164 = ORIENTED_EDGE('',*,*,#3165,.T.);
#3165 = EDGE_CURVE('',#3166,#3168,#3170,.T.);
#3166 = VERTEX_POINT('',#3167);
#3167 = CARTESIAN_POINT('',(-1.6,0.5,6.8));
#3168 = VERTEX_POINT('',#3169);
#3169 = CARTESIAN_POINT('',(-1.6,0.5,3.65));
#3170 = LINE('',#3171,#3172);
#3171 = CARTESIAN_POINT('',(-1.6,0.5,5.325));
#3172 = VECTOR('',#3173,1.);
#3173 = DIRECTION('',(-0.,0.,-1.));
#3174 = ORIENTED_EDGE('',*,*,#3175,.T.);
#3175 = EDGE_CURVE('',#3168,#3176,#3178,.T.);
#3176 = VERTEX_POINT('',#3177);
#3177 = CARTESIAN_POINT('',(-2.45,0.5,3.65));
#3178 = LINE('',#3179,#3180);
#3179 = CARTESIAN_POINT('',(4.95,0.5,3.65));
#3180 = VECTOR('',#3181,1.);
#3181 = DIRECTION('',(-1.,1.224646799147E-16,0.));
#3182 = ORIENTED_EDGE('',*,*,#3183,.T.);
#3183 = EDGE_CURVE('',#3176,#3096,#3184,.T.);
#3184 = LINE('',#3185,#3186);
#3185 = CARTESIAN_POINT('',(-2.45,0.5,1.825));
#3186 = VECTOR('',#3187,1.);
#3187 = DIRECTION('',(0.,0.,1.));
#3188 = ORIENTED_EDGE('',*,*,#3093,.F.);
#3189 = ORIENTED_EDGE('',*,*,#3190,.T.);
#3190 = EDGE_CURVE('',#3094,#3166,#3191,.T.);
#3191 = LINE('',#3192,#3193);
#3192 = CARTESIAN_POINT('',(0.775,0.5,4.425));
#3193 = VECTOR('',#3194,1.);
#3194 = DIRECTION('',(0.707106781187,-8.659560562349E-17,-0.707106781187
    ));
#3195 = PLANE('',#3196);
#3196 = AXIS2_PLACEMENT_3D('',#3197,#3198,#3199);
#3197 = CARTESIAN_POINT('',(4.95,0.5,3.65));
#3198 = DIRECTION('',(1.224646799147E-16,1.,0.));
#3199 = DIRECTION('',(0.,-0.,1.));
#3200 = ADVANCED_FACE('',(#3201),#3219,.F.);
#3201 = FACE_BOUND('',#3202,.T.);
#3202 = EDGE_LOOP('',(#3203,#3204,#3205,#3213));
#3203 = ORIENTED_EDGE('',*,*,#3190,.F.);
#3204 = ORIENTED_EDGE('',*,*,#3151,.T.);
#3205 = ORIENTED_EDGE('',*,*,#3206,.T.);
#3206 = EDGE_CURVE('',#3144,#3207,#3209,.T.);
#3207 = VERTEX_POINT('',#3208);
#3208 = CARTESIAN_POINT('',(-1.6,-2.65,6.8));
#3209 = LINE('',#3210,#3211);
#3210 = CARTESIAN_POINT('',(-1.141666666667,-2.191666666667,
    6.341666666667));
#3211 = VECTOR('',#3212,1.);
#3212 = DIRECTION('',(0.57735026919,0.57735026919,-0.57735026919));
#3213 = ORIENTED_EDGE('',*,*,#3214,.F.);
#3214 = EDGE_CURVE('',#3166,#3207,#3215,.T.);
#3215 = LINE('',#3216,#3217);
#3216 = CARTESIAN_POINT('',(-1.6,0.5,6.8));
#3217 = VECTOR('',#3218,1.);
#3218 = DIRECTION('',(-1.224646799147E-16,-1.,0.));
#3219 = PLANE('',#3220);
#3220 = AXIS2_PLACEMENT_3D('',#3221,#3222,#3223);
#3221 = CARTESIAN_POINT('',(-1.7,0.5,6.9));
#3222 = DIRECTION('',(-0.707106781187,8.659560562349E-17,-0.707106781187
    ));
#3223 = DIRECTION('',(1.224646799147E-16,1.,-2.105272540809E-29));
#3224 = ADVANCED_FACE('',(#3225),#3284,.F.);
#3225 = FACE_BOUND('',#3226,.F.);
#3226 = EDGE_LOOP('',(#3227,#3237,#3245,#3253,#3261,#3270,#3276,#3277,
    #3278));
#3227 = ORIENTED_EDGE('',*,*,#3228,.F.);
#3228 = EDGE_CURVE('',#3229,#3231,#3233,.T.);
#3229 = VERTEX_POINT('',#3230);
#3230 = CARTESIAN_POINT('',(-2.45,2.35,0.));
#3231 = VERTEX_POINT('',#3232);
#3232 = CARTESIAN_POINT('',(-2.45,-3.4,0.));
#3233 = LINE('',#3234,#3235);
#3234 = CARTESIAN_POINT('',(-2.45,2.35,0.));
#3235 = VECTOR('',#3236,1.);
#3236 = DIRECTION('',(-1.224646799147E-16,-1.,0.));
#3237 = ORIENTED_EDGE('',*,*,#3238,.T.);
#3238 = EDGE_CURVE('',#3229,#3239,#3241,.T.);
#3239 = VERTEX_POINT('',#3240);
#3240 = CARTESIAN_POINT('',(-2.45,2.35,7.));
#3241 = LINE('',#3242,#3243);
#3242 = CARTESIAN_POINT('',(-2.45,2.35,0.));
#3243 = VECTOR('',#3244,1.);
#3244 = DIRECTION('',(0.,0.,1.));
#3245 = ORIENTED_EDGE('',*,*,#3246,.T.);
#3246 = EDGE_CURVE('',#3239,#3247,#3249,.T.);
#3247 = VERTEX_POINT('',#3248);
#3248 = CARTESIAN_POINT('',(-2.45,1.5,7.));
#3249 = LINE('',#3250,#3251);
#3250 = CARTESIAN_POINT('',(-2.45,2.35,7.));
#3251 = VECTOR('',#3252,1.);
#3252 = DIRECTION('',(-1.224646799147E-16,-1.,0.));
#3253 = ORIENTED_EDGE('',*,*,#3254,.T.);
#3254 = EDGE_CURVE('',#3247,#3255,#3257,.T.);
#3255 = VERTEX_POINT('',#3256);
#3256 = CARTESIAN_POINT('',(-2.45,1.5,4.15));
#3257 = LINE('',#3258,#3259);
#3258 = CARTESIAN_POINT('',(-2.45,1.5,3.5));
#3259 = VECTOR('',#3260,1.);
#3260 = DIRECTION('',(-0.,0.,-1.));
#3261 = ORIENTED_EDGE('',*,*,#3262,.F.);
#3262 = EDGE_CURVE('',#3263,#3255,#3265,.T.);
#3263 = VERTEX_POINT('',#3264);
#3264 = CARTESIAN_POINT('',(-2.45,1.,3.65));
#3265 = CIRCLE('',#3266,0.5);
#3266 = AXIS2_PLACEMENT_3D('',#3267,#3268,#3269);
#3267 = CARTESIAN_POINT('',(-2.45,1.,4.15));
#3268 = DIRECTION('',(1.,0.,-0.));
#3269 = DIRECTION('',(0.,1.,0.));
#3270 = ORIENTED_EDGE('',*,*,#3271,.T.);
#3271 = EDGE_CURVE('',#3263,#3176,#3272,.T.);
#3272 = LINE('',#3273,#3274);
#3273 = CARTESIAN_POINT('',(-2.45,1.675,3.65));
#3274 = VECTOR('',#3275,1.);
#3275 = DIRECTION('',(-1.224646799147E-16,-1.,0.));
#3276 = ORIENTED_EDGE('',*,*,#3183,.T.);
#3277 = ORIENTED_EDGE('',*,*,#3103,.T.);
#3278 = ORIENTED_EDGE('',*,*,#3279,.F.);
#3279 = EDGE_CURVE('',#3231,#3104,#3280,.T.);
#3280 = LINE('',#3281,#3282);
#3281 = CARTESIAN_POINT('',(-2.45,-3.4,0.));
#3282 = VECTOR('',#3283,1.);
#3283 = DIRECTION('',(0.,0.,1.));
#3284 = PLANE('',#3285);
#3285 = AXIS2_PLACEMENT_3D('',#3286,#3287,#3288);
#3286 = CARTESIAN_POINT('',(-2.45,2.35,0.));
#3287 = DIRECTION('',(1.,0.,-0.));
#3288 = DIRECTION('',(0.,-1.,0.));
#3289 = ADVANCED_FACE('',(#3290),#3308,.F.);
#3290 = FACE_BOUND('',#3291,.T.);
#3291 = EDGE_LOOP('',(#3292,#3293,#3294,#3302));
#3292 = ORIENTED_EDGE('',*,*,#3206,.F.);
#3293 = ORIENTED_EDGE('',*,*,#3143,.T.);
#3294 = ORIENTED_EDGE('',*,*,#3295,.T.);
#3295 = EDGE_CURVE('',#3136,#3296,#3298,.T.);
#3296 = VERTEX_POINT('',#3297);
#3297 = CARTESIAN_POINT('',(4.1,-2.65,6.8));
#3298 = LINE('',#3299,#3300);
#3299 = CARTESIAN_POINT('',(3.216666666667,-1.766666666667,
    5.916666666667));
#3300 = VECTOR('',#3301,1.);
#3301 = DIRECTION('',(-0.57735026919,0.57735026919,-0.57735026919));
#3302 = ORIENTED_EDGE('',*,*,#3303,.F.);
#3303 = EDGE_CURVE('',#3207,#3296,#3304,.T.);
#3304 = LINE('',#3305,#3306);
#3305 = CARTESIAN_POINT('',(-1.6,-2.65,6.8));
#3306 = VECTOR('',#3307,1.);
#3307 = DIRECTION('',(1.,0.,-0.));
#3308 = PLANE('',#3309);
#3309 = AXIS2_PLACEMENT_3D('',#3310,#3311,#3312);
#3310 = CARTESIAN_POINT('',(-1.6,-2.75,6.9));
#3311 = DIRECTION('',(-8.659560562349E-17,-0.707106781187,
    -0.707106781187));
#3312 = DIRECTION('',(-1.,1.224646799147E-16,-2.105272540809E-29));
#3313 = ADVANCED_FACE('',(#3314),#3396,.F.);
#3314 = FACE_BOUND('',#3315,.F.);
#3315 = EDGE_LOOP('',(#3316,#3324,#3325,#3326,#3334,#3342,#3350,#3358,
    #3366,#3374,#3382,#3390));
#3316 = ORIENTED_EDGE('',*,*,#3317,.F.);
#3317 = EDGE_CURVE('',#3231,#3318,#3320,.T.);
#3318 = VERTEX_POINT('',#3319);
#3319 = CARTESIAN_POINT('',(-0.75,-3.4,0.));
#3320 = LINE('',#3321,#3322);
#3321 = CARTESIAN_POINT('',(-2.45,-3.4,0.));
#3322 = VECTOR('',#3323,1.);
#3323 = DIRECTION('',(1.,0.,-0.));
#3324 = ORIENTED_EDGE('',*,*,#3279,.T.);
#3325 = ORIENTED_EDGE('',*,*,#3111,.T.);
#3326 = ORIENTED_EDGE('',*,*,#3327,.F.);
#3327 = EDGE_CURVE('',#3328,#3112,#3330,.T.);
#3328 = VERTEX_POINT('',#3329);
#3329 = CARTESIAN_POINT('',(4.95,-3.4,0.));
#3330 = LINE('',#3331,#3332);
#3331 = CARTESIAN_POINT('',(4.95,-3.4,0.));
#3332 = VECTOR('',#3333,1.);
#3333 = DIRECTION('',(0.,0.,1.));
#3334 = ORIENTED_EDGE('',*,*,#3335,.F.);
#3335 = EDGE_CURVE('',#3336,#3328,#3338,.T.);
#3336 = VERTEX_POINT('',#3337);
#3337 = CARTESIAN_POINT('',(3.25,-3.4,0.));
#3338 = LINE('',#3339,#3340);
#3339 = CARTESIAN_POINT('',(-2.45,-3.4,0.));
#3340 = VECTOR('',#3341,1.);
#3341 = DIRECTION('',(1.,0.,-0.));
#3342 = ORIENTED_EDGE('',*,*,#3343,.F.);
#3343 = EDGE_CURVE('',#3344,#3336,#3346,.T.);
#3344 = VERTEX_POINT('',#3345);
#3345 = CARTESIAN_POINT('',(3.25,-3.4,1.));
#3346 = LINE('',#3347,#3348);
#3347 = CARTESIAN_POINT('',(3.25,-3.4,1.));
#3348 = VECTOR('',#3349,1.);
#3349 = DIRECTION('',(-0.,0.,-1.));
#3350 = ORIENTED_EDGE('',*,*,#3351,.T.);
#3351 = EDGE_CURVE('',#3344,#3352,#3354,.T.);
#3352 = VERTEX_POINT('',#3353);
#3353 = CARTESIAN_POINT('',(1.75,-3.4,1.));
#3354 = LINE('',#3355,#3356);
#3355 = CARTESIAN_POINT('',(3.25,-3.4,1.));
#3356 = VECTOR('',#3357,1.);
#3357 = DIRECTION('',(-1.,1.224646799147E-16,0.));
#3358 = ORIENTED_EDGE('',*,*,#3359,.T.);
#3359 = EDGE_CURVE('',#3352,#3360,#3362,.T.);
#3360 = VERTEX_POINT('',#3361);
#3361 = CARTESIAN_POINT('',(1.75,-3.4,0.));
#3362 = LINE('',#3363,#3364);
#3363 = CARTESIAN_POINT('',(1.75,-3.4,1.));
#3364 = VECTOR('',#3365,1.);
#3365 = DIRECTION('',(-0.,0.,-1.));
#3366 = ORIENTED_EDGE('',*,*,#3367,.F.);
#3367 = EDGE_CURVE('',#3368,#3360,#3370,.T.);
#3368 = VERTEX_POINT('',#3369);
#3369 = CARTESIAN_POINT('',(0.75,-3.4,0.));
#3370 = LINE('',#3371,#3372);
#3371 = CARTESIAN_POINT('',(-2.45,-3.4,0.));
#3372 = VECTOR('',#3373,1.);
#3373 = DIRECTION('',(1.,0.,-0.));
#3374 = ORIENTED_EDGE('',*,*,#3375,.F.);
#3375 = EDGE_CURVE('',#3376,#3368,#3378,.T.);
#3376 = VERTEX_POINT('',#3377);
#3377 = CARTESIAN_POINT('',(0.75,-3.4,1.));
#3378 = LINE('',#3379,#3380);
#3379 = CARTESIAN_POINT('',(0.75,-3.4,1.));
#3380 = VECTOR('',#3381,1.);
#3381 = DIRECTION('',(-0.,0.,-1.));
#3382 = ORIENTED_EDGE('',*,*,#3383,.T.);
#3383 = EDGE_CURVE('',#3376,#3384,#3386,.T.);
#3384 = VERTEX_POINT('',#3385);
#3385 = CARTESIAN_POINT('',(-0.75,-3.4,1.));
#3386 = LINE('',#3387,#3388);
#3387 = CARTESIAN_POINT('',(0.75,-3.4,1.));
#3388 = VECTOR('',#3389,1.);
#3389 = DIRECTION('',(-1.,1.224646799147E-16,0.));
#3390 = ORIENTED_EDGE('',*,*,#3391,.T.);
#3391 = EDGE_CURVE('',#3384,#3318,#3392,.T.);
#3392 = LINE('',#3393,#3394);
#3393 = CARTESIAN_POINT('',(-0.75,-3.4,1.));
#3394 = VECTOR('',#3395,1.);
#3395 = DIRECTION('',(-0.,0.,-1.));
#3396 = PLANE('',#3397);
#3397 = AXIS2_PLACEMENT_3D('',#3398,#3399,#3400);
#3398 = CARTESIAN_POINT('',(-2.45,-3.4,0.));
#3399 = DIRECTION('',(1.224646799147E-16,1.,0.));
#3400 = DIRECTION('',(1.,-1.224646799147E-16,-0.));
#3401 = ADVANCED_FACE('',(#3402),#3420,.F.);
#3402 = FACE_BOUND('',#3403,.T.);
#3403 = EDGE_LOOP('',(#3404,#3405,#3406,#3414));
#3404 = ORIENTED_EDGE('',*,*,#3295,.F.);
#3405 = ORIENTED_EDGE('',*,*,#3135,.T.);
#3406 = ORIENTED_EDGE('',*,*,#3407,.T.);
#3407 = EDGE_CURVE('',#3128,#3408,#3410,.T.);
#3408 = VERTEX_POINT('',#3409);
#3409 = CARTESIAN_POINT('',(4.1,0.5,6.8));
#3410 = LINE('',#3411,#3412);
#3411 = CARTESIAN_POINT('',(3.575,0.5,6.275));
#3412 = VECTOR('',#3413,1.);
#3413 = DIRECTION('',(-0.707106781187,8.659560562349E-17,-0.707106781187
    ));
#3414 = ORIENTED_EDGE('',*,*,#3415,.F.);
#3415 = EDGE_CURVE('',#3296,#3408,#3416,.T.);
#3416 = LINE('',#3417,#3418);
#3417 = CARTESIAN_POINT('',(4.1,-2.65,6.8));
#3418 = VECTOR('',#3419,1.);
#3419 = DIRECTION('',(1.224646799147E-16,1.,0.));
#3420 = PLANE('',#3421);
#3421 = AXIS2_PLACEMENT_3D('',#3422,#3423,#3424);
#3422 = CARTESIAN_POINT('',(4.2,-2.65,6.9));
#3423 = DIRECTION('',(0.707106781187,-8.659560562349E-17,-0.707106781187
    ));
#3424 = DIRECTION('',(-1.224646799147E-16,-1.,-2.105272540809E-29));
#3425 = ADVANCED_FACE('',(#3426),#3485,.F.);
#3426 = FACE_BOUND('',#3427,.F.);
#3427 = EDGE_LOOP('',(#3428,#3436,#3437,#3438,#3446,#3454,#3463,#3471,
    #3479));
#3428 = ORIENTED_EDGE('',*,*,#3429,.F.);
#3429 = EDGE_CURVE('',#3328,#3430,#3432,.T.);
#3430 = VERTEX_POINT('',#3431);
#3431 = CARTESIAN_POINT('',(4.95,2.35,0.));
#3432 = LINE('',#3433,#3434);
#3433 = CARTESIAN_POINT('',(4.95,-3.4,0.));
#3434 = VECTOR('',#3435,1.);
#3435 = DIRECTION('',(1.224646799147E-16,1.,0.));
#3436 = ORIENTED_EDGE('',*,*,#3327,.T.);
#3437 = ORIENTED_EDGE('',*,*,#3119,.T.);
#3438 = ORIENTED_EDGE('',*,*,#3439,.F.);
#3439 = EDGE_CURVE('',#3440,#3120,#3442,.T.);
#3440 = VERTEX_POINT('',#3441);
#3441 = CARTESIAN_POINT('',(4.95,0.5,3.65));
#3442 = LINE('',#3443,#3444);
#3443 = CARTESIAN_POINT('',(4.95,0.5,3.65));
#3444 = VECTOR('',#3445,1.);
#3445 = DIRECTION('',(0.,0.,1.));
#3446 = ORIENTED_EDGE('',*,*,#3447,.F.);
#3447 = EDGE_CURVE('',#3448,#3440,#3450,.T.);
#3448 = VERTEX_POINT('',#3449);
#3449 = CARTESIAN_POINT('',(4.95,1.,3.65));
#3450 = LINE('',#3451,#3452);
#3451 = CARTESIAN_POINT('',(4.95,1.,3.65));
#3452 = VECTOR('',#3453,1.);
#3453 = DIRECTION('',(-1.224646799147E-16,-1.,0.));
#3454 = ORIENTED_EDGE('',*,*,#3455,.F.);
#3455 = EDGE_CURVE('',#3456,#3448,#3458,.T.);
#3456 = VERTEX_POINT('',#3457);
#3457 = CARTESIAN_POINT('',(4.95,1.5,4.15));
#3458 = CIRCLE('',#3459,0.5);
#3459 = AXIS2_PLACEMENT_3D('',#3460,#3461,#3462);
#3460 = CARTESIAN_POINT('',(4.95,1.,4.15));
#3461 = DIRECTION('',(-1.,1.224646799147E-16,0.));
#3462 = DIRECTION('',(1.224646799147E-16,1.,0.));
#3463 = ORIENTED_EDGE('',*,*,#3464,.F.);
#3464 = EDGE_CURVE('',#3465,#3456,#3467,.T.);
#3465 = VERTEX_POINT('',#3466);
#3466 = CARTESIAN_POINT('',(4.95,1.5,7.));
#3467 = LINE('',#3468,#3469);
#3468 = CARTESIAN_POINT('',(4.95,1.5,7.));
#3469 = VECTOR('',#3470,1.);
#3470 = DIRECTION('',(-0.,0.,-1.));
#3471 = ORIENTED_EDGE('',*,*,#3472,.T.);
#3472 = EDGE_CURVE('',#3465,#3473,#3475,.T.);
#3473 = VERTEX_POINT('',#3474);
#3474 = CARTESIAN_POINT('',(4.95,2.35,7.));
#3475 = LINE('',#3476,#3477);
#3476 = CARTESIAN_POINT('',(4.95,-3.4,7.));
#3477 = VECTOR('',#3478,1.);
#3478 = DIRECTION('',(1.224646799147E-16,1.,0.));
#3479 = ORIENTED_EDGE('',*,*,#3480,.F.);
#3480 = EDGE_CURVE('',#3430,#3473,#3481,.T.);
#3481 = LINE('',#3482,#3483);
#3482 = CARTESIAN_POINT('',(4.95,2.35,0.));
#3483 = VECTOR('',#3484,1.);
#3484 = DIRECTION('',(0.,0.,1.));
#3485 = PLANE('',#3486);
#3486 = AXIS2_PLACEMENT_3D('',#3487,#3488,#3489);
#3487 = CARTESIAN_POINT('',(4.95,-3.4,0.));
#3488 = DIRECTION('',(-1.,1.224646799147E-16,0.));
#3489 = DIRECTION('',(1.224646799147E-16,1.,0.));
#3490 = ADVANCED_FACE('',(#3491),#3510,.T.);
#3491 = FACE_BOUND('',#3492,.T.);
#3492 = EDGE_LOOP('',(#3493,#3494,#3495,#3503,#3509));
#3493 = ORIENTED_EDGE('',*,*,#3127,.F.);
#3494 = ORIENTED_EDGE('',*,*,#3439,.F.);
#3495 = ORIENTED_EDGE('',*,*,#3496,.T.);
#3496 = EDGE_CURVE('',#3440,#3497,#3499,.T.);
#3497 = VERTEX_POINT('',#3498);
#3498 = CARTESIAN_POINT('',(4.1,0.5,3.65));
#3499 = LINE('',#3500,#3501);
#3500 = CARTESIAN_POINT('',(4.95,0.5,3.65));
#3501 = VECTOR('',#3502,1.);
#3502 = DIRECTION('',(-1.,1.224646799147E-16,0.));
#3503 = ORIENTED_EDGE('',*,*,#3504,.T.);
#3504 = EDGE_CURVE('',#3497,#3408,#3505,.T.);
#3505 = LINE('',#3506,#3507);
#3506 = CARTESIAN_POINT('',(4.1,0.5,5.325));
#3507 = VECTOR('',#3508,1.);
#3508 = DIRECTION('',(0.,0.,1.));
#3509 = ORIENTED_EDGE('',*,*,#3407,.F.);
#3510 = PLANE('',#3511);
#3511 = AXIS2_PLACEMENT_3D('',#3512,#3513,#3514);
#3512 = CARTESIAN_POINT('',(4.95,0.5,3.65));
#3513 = DIRECTION('',(1.224646799147E-16,1.,0.));
#3514 = DIRECTION('',(0.,-0.,1.));
#3515 = ADVANCED_FACE('',(#3516),#3559,.F.);
#3516 = FACE_BOUND('',#3517,.F.);
#3517 = EDGE_LOOP('',(#3518,#3519,#3527,#3536,#3544,#3552,#3558));
#3518 = ORIENTED_EDGE('',*,*,#3165,.T.);
#3519 = ORIENTED_EDGE('',*,*,#3520,.T.);
#3520 = EDGE_CURVE('',#3168,#3521,#3523,.T.);
#3521 = VERTEX_POINT('',#3522);
#3522 = CARTESIAN_POINT('',(-1.6,1.,3.65));
#3523 = LINE('',#3524,#3525);
#3524 = CARTESIAN_POINT('',(-1.6,1.25,3.65));
#3525 = VECTOR('',#3526,1.);
#3526 = DIRECTION('',(1.224646799147E-16,1.,0.));
#3527 = ORIENTED_EDGE('',*,*,#3528,.T.);
#3528 = EDGE_CURVE('',#3521,#3529,#3531,.T.);
#3529 = VERTEX_POINT('',#3530);
#3530 = CARTESIAN_POINT('',(-1.6,1.5,4.15));
#3531 = CIRCLE('',#3532,0.5);
#3532 = AXIS2_PLACEMENT_3D('',#3533,#3534,#3535);
#3533 = CARTESIAN_POINT('',(-1.6,1.,4.15));
#3534 = DIRECTION('',(1.,0.,-0.));
#3535 = DIRECTION('',(0.,1.,0.));
#3536 = ORIENTED_EDGE('',*,*,#3537,.T.);
#3537 = EDGE_CURVE('',#3529,#3538,#3540,.T.);
#3538 = VERTEX_POINT('',#3539);
#3539 = CARTESIAN_POINT('',(-1.6,1.5,1.85));
#3540 = LINE('',#3541,#3542);
#3541 = CARTESIAN_POINT('',(-1.6,1.5,7.));
#3542 = VECTOR('',#3543,1.);
#3543 = DIRECTION('',(-0.,0.,-1.));
#3544 = ORIENTED_EDGE('',*,*,#3545,.T.);
#3545 = EDGE_CURVE('',#3538,#3546,#3548,.T.);
#3546 = VERTEX_POINT('',#3547);
#3547 = CARTESIAN_POINT('',(-1.6,-2.65,1.85));
#3548 = LINE('',#3549,#3550);
#3549 = CARTESIAN_POINT('',(-1.6,1.5,1.85));
#3550 = VECTOR('',#3551,1.);
#3551 = DIRECTION('',(-1.224646799147E-16,-1.,0.));
#3552 = ORIENTED_EDGE('',*,*,#3553,.F.);
#3553 = EDGE_CURVE('',#3207,#3546,#3554,.T.);
#3554 = LINE('',#3555,#3556);
#3555 = CARTESIAN_POINT('',(-1.6,-2.65,7.));
#3556 = VECTOR('',#3557,1.);
#3557 = DIRECTION('',(-0.,0.,-1.));
#3558 = ORIENTED_EDGE('',*,*,#3214,.F.);
#3559 = PLANE('',#3560);
#3560 = AXIS2_PLACEMENT_3D('',#3561,#3562,#3563);
#3561 = CARTESIAN_POINT('',(-1.6,1.5,7.));
#3562 = DIRECTION('',(-1.,1.224646799147E-16,0.));
#3563 = DIRECTION('',(-1.224646799147E-16,-1.,0.));
#3564 = ADVANCED_FACE('',(#3565),#3576,.T.);
#3565 = FACE_BOUND('',#3566,.T.);
#3566 = EDGE_LOOP('',(#3567,#3568,#3574,#3575));
#3567 = ORIENTED_EDGE('',*,*,#3520,.T.);
#3568 = ORIENTED_EDGE('',*,*,#3569,.T.);
#3569 = EDGE_CURVE('',#3521,#3263,#3570,.T.);
#3570 = LINE('',#3571,#3572);
#3571 = CARTESIAN_POINT('',(4.95,1.,3.65));
#3572 = VECTOR('',#3573,1.);
#3573 = DIRECTION('',(-1.,1.224646799147E-16,0.));
#3574 = ORIENTED_EDGE('',*,*,#3271,.T.);
#3575 = ORIENTED_EDGE('',*,*,#3175,.F.);
#3576 = PLANE('',#3577);
#3577 = AXIS2_PLACEMENT_3D('',#3578,#3579,#3580);
#3578 = CARTESIAN_POINT('',(4.95,1.,3.65));
#3579 = DIRECTION('',(0.,0.,1.));
#3580 = DIRECTION('',(-1.224646799147E-16,-1.,0.));
#3581 = ADVANCED_FACE('',(#3582),#3600,.F.);
#3582 = FACE_BOUND('',#3583,.F.);
#3583 = EDGE_LOOP('',(#3584,#3585,#3593,#3599));
#3584 = ORIENTED_EDGE('',*,*,#3317,.T.);
#3585 = ORIENTED_EDGE('',*,*,#3586,.T.);
#3586 = EDGE_CURVE('',#3318,#3587,#3589,.T.);
#3587 = VERTEX_POINT('',#3588);
#3588 = CARTESIAN_POINT('',(-0.75,2.35,0.));
#3589 = LINE('',#3590,#3591);
#3590 = CARTESIAN_POINT('',(-0.75,-3.4,0.));
#3591 = VECTOR('',#3592,1.);
#3592 = DIRECTION('',(1.224646799147E-16,1.,0.));
#3593 = ORIENTED_EDGE('',*,*,#3594,.T.);
#3594 = EDGE_CURVE('',#3587,#3229,#3595,.T.);
#3595 = LINE('',#3596,#3597);
#3596 = CARTESIAN_POINT('',(4.95,2.35,0.));
#3597 = VECTOR('',#3598,1.);
#3598 = DIRECTION('',(-1.,1.224646799147E-16,0.));
#3599 = ORIENTED_EDGE('',*,*,#3228,.T.);
#3600 = PLANE('',#3601);
#3601 = AXIS2_PLACEMENT_3D('',#3602,#3603,#3604);
#3602 = CARTESIAN_POINT('',(1.25,-0.525,0.));
#3603 = DIRECTION('',(0.,0.,1.));
#3604 = DIRECTION('',(-1.,1.224646799147E-16,0.));
#3605 = ADVANCED_FACE('',(#3606),#3617,.F.);
#3606 = FACE_BOUND('',#3607,.F.);
#3607 = EDGE_LOOP('',(#3608,#3609,#3610,#3616));
#3608 = ORIENTED_EDGE('',*,*,#3569,.T.);
#3609 = ORIENTED_EDGE('',*,*,#3262,.T.);
#3610 = ORIENTED_EDGE('',*,*,#3611,.F.);
#3611 = EDGE_CURVE('',#3529,#3255,#3612,.T.);
#3612 = LINE('',#3613,#3614);
#3613 = CARTESIAN_POINT('',(4.95,1.5,4.15));
#3614 = VECTOR('',#3615,1.);
#3615 = DIRECTION('',(-1.,1.224646799147E-16,0.));
#3616 = ORIENTED_EDGE('',*,*,#3528,.F.);
#3617 = CYLINDRICAL_SURFACE('',#3618,0.5);
#3618 = AXIS2_PLACEMENT_3D('',#3619,#3620,#3621);
#3619 = CARTESIAN_POINT('',(4.95,1.,4.15));
#3620 = DIRECTION('',(1.,0.,-0.));
#3621 = DIRECTION('',(0.,1.,0.));
#3622 = ADVANCED_FACE('',(#3623),#3755,.T.);
#3623 = FACE_BOUND('',#3624,.T.);
#3624 = EDGE_LOOP('',(#3625,#3626,#3634,#3642,#3650,#3658,#3666,#3675,
    #3683,#3692,#3700,#3708,#3716,#3724,#3730,#3731,#3732,#3733,#3741,
    #3749));
#3625 = ORIENTED_EDGE('',*,*,#3464,.F.);
#3626 = ORIENTED_EDGE('',*,*,#3627,.T.);
#3627 = EDGE_CURVE('',#3465,#3628,#3630,.T.);
#3628 = VERTEX_POINT('',#3629);
#3629 = CARTESIAN_POINT('',(3.,1.5,7.));
#3630 = LINE('',#3631,#3632);
#3631 = CARTESIAN_POINT('',(4.95,1.5,7.));
#3632 = VECTOR('',#3633,1.);
#3633 = DIRECTION('',(-1.,1.224646799147E-16,0.));
#3634 = ORIENTED_EDGE('',*,*,#3635,.T.);
#3635 = EDGE_CURVE('',#3628,#3636,#3638,.T.);
#3636 = VERTEX_POINT('',#3637);
#3637 = CARTESIAN_POINT('',(3.,1.5,6.1));
#3638 = LINE('',#3639,#3640);
#3639 = CARTESIAN_POINT('',(3.,1.5,5.340388446215));
#3640 = VECTOR('',#3641,1.);
#3641 = DIRECTION('',(-0.,0.,-1.));
#3642 = ORIENTED_EDGE('',*,*,#3643,.T.);
#3643 = EDGE_CURVE('',#3636,#3644,#3646,.T.);
#3644 = VERTEX_POINT('',#3645);
#3645 = CARTESIAN_POINT('',(2.75,1.5,5.85));
#3646 = LINE('',#3647,#3648);
#3647 = CARTESIAN_POINT('',(2.057694223108,1.5,5.157694223108));
#3648 = VECTOR('',#3649,1.);
#3649 = DIRECTION('',(-0.707106781187,8.659560562349E-17,-0.707106781187
    ));
#3650 = ORIENTED_EDGE('',*,*,#3651,.T.);
#3651 = EDGE_CURVE('',#3644,#3652,#3654,.T.);
#3652 = VERTEX_POINT('',#3653);
#3653 = CARTESIAN_POINT('',(3.,1.5,5.6));
#3654 = LINE('',#3655,#3656);
#3655 = CARTESIAN_POINT('',(2.817305776892,1.5,5.782694223108));
#3656 = VECTOR('',#3657,1.);
#3657 = DIRECTION('',(0.707106781187,-8.659560562349E-17,-0.707106781187
    ));
#3658 = ORIENTED_EDGE('',*,*,#3659,.T.);
#3659 = EDGE_CURVE('',#3652,#3660,#3662,.T.);
#3660 = VERTEX_POINT('',#3661);
#3661 = CARTESIAN_POINT('',(3.,1.5,3.85));
#3662 = LINE('',#3663,#3664);
#3663 = CARTESIAN_POINT('',(3.,1.5,3.840388446215));
#3664 = VECTOR('',#3665,1.);
#3665 = DIRECTION('',(-0.,0.,-1.));
#3666 = ORIENTED_EDGE('',*,*,#3667,.F.);
#3667 = EDGE_CURVE('',#3668,#3660,#3670,.T.);
#3668 = VERTEX_POINT('',#3669);
#3669 = CARTESIAN_POINT('',(2.25,1.5,3.1));
#3670 = CIRCLE('',#3671,0.75);
#3671 = AXIS2_PLACEMENT_3D('',#3672,#3673,#3674);
#3672 = CARTESIAN_POINT('',(2.25,1.5,3.85));
#3673 = DIRECTION('',(-1.224646799147E-16,-1.,0.));
#3674 = DIRECTION('',(-0.,0.,-1.));
#3675 = ORIENTED_EDGE('',*,*,#3676,.F.);
#3676 = EDGE_CURVE('',#3677,#3668,#3679,.T.);
#3677 = VERTEX_POINT('',#3678);
#3678 = CARTESIAN_POINT('',(0.25,1.5,3.1));
#3679 = LINE('',#3680,#3681);
#3680 = CARTESIAN_POINT('',(1.25,1.5,3.1));
#3681 = VECTOR('',#3682,1.);
#3682 = DIRECTION('',(1.,0.,-0.));
#3683 = ORIENTED_EDGE('',*,*,#3684,.F.);
#3684 = EDGE_CURVE('',#3685,#3677,#3687,.T.);
#3685 = VERTEX_POINT('',#3686);
#3686 = CARTESIAN_POINT('',(-0.5,1.5,3.85));
#3687 = CIRCLE('',#3688,0.75);
#3688 = AXIS2_PLACEMENT_3D('',#3689,#3690,#3691);
#3689 = CARTESIAN_POINT('',(0.25,1.5,3.85));
#3690 = DIRECTION('',(-1.224646799147E-16,-1.,0.));
#3691 = DIRECTION('',(-0.,0.,-1.));
#3692 = ORIENTED_EDGE('',*,*,#3693,.F.);
#3693 = EDGE_CURVE('',#3694,#3685,#3696,.T.);
#3694 = VERTEX_POINT('',#3695);
#3695 = CARTESIAN_POINT('',(-0.5,1.5,5.6));
#3696 = LINE('',#3697,#3698);
#3697 = CARTESIAN_POINT('',(-0.5,1.5,3.840388446215));
#3698 = VECTOR('',#3699,1.);
#3699 = DIRECTION('',(-0.,0.,-1.));
#3700 = ORIENTED_EDGE('',*,*,#3701,.F.);
#3701 = EDGE_CURVE('',#3702,#3694,#3704,.T.);
#3702 = VERTEX_POINT('',#3703);
#3703 = CARTESIAN_POINT('',(-0.25,1.5,5.85));
#3704 = LINE('',#3705,#3706);
#3705 = CARTESIAN_POINT('',(-0.317305776892,1.5,5.782694223108));
#3706 = VECTOR('',#3707,1.);
#3707 = DIRECTION('',(-0.707106781187,8.659560562349E-17,-0.707106781187
    ));
#3708 = ORIENTED_EDGE('',*,*,#3709,.F.);
#3709 = EDGE_CURVE('',#3710,#3702,#3712,.T.);
#3710 = VERTEX_POINT('',#3711);
#3711 = CARTESIAN_POINT('',(-0.5,1.5,6.1));
#3712 = LINE('',#3713,#3714);
#3713 = CARTESIAN_POINT('',(0.442305776892,1.5,5.157694223108));
#3714 = VECTOR('',#3715,1.);
#3715 = DIRECTION('',(0.707106781187,-8.659560562349E-17,-0.707106781187
    ));
#3716 = ORIENTED_EDGE('',*,*,#3717,.F.);
#3717 = EDGE_CURVE('',#3718,#3710,#3720,.T.);
#3718 = VERTEX_POINT('',#3719);
#3719 = CARTESIAN_POINT('',(-0.5,1.5,7.));
#3720 = LINE('',#3721,#3722);
#3721 = CARTESIAN_POINT('',(-0.5,1.5,5.340388446215));
#3722 = VECTOR('',#3723,1.);
#3723 = DIRECTION('',(-0.,0.,-1.));
#3724 = ORIENTED_EDGE('',*,*,#3725,.T.);
#3725 = EDGE_CURVE('',#3718,#3247,#3726,.T.);
#3726 = LINE('',#3727,#3728);
#3727 = CARTESIAN_POINT('',(4.95,1.5,7.));
#3728 = VECTOR('',#3729,1.);
#3729 = DIRECTION('',(-1.,1.224646799147E-16,0.));
#3730 = ORIENTED_EDGE('',*,*,#3254,.T.);
#3731 = ORIENTED_EDGE('',*,*,#3611,.F.);
#3732 = ORIENTED_EDGE('',*,*,#3537,.T.);
#3733 = ORIENTED_EDGE('',*,*,#3734,.F.);
#3734 = EDGE_CURVE('',#3735,#3538,#3737,.T.);
#3735 = VERTEX_POINT('',#3736);
#3736 = CARTESIAN_POINT('',(4.1,1.5,1.85));
#3737 = LINE('',#3738,#3739);
#3738 = CARTESIAN_POINT('',(4.1,1.5,1.85));
#3739 = VECTOR('',#3740,1.);
#3740 = DIRECTION('',(-1.,1.224646799147E-16,0.));
#3741 = ORIENTED_EDGE('',*,*,#3742,.F.);
#3742 = EDGE_CURVE('',#3743,#3735,#3745,.T.);
#3743 = VERTEX_POINT('',#3744);
#3744 = CARTESIAN_POINT('',(4.1,1.5,4.15));
#3745 = LINE('',#3746,#3747);
#3746 = CARTESIAN_POINT('',(4.1,1.5,7.));
#3747 = VECTOR('',#3748,1.);
#3748 = DIRECTION('',(-0.,0.,-1.));
#3749 = ORIENTED_EDGE('',*,*,#3750,.F.);
#3750 = EDGE_CURVE('',#3456,#3743,#3751,.T.);
#3751 = LINE('',#3752,#3753);
#3752 = CARTESIAN_POINT('',(4.95,1.5,4.15));
#3753 = VECTOR('',#3754,1.);
#3754 = DIRECTION('',(-1.,1.224646799147E-16,0.));
#3755 = PLANE('',#3756);
#3756 = AXIS2_PLACEMENT_3D('',#3757,#3758,#3759);
#3757 = CARTESIAN_POINT('',(1.25,1.5,4.58077689243));
#3758 = DIRECTION('',(-1.224646799147E-16,-1.,0.));
#3759 = DIRECTION('',(0.,0.,1.));
#3760 = ADVANCED_FACE('',(#3761),#3779,.T.);
#3761 = FACE_BOUND('',#3762,.T.);
#3762 = EDGE_LOOP('',(#3763,#3764,#3772,#3778));
#3763 = ORIENTED_EDGE('',*,*,#3725,.F.);
#3764 = ORIENTED_EDGE('',*,*,#3765,.F.);
#3765 = EDGE_CURVE('',#3766,#3718,#3768,.T.);
#3766 = VERTEX_POINT('',#3767);
#3767 = CARTESIAN_POINT('',(-0.5,2.35,7.));
#3768 = LINE('',#3769,#3770);
#3769 = CARTESIAN_POINT('',(-0.5,2.35,7.));
#3770 = VECTOR('',#3771,1.);
#3771 = DIRECTION('',(-1.224646799147E-16,-1.,0.));
#3772 = ORIENTED_EDGE('',*,*,#3773,.T.);
#3773 = EDGE_CURVE('',#3766,#3239,#3774,.T.);
#3774 = LINE('',#3775,#3776);
#3775 = CARTESIAN_POINT('',(4.95,2.35,7.));
#3776 = VECTOR('',#3777,1.);
#3777 = DIRECTION('',(-1.,1.224646799147E-16,0.));
#3778 = ORIENTED_EDGE('',*,*,#3246,.T.);
#3779 = PLANE('',#3780);
#3780 = AXIS2_PLACEMENT_3D('',#3781,#3782,#3783);
#3781 = CARTESIAN_POINT('',(1.25,-0.525,7.));
#3782 = DIRECTION('',(0.,0.,1.));
#3783 = DIRECTION('',(-1.,1.224646799147E-16,0.));
#3784 = ADVANCED_FACE('',(#3785),#3949,.F.);
#3785 = FACE_BOUND('',#3786,.F.);
#3786 = EDGE_LOOP('',(#3787,#3795,#3796,#3804,#3812,#3820,#3828,#3836,
    #3845,#3853,#3862,#3870,#3878,#3886,#3892,#3893,#3894,#3895,#3903,
    #3911,#3919,#3927,#3935,#3943));
#3787 = ORIENTED_EDGE('',*,*,#3788,.F.);
#3788 = EDGE_CURVE('',#3430,#3789,#3791,.T.);
#3789 = VERTEX_POINT('',#3790);
#3790 = CARTESIAN_POINT('',(3.25,2.35,0.));
#3791 = LINE('',#3792,#3793);
#3792 = CARTESIAN_POINT('',(4.95,2.35,0.));
#3793 = VECTOR('',#3794,1.);
#3794 = DIRECTION('',(-1.,1.224646799147E-16,0.));
#3795 = ORIENTED_EDGE('',*,*,#3480,.T.);
#3796 = ORIENTED_EDGE('',*,*,#3797,.T.);
#3797 = EDGE_CURVE('',#3473,#3798,#3800,.T.);
#3798 = VERTEX_POINT('',#3799);
#3799 = CARTESIAN_POINT('',(3.,2.35,7.));
#3800 = LINE('',#3801,#3802);
#3801 = CARTESIAN_POINT('',(4.95,2.35,7.));
#3802 = VECTOR('',#3803,1.);
#3803 = DIRECTION('',(-1.,1.224646799147E-16,0.));
#3804 = ORIENTED_EDGE('',*,*,#3805,.F.);
#3805 = EDGE_CURVE('',#3806,#3798,#3808,.T.);
#3806 = VERTEX_POINT('',#3807);
#3807 = CARTESIAN_POINT('',(3.,2.35,6.1));
#3808 = LINE('',#3809,#3810);
#3809 = CARTESIAN_POINT('',(3.,2.35,6.1));
#3810 = VECTOR('',#3811,1.);
#3811 = DIRECTION('',(0.,0.,1.));
#3812 = ORIENTED_EDGE('',*,*,#3813,.F.);
#3813 = EDGE_CURVE('',#3814,#3806,#3816,.T.);
#3814 = VERTEX_POINT('',#3815);
#3815 = CARTESIAN_POINT('',(2.75,2.35,5.85));
#3816 = LINE('',#3817,#3818);
#3817 = CARTESIAN_POINT('',(2.75,2.35,5.85));
#3818 = VECTOR('',#3819,1.);
#3819 = DIRECTION('',(0.707106781187,-8.659560562349E-17,0.707106781187)
  );
#3820 = ORIENTED_EDGE('',*,*,#3821,.F.);
#3821 = EDGE_CURVE('',#3822,#3814,#3824,.T.);
#3822 = VERTEX_POINT('',#3823);
#3823 = CARTESIAN_POINT('',(3.,2.35,5.6));
#3824 = LINE('',#3825,#3826);
#3825 = CARTESIAN_POINT('',(3.,2.35,5.6));
#3826 = VECTOR('',#3827,1.);
#3827 = DIRECTION('',(-0.707106781187,8.659560562349E-17,0.707106781187)
  );
#3828 = ORIENTED_EDGE('',*,*,#3829,.F.);
#3829 = EDGE_CURVE('',#3830,#3822,#3832,.T.);
#3830 = VERTEX_POINT('',#3831);
#3831 = CARTESIAN_POINT('',(3.,2.35,3.85));
#3832 = LINE('',#3833,#3834);
#3833 = CARTESIAN_POINT('',(3.,2.35,3.1));
#3834 = VECTOR('',#3835,1.);
#3835 = DIRECTION('',(0.,0.,1.));
#3836 = ORIENTED_EDGE('',*,*,#3837,.F.);
#3837 = EDGE_CURVE('',#3838,#3830,#3840,.T.);
#3838 = VERTEX_POINT('',#3839);
#3839 = CARTESIAN_POINT('',(2.25,2.35,3.1));
#3840 = CIRCLE('',#3841,0.75);
#3841 = AXIS2_PLACEMENT_3D('',#3842,#3843,#3844);
#3842 = CARTESIAN_POINT('',(2.25,2.35,3.85));
#3843 = DIRECTION('',(-1.224646799147E-16,-1.,0.));
#3844 = DIRECTION('',(0.,0.,1.));
#3845 = ORIENTED_EDGE('',*,*,#3846,.F.);
#3846 = EDGE_CURVE('',#3847,#3838,#3849,.T.);
#3847 = VERTEX_POINT('',#3848);
#3848 = CARTESIAN_POINT('',(0.25,2.35,3.1));
#3849 = LINE('',#3850,#3851);
#3850 = CARTESIAN_POINT('',(1.25,2.35,3.1));
#3851 = VECTOR('',#3852,1.);
#3852 = DIRECTION('',(1.,0.,-0.));
#3853 = ORIENTED_EDGE('',*,*,#3854,.T.);
#3854 = EDGE_CURVE('',#3847,#3855,#3857,.T.);
#3855 = VERTEX_POINT('',#3856);
#3856 = CARTESIAN_POINT('',(-0.5,2.35,3.85));
#3857 = CIRCLE('',#3858,0.75);
#3858 = AXIS2_PLACEMENT_3D('',#3859,#3860,#3861);
#3859 = CARTESIAN_POINT('',(0.25,2.35,3.85));
#3860 = DIRECTION('',(1.224646799147E-16,1.,0.));
#3861 = DIRECTION('',(0.,-0.,1.));
#3862 = ORIENTED_EDGE('',*,*,#3863,.T.);
#3863 = EDGE_CURVE('',#3855,#3864,#3866,.T.);
#3864 = VERTEX_POINT('',#3865);
#3865 = CARTESIAN_POINT('',(-0.5,2.35,5.6));
#3866 = LINE('',#3867,#3868);
#3867 = CARTESIAN_POINT('',(-0.5,2.35,3.1));
#3868 = VECTOR('',#3869,1.);
#3869 = DIRECTION('',(0.,0.,1.));
#3870 = ORIENTED_EDGE('',*,*,#3871,.T.);
#3871 = EDGE_CURVE('',#3864,#3872,#3874,.T.);
#3872 = VERTEX_POINT('',#3873);
#3873 = CARTESIAN_POINT('',(-0.25,2.35,5.85));
#3874 = LINE('',#3875,#3876);
#3875 = CARTESIAN_POINT('',(-0.5,2.35,5.6));
#3876 = VECTOR('',#3877,1.);
#3877 = DIRECTION('',(0.707106781187,-8.659560562349E-17,0.707106781187)
  );
#3878 = ORIENTED_EDGE('',*,*,#3879,.T.);
#3879 = EDGE_CURVE('',#3872,#3880,#3882,.T.);
#3880 = VERTEX_POINT('',#3881);
#3881 = CARTESIAN_POINT('',(-0.5,2.35,6.1));
#3882 = LINE('',#3883,#3884);
#3883 = CARTESIAN_POINT('',(-0.25,2.35,5.85));
#3884 = VECTOR('',#3885,1.);
#3885 = DIRECTION('',(-0.707106781187,8.659560562349E-17,0.707106781187)
  );
#3886 = ORIENTED_EDGE('',*,*,#3887,.T.);
#3887 = EDGE_CURVE('',#3880,#3766,#3888,.T.);
#3888 = LINE('',#3889,#3890);
#3889 = CARTESIAN_POINT('',(-0.5,2.35,6.1));
#3890 = VECTOR('',#3891,1.);
#3891 = DIRECTION('',(0.,0.,1.));
#3892 = ORIENTED_EDGE('',*,*,#3773,.T.);
#3893 = ORIENTED_EDGE('',*,*,#3238,.F.);
#3894 = ORIENTED_EDGE('',*,*,#3594,.F.);
#3895 = ORIENTED_EDGE('',*,*,#3896,.T.);
#3896 = EDGE_CURVE('',#3587,#3897,#3899,.T.);
#3897 = VERTEX_POINT('',#3898);
#3898 = CARTESIAN_POINT('',(-0.75,2.35,1.));
#3899 = LINE('',#3900,#3901);
#3900 = CARTESIAN_POINT('',(-0.75,2.35,0.));
#3901 = VECTOR('',#3902,1.);
#3902 = DIRECTION('',(0.,0.,1.));
#3903 = ORIENTED_EDGE('',*,*,#3904,.F.);
#3904 = EDGE_CURVE('',#3905,#3897,#3907,.T.);
#3905 = VERTEX_POINT('',#3906);
#3906 = CARTESIAN_POINT('',(0.75,2.35,1.));
#3907 = LINE('',#3908,#3909);
#3908 = CARTESIAN_POINT('',(0.75,2.35,1.));
#3909 = VECTOR('',#3910,1.);
#3910 = DIRECTION('',(-1.,1.224646799147E-16,0.));
#3911 = ORIENTED_EDGE('',*,*,#3912,.F.);
#3912 = EDGE_CURVE('',#3913,#3905,#3915,.T.);
#3913 = VERTEX_POINT('',#3914);
#3914 = CARTESIAN_POINT('',(0.75,2.35,0.));
#3915 = LINE('',#3916,#3917);
#3916 = CARTESIAN_POINT('',(0.75,2.35,0.));
#3917 = VECTOR('',#3918,1.);
#3918 = DIRECTION('',(0.,0.,1.));
#3919 = ORIENTED_EDGE('',*,*,#3920,.F.);
#3920 = EDGE_CURVE('',#3921,#3913,#3923,.T.);
#3921 = VERTEX_POINT('',#3922);
#3922 = CARTESIAN_POINT('',(1.75,2.35,0.));
#3923 = LINE('',#3924,#3925);
#3924 = CARTESIAN_POINT('',(4.95,2.35,0.));
#3925 = VECTOR('',#3926,1.);
#3926 = DIRECTION('',(-1.,1.224646799147E-16,0.));
#3927 = ORIENTED_EDGE('',*,*,#3928,.T.);
#3928 = EDGE_CURVE('',#3921,#3929,#3931,.T.);
#3929 = VERTEX_POINT('',#3930);
#3930 = CARTESIAN_POINT('',(1.75,2.35,1.));
#3931 = LINE('',#3932,#3933);
#3932 = CARTESIAN_POINT('',(1.75,2.35,0.));
#3933 = VECTOR('',#3934,1.);
#3934 = DIRECTION('',(0.,0.,1.));
#3935 = ORIENTED_EDGE('',*,*,#3936,.F.);
#3936 = EDGE_CURVE('',#3937,#3929,#3939,.T.);
#3937 = VERTEX_POINT('',#3938);
#3938 = CARTESIAN_POINT('',(3.25,2.35,1.));
#3939 = LINE('',#3940,#3941);
#3940 = CARTESIAN_POINT('',(3.25,2.35,1.));
#3941 = VECTOR('',#3942,1.);
#3942 = DIRECTION('',(-1.,1.224646799147E-16,0.));
#3943 = ORIENTED_EDGE('',*,*,#3944,.F.);
#3944 = EDGE_CURVE('',#3789,#3937,#3945,.T.);
#3945 = LINE('',#3946,#3947);
#3946 = CARTESIAN_POINT('',(3.25,2.35,0.));
#3947 = VECTOR('',#3948,1.);
#3948 = DIRECTION('',(0.,0.,1.));
#3949 = PLANE('',#3950);
#3950 = AXIS2_PLACEMENT_3D('',#3951,#3952,#3953);
#3951 = CARTESIAN_POINT('',(4.95,2.35,0.));
#3952 = DIRECTION('',(-1.224646799147E-16,-1.,0.));
#3953 = DIRECTION('',(-1.,1.224646799147E-16,0.));
#3954 = ADVANCED_FACE('',(#3955),#3973,.F.);
#3955 = FACE_BOUND('',#3956,.F.);
#3956 = EDGE_LOOP('',(#3957,#3958,#3966,#3972));
#3957 = ORIENTED_EDGE('',*,*,#3553,.T.);
#3958 = ORIENTED_EDGE('',*,*,#3959,.T.);
#3959 = EDGE_CURVE('',#3546,#3960,#3962,.T.);
#3960 = VERTEX_POINT('',#3961);
#3961 = CARTESIAN_POINT('',(4.1,-2.65,1.85));
#3962 = LINE('',#3963,#3964);
#3963 = CARTESIAN_POINT('',(-1.6,-2.65,1.85));
#3964 = VECTOR('',#3965,1.);
#3965 = DIRECTION('',(1.,0.,-0.));
#3966 = ORIENTED_EDGE('',*,*,#3967,.F.);
#3967 = EDGE_CURVE('',#3296,#3960,#3968,.T.);
#3968 = LINE('',#3969,#3970);
#3969 = CARTESIAN_POINT('',(4.1,-2.65,7.));
#3970 = VECTOR('',#3971,1.);
#3971 = DIRECTION('',(-0.,0.,-1.));
#3972 = ORIENTED_EDGE('',*,*,#3303,.F.);
#3973 = PLANE('',#3974);
#3974 = AXIS2_PLACEMENT_3D('',#3975,#3976,#3977);
#3975 = CARTESIAN_POINT('',(-1.6,-2.65,7.));
#3976 = DIRECTION('',(-1.224646799147E-16,-1.,0.));
#3977 = DIRECTION('',(1.,-1.224646799147E-16,0.));
#3978 = ADVANCED_FACE('',(#3979),#4006,.T.);
#3979 = FACE_BOUND('',#3980,.T.);
#3980 = EDGE_LOOP('',(#3981,#3982,#3990,#3998,#4004,#4005));
#3981 = ORIENTED_EDGE('',*,*,#3896,.T.);
#3982 = ORIENTED_EDGE('',*,*,#3983,.T.);
#3983 = EDGE_CURVE('',#3897,#3984,#3986,.T.);
#3984 = VERTEX_POINT('',#3985);
#3985 = CARTESIAN_POINT('',(-0.75,0.5,0.3));
#3986 = LINE('',#3987,#3988);
#3987 = CARTESIAN_POINT('',(-0.75,2.35,1.));
#3988 = VECTOR('',#3989,1.);
#3989 = DIRECTION('',(-1.14539532148E-16,-0.935286257456,-0.353892097416
    ));
#3990 = ORIENTED_EDGE('',*,*,#3991,.T.);
#3991 = EDGE_CURVE('',#3984,#3992,#3994,.T.);
#3992 = VERTEX_POINT('',#3993);
#3993 = CARTESIAN_POINT('',(-0.75,-0.5,0.3));
#3994 = LINE('',#3995,#3996);
#3995 = CARTESIAN_POINT('',(-0.75,0.5,0.3));
#3996 = VECTOR('',#3997,1.);
#3997 = DIRECTION('',(-1.224646799147E-16,-1.,0.));
#3998 = ORIENTED_EDGE('',*,*,#3999,.T.);
#3999 = EDGE_CURVE('',#3992,#3384,#4000,.T.);
#4000 = LINE('',#4001,#4002);
#4001 = CARTESIAN_POINT('',(-0.75,-0.5,0.3));
#4002 = VECTOR('',#4003,1.);
#4003 = DIRECTION('',(-1.190457365237E-16,-0.972082208573,0.234640533104
    ));
#4004 = ORIENTED_EDGE('',*,*,#3391,.T.);
#4005 = ORIENTED_EDGE('',*,*,#3586,.T.);
#4006 = PLANE('',#4007);
#4007 = AXIS2_PLACEMENT_3D('',#4008,#4009,#4010);
#4008 = CARTESIAN_POINT('',(-0.75,-0.515451356496,0.330008245993));
#4009 = DIRECTION('',(1.,0.,-0.));
#4010 = DIRECTION('',(-0.,0.,-1.));
#4011 = ADVANCED_FACE('',(#4012),#4030,.F.);
#4012 = FACE_BOUND('',#4013,.F.);
#4013 = EDGE_LOOP('',(#4014,#4022,#4023,#4024));
#4014 = ORIENTED_EDGE('',*,*,#4015,.T.);
#4015 = EDGE_CURVE('',#4016,#3992,#4018,.T.);
#4016 = VERTEX_POINT('',#4017);
#4017 = CARTESIAN_POINT('',(0.75,-0.5,0.3));
#4018 = LINE('',#4019,#4020);
#4019 = CARTESIAN_POINT('',(0.75,-0.5,0.3));
#4020 = VECTOR('',#4021,1.);
#4021 = DIRECTION('',(-1.,1.224646799147E-16,0.));
#4022 = ORIENTED_EDGE('',*,*,#3999,.T.);
#4023 = ORIENTED_EDGE('',*,*,#3383,.F.);
#4024 = ORIENTED_EDGE('',*,*,#4025,.F.);
#4025 = EDGE_CURVE('',#4016,#3376,#4026,.T.);
#4026 = LINE('',#4027,#4028);
#4027 = CARTESIAN_POINT('',(0.75,-0.5,0.3));
#4028 = VECTOR('',#4029,1.);
#4029 = DIRECTION('',(-1.190457365237E-16,-0.972082208573,0.234640533104
    ));
#4030 = PLANE('',#4031);
#4031 = AXIS2_PLACEMENT_3D('',#4032,#4033,#4034);
#4032 = CARTESIAN_POINT('',(0.75,-0.5,0.3));
#4033 = DIRECTION('',(2.87351777816E-17,0.234640533104,0.972082208573));
#4034 = DIRECTION('',(-1.190457365237E-16,-0.972082208573,0.234640533104
    ));
#4035 = ADVANCED_FACE('',(#4036),#4061,.F.);
#4036 = FACE_BOUND('',#4037,.F.);
#4037 = EDGE_LOOP('',(#4038,#4039,#4047,#4053,#4054,#4055));
#4038 = ORIENTED_EDGE('',*,*,#3912,.T.);
#4039 = ORIENTED_EDGE('',*,*,#4040,.T.);
#4040 = EDGE_CURVE('',#3905,#4041,#4043,.T.);
#4041 = VERTEX_POINT('',#4042);
#4042 = CARTESIAN_POINT('',(0.75,0.5,0.3));
#4043 = LINE('',#4044,#4045);
#4044 = CARTESIAN_POINT('',(0.75,2.35,1.));
#4045 = VECTOR('',#4046,1.);
#4046 = DIRECTION('',(-1.14539532148E-16,-0.935286257456,-0.353892097416
    ));
#4047 = ORIENTED_EDGE('',*,*,#4048,.T.);
#4048 = EDGE_CURVE('',#4041,#4016,#4049,.T.);
#4049 = LINE('',#4050,#4051);
#4050 = CARTESIAN_POINT('',(0.75,0.5,0.3));
#4051 = VECTOR('',#4052,1.);
#4052 = DIRECTION('',(-1.224646799147E-16,-1.,0.));
#4053 = ORIENTED_EDGE('',*,*,#4025,.T.);
#4054 = ORIENTED_EDGE('',*,*,#3375,.T.);
#4055 = ORIENTED_EDGE('',*,*,#4056,.T.);
#4056 = EDGE_CURVE('',#3368,#3913,#4057,.T.);
#4057 = LINE('',#4058,#4059);
#4058 = CARTESIAN_POINT('',(0.75,-3.4,0.));
#4059 = VECTOR('',#4060,1.);
#4060 = DIRECTION('',(1.224646799147E-16,1.,0.));
#4061 = PLANE('',#4062);
#4062 = AXIS2_PLACEMENT_3D('',#4063,#4064,#4065);
#4063 = CARTESIAN_POINT('',(0.75,-0.515451356496,0.330008245993));
#4064 = DIRECTION('',(1.,0.,-0.));
#4065 = DIRECTION('',(-0.,0.,-1.));
#4066 = ADVANCED_FACE('',(#4067),#4078,.F.);
#4067 = FACE_BOUND('',#4068,.F.);
#4068 = EDGE_LOOP('',(#4069,#4070,#4076,#4077));
#4069 = ORIENTED_EDGE('',*,*,#3367,.T.);
#4070 = ORIENTED_EDGE('',*,*,#4071,.T.);
#4071 = EDGE_CURVE('',#3360,#3921,#4072,.T.);
#4072 = LINE('',#4073,#4074);
#4073 = CARTESIAN_POINT('',(1.75,-3.4,0.));
#4074 = VECTOR('',#4075,1.);
#4075 = DIRECTION('',(1.224646799147E-16,1.,0.));
#4076 = ORIENTED_EDGE('',*,*,#3920,.T.);
#4077 = ORIENTED_EDGE('',*,*,#4056,.F.);
#4078 = PLANE('',#4079);
#4079 = AXIS2_PLACEMENT_3D('',#4080,#4081,#4082);
#4080 = CARTESIAN_POINT('',(1.25,-0.525,0.));
#4081 = DIRECTION('',(0.,0.,1.));
#4082 = DIRECTION('',(-1.,1.224646799147E-16,0.));
#4083 = ADVANCED_FACE('',(#4084),#4111,.T.);
#4084 = FACE_BOUND('',#4085,.T.);
#4085 = EDGE_LOOP('',(#4086,#4087,#4095,#4103,#4109,#4110));
#4086 = ORIENTED_EDGE('',*,*,#3928,.T.);
#4087 = ORIENTED_EDGE('',*,*,#4088,.T.);
#4088 = EDGE_CURVE('',#3929,#4089,#4091,.T.);
#4089 = VERTEX_POINT('',#4090);
#4090 = CARTESIAN_POINT('',(1.75,0.5,0.3));
#4091 = LINE('',#4092,#4093);
#4092 = CARTESIAN_POINT('',(1.75,2.35,1.));
#4093 = VECTOR('',#4094,1.);
#4094 = DIRECTION('',(-1.14539532148E-16,-0.935286257456,-0.353892097416
    ));
#4095 = ORIENTED_EDGE('',*,*,#4096,.T.);
#4096 = EDGE_CURVE('',#4089,#4097,#4099,.T.);
#4097 = VERTEX_POINT('',#4098);
#4098 = CARTESIAN_POINT('',(1.75,-0.5,0.3));
#4099 = LINE('',#4100,#4101);
#4100 = CARTESIAN_POINT('',(1.75,0.5,0.3));
#4101 = VECTOR('',#4102,1.);
#4102 = DIRECTION('',(-1.224646799147E-16,-1.,0.));
#4103 = ORIENTED_EDGE('',*,*,#4104,.T.);
#4104 = EDGE_CURVE('',#4097,#3352,#4105,.T.);
#4105 = LINE('',#4106,#4107);
#4106 = CARTESIAN_POINT('',(1.75,-0.5,0.3));
#4107 = VECTOR('',#4108,1.);
#4108 = DIRECTION('',(-1.190457365237E-16,-0.972082208573,0.234640533104
    ));
#4109 = ORIENTED_EDGE('',*,*,#3359,.T.);
#4110 = ORIENTED_EDGE('',*,*,#4071,.T.);
#4111 = PLANE('',#4112);
#4112 = AXIS2_PLACEMENT_3D('',#4113,#4114,#4115);
#4113 = CARTESIAN_POINT('',(1.75,-0.515451356496,0.330008245993));
#4114 = DIRECTION('',(1.,0.,-0.));
#4115 = DIRECTION('',(-0.,0.,-1.));
#4116 = ADVANCED_FACE('',(#4117),#4135,.F.);
#4117 = FACE_BOUND('',#4118,.F.);
#4118 = EDGE_LOOP('',(#4119,#4127,#4128,#4129));
#4119 = ORIENTED_EDGE('',*,*,#4120,.T.);
#4120 = EDGE_CURVE('',#4121,#4097,#4123,.T.);
#4121 = VERTEX_POINT('',#4122);
#4122 = CARTESIAN_POINT('',(3.25,-0.5,0.3));
#4123 = LINE('',#4124,#4125);
#4124 = CARTESIAN_POINT('',(3.25,-0.5,0.3));
#4125 = VECTOR('',#4126,1.);
#4126 = DIRECTION('',(-1.,1.224646799147E-16,0.));
#4127 = ORIENTED_EDGE('',*,*,#4104,.T.);
#4128 = ORIENTED_EDGE('',*,*,#3351,.F.);
#4129 = ORIENTED_EDGE('',*,*,#4130,.F.);
#4130 = EDGE_CURVE('',#4121,#3344,#4131,.T.);
#4131 = LINE('',#4132,#4133);
#4132 = CARTESIAN_POINT('',(3.25,-0.5,0.3));
#4133 = VECTOR('',#4134,1.);
#4134 = DIRECTION('',(-1.190457365237E-16,-0.972082208573,0.234640533104
    ));
#4135 = PLANE('',#4136);
#4136 = AXIS2_PLACEMENT_3D('',#4137,#4138,#4139);
#4137 = CARTESIAN_POINT('',(3.25,-0.5,0.3));
#4138 = DIRECTION('',(2.87351777816E-17,0.234640533104,0.972082208573));
#4139 = DIRECTION('',(-1.190457365237E-16,-0.972082208573,0.234640533104
    ));
#4140 = ADVANCED_FACE('',(#4141),#4166,.F.);
#4141 = FACE_BOUND('',#4142,.F.);
#4142 = EDGE_LOOP('',(#4143,#4144,#4152,#4158,#4159,#4160));
#4143 = ORIENTED_EDGE('',*,*,#3944,.T.);
#4144 = ORIENTED_EDGE('',*,*,#4145,.T.);
#4145 = EDGE_CURVE('',#3937,#4146,#4148,.T.);
#4146 = VERTEX_POINT('',#4147);
#4147 = CARTESIAN_POINT('',(3.25,0.5,0.3));
#4148 = LINE('',#4149,#4150);
#4149 = CARTESIAN_POINT('',(3.25,2.35,1.));
#4150 = VECTOR('',#4151,1.);
#4151 = DIRECTION('',(-1.14539532148E-16,-0.935286257456,-0.353892097416
    ));
#4152 = ORIENTED_EDGE('',*,*,#4153,.T.);
#4153 = EDGE_CURVE('',#4146,#4121,#4154,.T.);
#4154 = LINE('',#4155,#4156);
#4155 = CARTESIAN_POINT('',(3.25,0.5,0.3));
#4156 = VECTOR('',#4157,1.);
#4157 = DIRECTION('',(-1.224646799147E-16,-1.,0.));
#4158 = ORIENTED_EDGE('',*,*,#4130,.T.);
#4159 = ORIENTED_EDGE('',*,*,#3343,.T.);
#4160 = ORIENTED_EDGE('',*,*,#4161,.T.);
#4161 = EDGE_CURVE('',#3336,#3789,#4162,.T.);
#4162 = LINE('',#4163,#4164);
#4163 = CARTESIAN_POINT('',(3.25,-3.4,0.));
#4164 = VECTOR('',#4165,1.);
#4165 = DIRECTION('',(1.224646799147E-16,1.,0.));
#4166 = PLANE('',#4167);
#4167 = AXIS2_PLACEMENT_3D('',#4168,#4169,#4170);
#4168 = CARTESIAN_POINT('',(3.25,-0.515451356496,0.330008245993));
#4169 = DIRECTION('',(1.,0.,-0.));
#4170 = DIRECTION('',(-0.,0.,-1.));
#4171 = ADVANCED_FACE('',(#4172),#4178,.F.);
#4172 = FACE_BOUND('',#4173,.F.);
#4173 = EDGE_LOOP('',(#4174,#4175,#4176,#4177));
#4174 = ORIENTED_EDGE('',*,*,#3429,.T.);
#4175 = ORIENTED_EDGE('',*,*,#3788,.T.);
#4176 = ORIENTED_EDGE('',*,*,#4161,.F.);
#4177 = ORIENTED_EDGE('',*,*,#3335,.T.);
#4178 = PLANE('',#4179);
#4179 = AXIS2_PLACEMENT_3D('',#4180,#4181,#4182);
#4180 = CARTESIAN_POINT('',(1.25,-0.525,0.));
#4181 = DIRECTION('',(0.,0.,1.));
#4182 = DIRECTION('',(-1.,1.224646799147E-16,0.));
#4183 = ADVANCED_FACE('',(#4184),#4211,.F.);
#4184 = FACE_BOUND('',#4185,.F.);
#4185 = EDGE_LOOP('',(#4186,#4187,#4188,#4189,#4195,#4196,#4205));
#4186 = ORIENTED_EDGE('',*,*,#3504,.T.);
#4187 = ORIENTED_EDGE('',*,*,#3415,.F.);
#4188 = ORIENTED_EDGE('',*,*,#3967,.T.);
#4189 = ORIENTED_EDGE('',*,*,#4190,.T.);
#4190 = EDGE_CURVE('',#3960,#3735,#4191,.T.);
#4191 = LINE('',#4192,#4193);
#4192 = CARTESIAN_POINT('',(4.1,-2.65,1.85));
#4193 = VECTOR('',#4194,1.);
#4194 = DIRECTION('',(1.224646799147E-16,1.,0.));
#4195 = ORIENTED_EDGE('',*,*,#3742,.F.);
#4196 = ORIENTED_EDGE('',*,*,#4197,.F.);
#4197 = EDGE_CURVE('',#4198,#3743,#4200,.T.);
#4198 = VERTEX_POINT('',#4199);
#4199 = CARTESIAN_POINT('',(4.1,1.,3.65));
#4200 = CIRCLE('',#4201,0.5);
#4201 = AXIS2_PLACEMENT_3D('',#4202,#4203,#4204);
#4202 = CARTESIAN_POINT('',(4.1,1.,4.15));
#4203 = DIRECTION('',(1.,0.,-0.));
#4204 = DIRECTION('',(0.,1.,0.));
#4205 = ORIENTED_EDGE('',*,*,#4206,.T.);
#4206 = EDGE_CURVE('',#4198,#3497,#4207,.T.);
#4207 = LINE('',#4208,#4209);
#4208 = CARTESIAN_POINT('',(4.1,-0.825,3.65));
#4209 = VECTOR('',#4210,1.);
#4210 = DIRECTION('',(-1.224646799147E-16,-1.,0.));
#4211 = PLANE('',#4212);
#4212 = AXIS2_PLACEMENT_3D('',#4213,#4214,#4215);
#4213 = CARTESIAN_POINT('',(4.1,-2.65,7.));
#4214 = DIRECTION('',(1.,0.,-0.));
#4215 = DIRECTION('',(0.,1.,0.));
#4216 = ADVANCED_FACE('',(#4217),#4228,.T.);
#4217 = FACE_BOUND('',#4218,.T.);
#4218 = EDGE_LOOP('',(#4219,#4220,#4221,#4222));
#4219 = ORIENTED_EDGE('',*,*,#3627,.F.);
#4220 = ORIENTED_EDGE('',*,*,#3472,.T.);
#4221 = ORIENTED_EDGE('',*,*,#3797,.T.);
#4222 = ORIENTED_EDGE('',*,*,#4223,.T.);
#4223 = EDGE_CURVE('',#3798,#3628,#4224,.T.);
#4224 = LINE('',#4225,#4226);
#4225 = CARTESIAN_POINT('',(3.,2.35,7.));
#4226 = VECTOR('',#4227,1.);
#4227 = DIRECTION('',(-1.224646799147E-16,-1.,0.));
#4228 = PLANE('',#4229);
#4229 = AXIS2_PLACEMENT_3D('',#4230,#4231,#4232);
#4230 = CARTESIAN_POINT('',(1.25,-0.525,7.));
#4231 = DIRECTION('',(0.,0.,1.));
#4232 = DIRECTION('',(-1.,1.224646799147E-16,0.));
#4233 = ADVANCED_FACE('',(#4234),#4245,.F.);
#4234 = FACE_BOUND('',#4235,.F.);
#4235 = EDGE_LOOP('',(#4236,#4242,#4243,#4244));
#4236 = ORIENTED_EDGE('',*,*,#4237,.T.);
#4237 = EDGE_CURVE('',#3448,#4198,#4238,.T.);
#4238 = LINE('',#4239,#4240);
#4239 = CARTESIAN_POINT('',(4.95,1.,3.65));
#4240 = VECTOR('',#4241,1.);
#4241 = DIRECTION('',(-1.,1.224646799147E-16,0.));
#4242 = ORIENTED_EDGE('',*,*,#4197,.T.);
#4243 = ORIENTED_EDGE('',*,*,#3750,.F.);
#4244 = ORIENTED_EDGE('',*,*,#3455,.T.);
#4245 = CYLINDRICAL_SURFACE('',#4246,0.5);
#4246 = AXIS2_PLACEMENT_3D('',#4247,#4248,#4249);
#4247 = CARTESIAN_POINT('',(4.95,1.,4.15));
#4248 = DIRECTION('',(1.,0.,-0.));
#4249 = DIRECTION('',(0.,1.,0.));
#4250 = ADVANCED_FACE('',(#4251),#4257,.T.);
#4251 = FACE_BOUND('',#4252,.T.);
#4252 = EDGE_LOOP('',(#4253,#4254,#4255,#4256));
#4253 = ORIENTED_EDGE('',*,*,#3447,.F.);
#4254 = ORIENTED_EDGE('',*,*,#4237,.T.);
#4255 = ORIENTED_EDGE('',*,*,#4206,.T.);
#4256 = ORIENTED_EDGE('',*,*,#3496,.F.);
#4257 = PLANE('',#4258);
#4258 = AXIS2_PLACEMENT_3D('',#4259,#4260,#4261);
#4259 = CARTESIAN_POINT('',(4.95,1.,3.65));
#4260 = DIRECTION('',(0.,0.,1.));
#4261 = DIRECTION('',(-1.224646799147E-16,-1.,0.));
#4262 = ADVANCED_FACE('',(#4263,#4269,#4303),#4337,.T.);
#4263 = FACE_BOUND('',#4264,.T.);
#4264 = EDGE_LOOP('',(#4265,#4266,#4267,#4268));
#4265 = ORIENTED_EDGE('',*,*,#3734,.T.);
#4266 = ORIENTED_EDGE('',*,*,#3545,.T.);
#4267 = ORIENTED_EDGE('',*,*,#3959,.T.);
#4268 = ORIENTED_EDGE('',*,*,#4190,.T.);
#4269 = FACE_BOUND('',#4270,.T.);
#4270 = EDGE_LOOP('',(#4271,#4281,#4289,#4297));
#4271 = ORIENTED_EDGE('',*,*,#4272,.F.);
#4272 = EDGE_CURVE('',#4273,#4275,#4277,.T.);
#4273 = VERTEX_POINT('',#4274);
#4274 = CARTESIAN_POINT('',(-0.32,0.32,1.85));
#4275 = VERTEX_POINT('',#4276);
#4276 = CARTESIAN_POINT('',(-0.32,-0.32,1.85));
#4277 = LINE('',#4278,#4279);
#4278 = CARTESIAN_POINT('',(-0.32,-0.26920299558,1.85));
#4279 = VECTOR('',#4280,1.);
#4280 = DIRECTION('',(-1.224646799147E-16,-1.,0.));
#4281 = ORIENTED_EDGE('',*,*,#4282,.T.);
#4282 = EDGE_CURVE('',#4273,#4283,#4285,.T.);
#4283 = VERTEX_POINT('',#4284);
#4284 = CARTESIAN_POINT('',(0.32,0.32,1.85));
#4285 = LINE('',#4286,#4287);
#4286 = CARTESIAN_POINT('',(0.785,0.32,1.85));
#4287 = VECTOR('',#4288,1.);
#4288 = DIRECTION('',(1.,0.,-0.));
#4289 = ORIENTED_EDGE('',*,*,#4290,.T.);
#4290 = EDGE_CURVE('',#4283,#4291,#4293,.T.);
#4291 = VERTEX_POINT('',#4292);
#4292 = CARTESIAN_POINT('',(0.32,-0.32,1.85));
#4293 = LINE('',#4294,#4295);
#4294 = CARTESIAN_POINT('',(0.32,-0.26920299558,1.85));
#4295 = VECTOR('',#4296,1.);
#4296 = DIRECTION('',(-1.224646799147E-16,-1.,0.));
#4297 = ORIENTED_EDGE('',*,*,#4298,.T.);
#4298 = EDGE_CURVE('',#4291,#4275,#4299,.T.);
#4299 = LINE('',#4300,#4301);
#4300 = CARTESIAN_POINT('',(0.785,-0.32,1.85));
#4301 = VECTOR('',#4302,1.);
#4302 = DIRECTION('',(-1.,1.224646799147E-16,0.));
#4303 = FACE_BOUND('',#4304,.T.);
#4304 = EDGE_LOOP('',(#4305,#4315,#4323,#4331));
#4305 = ORIENTED_EDGE('',*,*,#4306,.F.);
#4306 = EDGE_CURVE('',#4307,#4309,#4311,.T.);
#4307 = VERTEX_POINT('',#4308);
#4308 = CARTESIAN_POINT('',(2.18,0.32,1.85));
#4309 = VERTEX_POINT('',#4310);
#4310 = CARTESIAN_POINT('',(2.18,-0.32,1.85));
#4311 = LINE('',#4312,#4313);
#4312 = CARTESIAN_POINT('',(2.18,-0.26920299558,1.85));
#4313 = VECTOR('',#4314,1.);
#4314 = DIRECTION('',(-1.224646799147E-16,-1.,0.));
#4315 = ORIENTED_EDGE('',*,*,#4316,.T.);
#4316 = EDGE_CURVE('',#4307,#4317,#4319,.T.);
#4317 = VERTEX_POINT('',#4318);
#4318 = CARTESIAN_POINT('',(2.82,0.32,1.85));
#4319 = LINE('',#4320,#4321);
#4320 = CARTESIAN_POINT('',(2.035,0.32,1.85));
#4321 = VECTOR('',#4322,1.);
#4322 = DIRECTION('',(1.,0.,-0.));
#4323 = ORIENTED_EDGE('',*,*,#4324,.T.);
#4324 = EDGE_CURVE('',#4317,#4325,#4327,.T.);
#4325 = VERTEX_POINT('',#4326);
#4326 = CARTESIAN_POINT('',(2.82,-0.32,1.85));
#4327 = LINE('',#4328,#4329);
#4328 = CARTESIAN_POINT('',(2.82,-0.26920299558,1.85));
#4329 = VECTOR('',#4330,1.);
#4330 = DIRECTION('',(-1.224646799147E-16,-1.,0.));
#4331 = ORIENTED_EDGE('',*,*,#4332,.T.);
#4332 = EDGE_CURVE('',#4325,#4309,#4333,.T.);
#4333 = LINE('',#4334,#4335);
#4334 = CARTESIAN_POINT('',(2.035,-0.32,1.85));
#4335 = VECTOR('',#4336,1.);
#4336 = DIRECTION('',(-1.,1.224646799147E-16,0.));
#4337 = PLANE('',#4338);
#4338 = AXIS2_PLACEMENT_3D('',#4339,#4340,#4341);
#4339 = CARTESIAN_POINT('',(1.25,-0.575,1.85));
#4340 = DIRECTION('',(0.,0.,1.));
#4341 = DIRECTION('',(-1.,1.224646799147E-16,0.));
#4342 = ADVANCED_FACE('',(#4343),#4354,.F.);
#4343 = FACE_BOUND('',#4344,.F.);
#4344 = EDGE_LOOP('',(#4345,#4346,#4352,#4353));
#4345 = ORIENTED_EDGE('',*,*,#3887,.F.);
#4346 = ORIENTED_EDGE('',*,*,#4347,.T.);
#4347 = EDGE_CURVE('',#3880,#3710,#4348,.T.);
#4348 = LINE('',#4349,#4350);
#4349 = CARTESIAN_POINT('',(-0.5,2.35,6.1));
#4350 = VECTOR('',#4351,1.);
#4351 = DIRECTION('',(-1.224646799147E-16,-1.,0.));
#4352 = ORIENTED_EDGE('',*,*,#3717,.F.);
#4353 = ORIENTED_EDGE('',*,*,#3765,.F.);
#4354 = PLANE('',#4355);
#4355 = AXIS2_PLACEMENT_3D('',#4356,#4357,#4358);
#4356 = CARTESIAN_POINT('',(-0.5,2.35,6.1));
#4357 = DIRECTION('',(-1.,1.224646799147E-16,0.));
#4358 = DIRECTION('',(0.,0.,1.));
#4359 = ADVANCED_FACE('',(#4360),#4371,.F.);
#4360 = FACE_BOUND('',#4361,.F.);
#4361 = EDGE_LOOP('',(#4362,#4363,#4369,#4370));
#4362 = ORIENTED_EDGE('',*,*,#3879,.F.);
#4363 = ORIENTED_EDGE('',*,*,#4364,.T.);
#4364 = EDGE_CURVE('',#3872,#3702,#4365,.T.);
#4365 = LINE('',#4366,#4367);
#4366 = CARTESIAN_POINT('',(-0.25,2.35,5.85));
#4367 = VECTOR('',#4368,1.);
#4368 = DIRECTION('',(-1.224646799147E-16,-1.,0.));
#4369 = ORIENTED_EDGE('',*,*,#3709,.F.);
#4370 = ORIENTED_EDGE('',*,*,#4347,.F.);
#4371 = PLANE('',#4372);
#4372 = AXIS2_PLACEMENT_3D('',#4373,#4374,#4375);
#4373 = CARTESIAN_POINT('',(-0.25,2.35,5.85));
#4374 = DIRECTION('',(-0.707106781187,8.659560562349E-17,-0.707106781187
    ));
#4375 = DIRECTION('',(-0.707106781187,8.659560562349E-17,0.707106781187)
  );
#4376 = ADVANCED_FACE('',(#4377),#4388,.F.);
#4377 = FACE_BOUND('',#4378,.F.);
#4378 = EDGE_LOOP('',(#4379,#4380,#4386,#4387));
#4379 = ORIENTED_EDGE('',*,*,#3871,.F.);
#4380 = ORIENTED_EDGE('',*,*,#4381,.T.);
#4381 = EDGE_CURVE('',#3864,#3694,#4382,.T.);
#4382 = LINE('',#4383,#4384);
#4383 = CARTESIAN_POINT('',(-0.5,2.35,5.6));
#4384 = VECTOR('',#4385,1.);
#4385 = DIRECTION('',(-1.224646799147E-16,-1.,0.));
#4386 = ORIENTED_EDGE('',*,*,#3701,.F.);
#4387 = ORIENTED_EDGE('',*,*,#4364,.F.);
#4388 = PLANE('',#4389);
#4389 = AXIS2_PLACEMENT_3D('',#4390,#4391,#4392);
#4390 = CARTESIAN_POINT('',(-0.5,2.35,5.6));
#4391 = DIRECTION('',(-0.707106781187,8.659560562349E-17,0.707106781187)
  );
#4392 = DIRECTION('',(0.707106781187,-8.659560562349E-17,0.707106781187)
  );
#4393 = ADVANCED_FACE('',(#4394),#4405,.F.);
#4394 = FACE_BOUND('',#4395,.F.);
#4395 = EDGE_LOOP('',(#4396,#4397,#4403,#4404));
#4396 = ORIENTED_EDGE('',*,*,#3863,.F.);
#4397 = ORIENTED_EDGE('',*,*,#4398,.T.);
#4398 = EDGE_CURVE('',#3855,#3685,#4399,.T.);
#4399 = LINE('',#4400,#4401);
#4400 = CARTESIAN_POINT('',(-0.5,2.35,3.85));
#4401 = VECTOR('',#4402,1.);
#4402 = DIRECTION('',(-1.224646799147E-16,-1.,0.));
#4403 = ORIENTED_EDGE('',*,*,#3693,.F.);
#4404 = ORIENTED_EDGE('',*,*,#4381,.F.);
#4405 = PLANE('',#4406);
#4406 = AXIS2_PLACEMENT_3D('',#4407,#4408,#4409);
#4407 = CARTESIAN_POINT('',(-0.5,2.35,3.1));
#4408 = DIRECTION('',(-1.,1.224646799147E-16,0.));
#4409 = DIRECTION('',(0.,0.,1.));
#4410 = ADVANCED_FACE('',(#4411),#4422,.F.);
#4411 = FACE_BOUND('',#4412,.F.);
#4412 = EDGE_LOOP('',(#4413,#4414,#4415,#4416));
#4413 = ORIENTED_EDGE('',*,*,#3684,.F.);
#4414 = ORIENTED_EDGE('',*,*,#4398,.F.);
#4415 = ORIENTED_EDGE('',*,*,#3854,.F.);
#4416 = ORIENTED_EDGE('',*,*,#4417,.T.);
#4417 = EDGE_CURVE('',#3847,#3677,#4418,.T.);
#4418 = LINE('',#4419,#4420);
#4419 = CARTESIAN_POINT('',(0.25,2.35,3.1));
#4420 = VECTOR('',#4421,1.);
#4421 = DIRECTION('',(-1.224646799147E-16,-1.,0.));
#4422 = CYLINDRICAL_SURFACE('',#4423,0.75);
#4423 = AXIS2_PLACEMENT_3D('',#4424,#4425,#4426);
#4424 = CARTESIAN_POINT('',(0.25,2.35,3.85));
#4425 = DIRECTION('',(-1.224646799147E-16,-1.,0.));
#4426 = DIRECTION('',(-0.,0.,-1.));
#4427 = ADVANCED_FACE('',(#4428),#4439,.F.);
#4428 = FACE_BOUND('',#4429,.F.);
#4429 = EDGE_LOOP('',(#4430,#4431,#4432,#4438));
#4430 = ORIENTED_EDGE('',*,*,#4417,.F.);
#4431 = ORIENTED_EDGE('',*,*,#3846,.T.);
#4432 = ORIENTED_EDGE('',*,*,#4433,.T.);
#4433 = EDGE_CURVE('',#3838,#3668,#4434,.T.);
#4434 = LINE('',#4435,#4436);
#4435 = CARTESIAN_POINT('',(2.25,2.35,3.1));
#4436 = VECTOR('',#4437,1.);
#4437 = DIRECTION('',(-1.224646799147E-16,-1.,0.));
#4438 = ORIENTED_EDGE('',*,*,#3676,.F.);
#4439 = PLANE('',#4440);
#4440 = AXIS2_PLACEMENT_3D('',#4441,#4442,#4443);
#4441 = CARTESIAN_POINT('',(1.25,1.85,3.1));
#4442 = DIRECTION('',(-0.,0.,-1.));
#4443 = DIRECTION('',(1.224646799147E-16,1.,0.));
#4444 = ADVANCED_FACE('',(#4445),#4456,.F.);
#4445 = FACE_BOUND('',#4446,.F.);
#4446 = EDGE_LOOP('',(#4447,#4448,#4449,#4455));
#4447 = ORIENTED_EDGE('',*,*,#4433,.F.);
#4448 = ORIENTED_EDGE('',*,*,#3837,.T.);
#4449 = ORIENTED_EDGE('',*,*,#4450,.T.);
#4450 = EDGE_CURVE('',#3830,#3660,#4451,.T.);
#4451 = LINE('',#4452,#4453);
#4452 = CARTESIAN_POINT('',(3.,2.35,3.85));
#4453 = VECTOR('',#4454,1.);
#4454 = DIRECTION('',(-1.224646799147E-16,-1.,0.));
#4455 = ORIENTED_EDGE('',*,*,#3667,.F.);
#4456 = CYLINDRICAL_SURFACE('',#4457,0.75);
#4457 = AXIS2_PLACEMENT_3D('',#4458,#4459,#4460);
#4458 = CARTESIAN_POINT('',(2.25,2.35,3.85));
#4459 = DIRECTION('',(-1.224646799147E-16,-1.,0.));
#4460 = DIRECTION('',(-0.,0.,-1.));
#4461 = ADVANCED_FACE('',(#4462),#4473,.T.);
#4462 = FACE_BOUND('',#4463,.T.);
#4463 = EDGE_LOOP('',(#4464,#4465,#4466,#4467));
#4464 = ORIENTED_EDGE('',*,*,#3829,.F.);
#4465 = ORIENTED_EDGE('',*,*,#4450,.T.);
#4466 = ORIENTED_EDGE('',*,*,#3659,.F.);
#4467 = ORIENTED_EDGE('',*,*,#4468,.F.);
#4468 = EDGE_CURVE('',#3822,#3652,#4469,.T.);
#4469 = LINE('',#4470,#4471);
#4470 = CARTESIAN_POINT('',(3.,2.35,5.6));
#4471 = VECTOR('',#4472,1.);
#4472 = DIRECTION('',(-1.224646799147E-16,-1.,0.));
#4473 = PLANE('',#4474);
#4474 = AXIS2_PLACEMENT_3D('',#4475,#4476,#4477);
#4475 = CARTESIAN_POINT('',(3.,2.35,3.1));
#4476 = DIRECTION('',(-1.,1.224646799147E-16,0.));
#4477 = DIRECTION('',(0.,0.,1.));
#4478 = ADVANCED_FACE('',(#4479),#4490,.T.);
#4479 = FACE_BOUND('',#4480,.T.);
#4480 = EDGE_LOOP('',(#4481,#4482,#4483,#4484));
#4481 = ORIENTED_EDGE('',*,*,#3821,.F.);
#4482 = ORIENTED_EDGE('',*,*,#4468,.T.);
#4483 = ORIENTED_EDGE('',*,*,#3651,.F.);
#4484 = ORIENTED_EDGE('',*,*,#4485,.F.);
#4485 = EDGE_CURVE('',#3814,#3644,#4486,.T.);
#4486 = LINE('',#4487,#4488);
#4487 = CARTESIAN_POINT('',(2.75,2.35,5.85));
#4488 = VECTOR('',#4489,1.);
#4489 = DIRECTION('',(-1.224646799147E-16,-1.,0.));
#4490 = PLANE('',#4491);
#4491 = AXIS2_PLACEMENT_3D('',#4492,#4493,#4494);
#4492 = CARTESIAN_POINT('',(3.,2.35,5.6));
#4493 = DIRECTION('',(-0.707106781187,8.659560562349E-17,-0.707106781187
    ));
#4494 = DIRECTION('',(-0.707106781187,8.659560562349E-17,0.707106781187)
  );
#4495 = ADVANCED_FACE('',(#4496),#4507,.T.);
#4496 = FACE_BOUND('',#4497,.T.);
#4497 = EDGE_LOOP('',(#4498,#4499,#4500,#4501));
#4498 = ORIENTED_EDGE('',*,*,#3813,.F.);
#4499 = ORIENTED_EDGE('',*,*,#4485,.T.);
#4500 = ORIENTED_EDGE('',*,*,#3643,.F.);
#4501 = ORIENTED_EDGE('',*,*,#4502,.F.);
#4502 = EDGE_CURVE('',#3806,#3636,#4503,.T.);
#4503 = LINE('',#4504,#4505);
#4504 = CARTESIAN_POINT('',(3.,2.35,6.1));
#4505 = VECTOR('',#4506,1.);
#4506 = DIRECTION('',(-1.224646799147E-16,-1.,0.));
#4507 = PLANE('',#4508);
#4508 = AXIS2_PLACEMENT_3D('',#4509,#4510,#4511);
#4509 = CARTESIAN_POINT('',(2.75,2.35,5.85));
#4510 = DIRECTION('',(-0.707106781187,8.659560562349E-17,0.707106781187)
  );
#4511 = DIRECTION('',(0.707106781187,-8.659560562349E-17,0.707106781187)
  );
#4512 = ADVANCED_FACE('',(#4513),#4519,.T.);
#4513 = FACE_BOUND('',#4514,.T.);
#4514 = EDGE_LOOP('',(#4515,#4516,#4517,#4518));
#4515 = ORIENTED_EDGE('',*,*,#3805,.F.);
#4516 = ORIENTED_EDGE('',*,*,#4502,.T.);
#4517 = ORIENTED_EDGE('',*,*,#3635,.F.);
#4518 = ORIENTED_EDGE('',*,*,#4223,.F.);
#4519 = PLANE('',#4520);
#4520 = AXIS2_PLACEMENT_3D('',#4521,#4522,#4523);
#4521 = CARTESIAN_POINT('',(3.,2.35,6.1));
#4522 = DIRECTION('',(-1.,1.224646799147E-16,0.));
#4523 = DIRECTION('',(0.,0.,1.));
#4524 = ADVANCED_FACE('',(#4525),#4536,.F.);
#4525 = FACE_BOUND('',#4526,.F.);
#4526 = EDGE_LOOP('',(#4527,#4528,#4529,#4535));
#4527 = ORIENTED_EDGE('',*,*,#3936,.T.);
#4528 = ORIENTED_EDGE('',*,*,#4088,.T.);
#4529 = ORIENTED_EDGE('',*,*,#4530,.F.);
#4530 = EDGE_CURVE('',#4146,#4089,#4531,.T.);
#4531 = LINE('',#4532,#4533);
#4532 = CARTESIAN_POINT('',(3.25,0.5,0.3));
#4533 = VECTOR('',#4534,1.);
#4534 = DIRECTION('',(-1.,1.224646799147E-16,0.));
#4535 = ORIENTED_EDGE('',*,*,#4145,.F.);
#4536 = PLANE('',#4537);
#4537 = AXIS2_PLACEMENT_3D('',#4538,#4539,#4540);
#4538 = CARTESIAN_POINT('',(3.25,2.35,1.));
#4539 = DIRECTION('',(-4.33392824344E-17,-0.353892097416,0.935286257456)
  );
#4540 = DIRECTION('',(-1.14539532148E-16,-0.935286257456,-0.353892097416
    ));
#4541 = ADVANCED_FACE('',(#4542),#4553,.F.);
#4542 = FACE_BOUND('',#4543,.F.);
#4543 = EDGE_LOOP('',(#4544,#4545,#4546,#4552));
#4544 = ORIENTED_EDGE('',*,*,#3904,.T.);
#4545 = ORIENTED_EDGE('',*,*,#3983,.T.);
#4546 = ORIENTED_EDGE('',*,*,#4547,.F.);
#4547 = EDGE_CURVE('',#4041,#3984,#4548,.T.);
#4548 = LINE('',#4549,#4550);
#4549 = CARTESIAN_POINT('',(0.75,0.5,0.3));
#4550 = VECTOR('',#4551,1.);
#4551 = DIRECTION('',(-1.,1.224646799147E-16,0.));
#4552 = ORIENTED_EDGE('',*,*,#4040,.F.);
#4553 = PLANE('',#4554);
#4554 = AXIS2_PLACEMENT_3D('',#4555,#4556,#4557);
#4555 = CARTESIAN_POINT('',(0.75,2.35,1.));
#4556 = DIRECTION('',(-4.33392824344E-17,-0.353892097416,0.935286257456)
  );
#4557 = DIRECTION('',(-1.14539532148E-16,-0.935286257456,-0.353892097416
    ));
#4558 = ADVANCED_FACE('',(#4559,#4565),#4599,.F.);
#4559 = FACE_BOUND('',#4560,.F.);
#4560 = EDGE_LOOP('',(#4561,#4562,#4563,#4564));
#4561 = ORIENTED_EDGE('',*,*,#4547,.T.);
#4562 = ORIENTED_EDGE('',*,*,#3991,.T.);
#4563 = ORIENTED_EDGE('',*,*,#4015,.F.);
#4564 = ORIENTED_EDGE('',*,*,#4048,.F.);
#4565 = FACE_BOUND('',#4566,.F.);
#4566 = EDGE_LOOP('',(#4567,#4577,#4585,#4593));
#4567 = ORIENTED_EDGE('',*,*,#4568,.F.);
#4568 = EDGE_CURVE('',#4569,#4571,#4573,.T.);
#4569 = VERTEX_POINT('',#4570);
#4570 = CARTESIAN_POINT('',(-0.32,0.32,0.3));
#4571 = VERTEX_POINT('',#4572);
#4572 = CARTESIAN_POINT('',(-0.32,-0.32,0.3));
#4573 = LINE('',#4574,#4575);
#4574 = CARTESIAN_POINT('',(-0.32,0.26829700442,0.3));
#4575 = VECTOR('',#4576,1.);
#4576 = DIRECTION('',(-1.224646799147E-16,-1.,0.));
#4577 = ORIENTED_EDGE('',*,*,#4578,.T.);
#4578 = EDGE_CURVE('',#4569,#4579,#4581,.T.);
#4579 = VERTEX_POINT('',#4580);
#4580 = CARTESIAN_POINT('',(0.32,0.32,0.3));
#4581 = LINE('',#4582,#4583);
#4582 = CARTESIAN_POINT('',(0.535,0.32,0.3));
#4583 = VECTOR('',#4584,1.);
#4584 = DIRECTION('',(1.,0.,-0.));
#4585 = ORIENTED_EDGE('',*,*,#4586,.T.);
#4586 = EDGE_CURVE('',#4579,#4587,#4589,.T.);
#4587 = VERTEX_POINT('',#4588);
#4588 = CARTESIAN_POINT('',(0.32,-0.32,0.3));
#4589 = LINE('',#4590,#4591);
#4590 = CARTESIAN_POINT('',(0.32,0.26829700442,0.3));
#4591 = VECTOR('',#4592,1.);
#4592 = DIRECTION('',(-1.224646799147E-16,-1.,0.));
#4593 = ORIENTED_EDGE('',*,*,#4594,.T.);
#4594 = EDGE_CURVE('',#4587,#4571,#4595,.T.);
#4595 = LINE('',#4596,#4597);
#4596 = CARTESIAN_POINT('',(0.535,-0.32,0.3));
#4597 = VECTOR('',#4598,1.);
#4598 = DIRECTION('',(-1.,1.224646799147E-16,0.));
#4599 = PLANE('',#4600);
#4600 = AXIS2_PLACEMENT_3D('',#4601,#4602,#4603);
#4601 = CARTESIAN_POINT('',(0.75,0.5,0.3));
#4602 = DIRECTION('',(0.,0.,1.));
#4603 = DIRECTION('',(-1.224646799147E-16,-1.,0.));
#4604 = ADVANCED_FACE('',(#4605,#4611),#4645,.F.);
#4605 = FACE_BOUND('',#4606,.F.);
#4606 = EDGE_LOOP('',(#4607,#4608,#4609,#4610));
#4607 = ORIENTED_EDGE('',*,*,#4530,.T.);
#4608 = ORIENTED_EDGE('',*,*,#4096,.T.);
#4609 = ORIENTED_EDGE('',*,*,#4120,.F.);
#4610 = ORIENTED_EDGE('',*,*,#4153,.F.);
#4611 = FACE_BOUND('',#4612,.F.);
#4612 = EDGE_LOOP('',(#4613,#4623,#4631,#4639));
#4613 = ORIENTED_EDGE('',*,*,#4614,.F.);
#4614 = EDGE_CURVE('',#4615,#4617,#4619,.T.);
#4615 = VERTEX_POINT('',#4616);
#4616 = CARTESIAN_POINT('',(2.18,0.32,0.3));
#4617 = VERTEX_POINT('',#4618);
#4618 = CARTESIAN_POINT('',(2.18,-0.32,0.3));
#4619 = LINE('',#4620,#4621);
#4620 = CARTESIAN_POINT('',(2.18,0.26829700442,0.3));
#4621 = VECTOR('',#4622,1.);
#4622 = DIRECTION('',(-1.224646799147E-16,-1.,0.));
#4623 = ORIENTED_EDGE('',*,*,#4624,.T.);
#4624 = EDGE_CURVE('',#4615,#4625,#4627,.T.);
#4625 = VERTEX_POINT('',#4626);
#4626 = CARTESIAN_POINT('',(2.82,0.32,0.3));
#4627 = LINE('',#4628,#4629);
#4628 = CARTESIAN_POINT('',(3.035,0.32,0.3));
#4629 = VECTOR('',#4630,1.);
#4630 = DIRECTION('',(1.,0.,-0.));
#4631 = ORIENTED_EDGE('',*,*,#4632,.T.);
#4632 = EDGE_CURVE('',#4625,#4633,#4635,.T.);
#4633 = VERTEX_POINT('',#4634);
#4634 = CARTESIAN_POINT('',(2.82,-0.32,0.3));
#4635 = LINE('',#4636,#4637);
#4636 = CARTESIAN_POINT('',(2.82,0.26829700442,0.3));
#4637 = VECTOR('',#4638,1.);
#4638 = DIRECTION('',(-1.224646799147E-16,-1.,0.));
#4639 = ORIENTED_EDGE('',*,*,#4640,.T.);
#4640 = EDGE_CURVE('',#4633,#4617,#4641,.T.);
#4641 = LINE('',#4642,#4643);
#4642 = CARTESIAN_POINT('',(3.035,-0.32,0.3));
#4643 = VECTOR('',#4644,1.);
#4644 = DIRECTION('',(-1.,1.224646799147E-16,0.));
#4645 = PLANE('',#4646);
#4646 = AXIS2_PLACEMENT_3D('',#4647,#4648,#4649);
#4647 = CARTESIAN_POINT('',(3.25,0.5,0.3));
#4648 = DIRECTION('',(0.,0.,1.));
#4649 = DIRECTION('',(-1.224646799147E-16,-1.,0.));
#4650 = ADVANCED_FACE('',(#4651),#4676,.T.);
#4651 = FACE_BOUND('',#4652,.T.);
#4652 = EDGE_LOOP('',(#4653,#4654,#4662,#4670));
#4653 = ORIENTED_EDGE('',*,*,#4272,.T.);
#4654 = ORIENTED_EDGE('',*,*,#4655,.T.);
#4655 = EDGE_CURVE('',#4275,#4656,#4658,.T.);
#4656 = VERTEX_POINT('',#4657);
#4657 = CARTESIAN_POINT('',(-0.32,-0.32,6.3));
#4658 = LINE('',#4659,#4660);
#4659 = CARTESIAN_POINT('',(-0.32,-0.32,-0.9));
#4660 = VECTOR('',#4661,1.);
#4661 = DIRECTION('',(0.,0.,1.));
#4662 = ORIENTED_EDGE('',*,*,#4663,.T.);
#4663 = EDGE_CURVE('',#4656,#4664,#4666,.T.);
#4664 = VERTEX_POINT('',#4665);
#4665 = CARTESIAN_POINT('',(-0.32,0.32,6.3));
#4666 = LINE('',#4667,#4668);
#4667 = CARTESIAN_POINT('',(-0.32,-0.32,6.3));
#4668 = VECTOR('',#4669,1.);
#4669 = DIRECTION('',(1.224646799147E-16,1.,0.));
#4670 = ORIENTED_EDGE('',*,*,#4671,.T.);
#4671 = EDGE_CURVE('',#4664,#4273,#4672,.T.);
#4672 = LINE('',#4673,#4674);
#4673 = CARTESIAN_POINT('',(-0.32,0.32,6.5));
#4674 = VECTOR('',#4675,1.);
#4675 = DIRECTION('',(-0.,0.,-1.));
#4676 = PLANE('',#4677);
#4677 = AXIS2_PLACEMENT_3D('',#4678,#4679,#4680);
#4678 = CARTESIAN_POINT('',(-0.32,3.65940088399E-02,1.522832428212));
#4679 = DIRECTION('',(-1.,1.224646799147E-16,0.));
#4680 = DIRECTION('',(0.,0.,1.));
#4681 = ADVANCED_FACE('',(#4682),#4700,.F.);
#4682 = FACE_BOUND('',#4683,.F.);
#4683 = EDGE_LOOP('',(#4684,#4692,#4693,#4694));
#4684 = ORIENTED_EDGE('',*,*,#4685,.F.);
#4685 = EDGE_CURVE('',#4291,#4686,#4688,.T.);
#4686 = VERTEX_POINT('',#4687);
#4687 = CARTESIAN_POINT('',(0.32,-0.32,6.3));
#4688 = LINE('',#4689,#4690);
#4689 = CARTESIAN_POINT('',(0.32,-0.32,-0.9));
#4690 = VECTOR('',#4691,1.);
#4691 = DIRECTION('',(0.,0.,1.));
#4692 = ORIENTED_EDGE('',*,*,#4298,.T.);
#4693 = ORIENTED_EDGE('',*,*,#4655,.T.);
#4694 = ORIENTED_EDGE('',*,*,#4695,.F.);
#4695 = EDGE_CURVE('',#4686,#4656,#4696,.T.);
#4696 = LINE('',#4697,#4698);
#4697 = CARTESIAN_POINT('',(0.32,-0.32,6.3));
#4698 = VECTOR('',#4699,1.);
#4699 = DIRECTION('',(-1.,1.224646799147E-16,0.));
#4700 = PLANE('',#4701);
#4701 = AXIS2_PLACEMENT_3D('',#4702,#4703,#4704);
#4702 = CARTESIAN_POINT('',(0.32,-0.32,-0.9));
#4703 = DIRECTION('',(1.224646799147E-16,1.,0.));
#4704 = DIRECTION('',(0.,-0.,1.));
#4705 = ADVANCED_FACE('',(#4706),#4724,.F.);
#4706 = FACE_BOUND('',#4707,.F.);
#4707 = EDGE_LOOP('',(#4708,#4709,#4710,#4718));
#4708 = ORIENTED_EDGE('',*,*,#4290,.T.);
#4709 = ORIENTED_EDGE('',*,*,#4685,.T.);
#4710 = ORIENTED_EDGE('',*,*,#4711,.T.);
#4711 = EDGE_CURVE('',#4686,#4712,#4714,.T.);
#4712 = VERTEX_POINT('',#4713);
#4713 = CARTESIAN_POINT('',(0.32,0.32,6.3));
#4714 = LINE('',#4715,#4716);
#4715 = CARTESIAN_POINT('',(0.32,-0.32,6.3));
#4716 = VECTOR('',#4717,1.);
#4717 = DIRECTION('',(1.224646799147E-16,1.,0.));
#4718 = ORIENTED_EDGE('',*,*,#4719,.T.);
#4719 = EDGE_CURVE('',#4712,#4283,#4720,.T.);
#4720 = LINE('',#4721,#4722);
#4721 = CARTESIAN_POINT('',(0.32,0.32,6.5));
#4722 = VECTOR('',#4723,1.);
#4723 = DIRECTION('',(-0.,0.,-1.));
#4724 = PLANE('',#4725);
#4725 = AXIS2_PLACEMENT_3D('',#4726,#4727,#4728);
#4726 = CARTESIAN_POINT('',(0.32,3.65940088399E-02,1.522832428212));
#4727 = DIRECTION('',(-1.,1.224646799147E-16,0.));
#4728 = DIRECTION('',(0.,0.,1.));
#4729 = ADVANCED_FACE('',(#4730),#4741,.F.);
#4730 = FACE_BOUND('',#4731,.F.);
#4731 = EDGE_LOOP('',(#4732,#4733,#4739,#4740));
#4732 = ORIENTED_EDGE('',*,*,#4719,.F.);
#4733 = ORIENTED_EDGE('',*,*,#4734,.T.);
#4734 = EDGE_CURVE('',#4712,#4664,#4735,.T.);
#4735 = LINE('',#4736,#4737);
#4736 = CARTESIAN_POINT('',(0.32,0.32,6.3));
#4737 = VECTOR('',#4738,1.);
#4738 = DIRECTION('',(-1.,1.224646799147E-16,0.));
#4739 = ORIENTED_EDGE('',*,*,#4671,.T.);
#4740 = ORIENTED_EDGE('',*,*,#4282,.T.);
#4741 = PLANE('',#4742);
#4742 = AXIS2_PLACEMENT_3D('',#4743,#4744,#4745);
#4743 = CARTESIAN_POINT('',(0.32,0.32,6.5));
#4744 = DIRECTION('',(-1.224646799147E-16,-1.,0.));
#4745 = DIRECTION('',(-0.,0.,-1.));
#4746 = ADVANCED_FACE('',(#4747),#4772,.T.);
#4747 = FACE_BOUND('',#4748,.T.);
#4748 = EDGE_LOOP('',(#4749,#4750,#4758,#4766));
#4749 = ORIENTED_EDGE('',*,*,#4306,.T.);
#4750 = ORIENTED_EDGE('',*,*,#4751,.T.);
#4751 = EDGE_CURVE('',#4309,#4752,#4754,.T.);
#4752 = VERTEX_POINT('',#4753);
#4753 = CARTESIAN_POINT('',(2.18,-0.32,6.3));
#4754 = LINE('',#4755,#4756);
#4755 = CARTESIAN_POINT('',(2.18,-0.32,-0.9));
#4756 = VECTOR('',#4757,1.);
#4757 = DIRECTION('',(0.,0.,1.));
#4758 = ORIENTED_EDGE('',*,*,#4759,.T.);
#4759 = EDGE_CURVE('',#4752,#4760,#4762,.T.);
#4760 = VERTEX_POINT('',#4761);
#4761 = CARTESIAN_POINT('',(2.18,0.32,6.3));
#4762 = LINE('',#4763,#4764);
#4763 = CARTESIAN_POINT('',(2.18,-0.32,6.3));
#4764 = VECTOR('',#4765,1.);
#4765 = DIRECTION('',(1.224646799147E-16,1.,0.));
#4766 = ORIENTED_EDGE('',*,*,#4767,.T.);
#4767 = EDGE_CURVE('',#4760,#4307,#4768,.T.);
#4768 = LINE('',#4769,#4770);
#4769 = CARTESIAN_POINT('',(2.18,0.32,6.5));
#4770 = VECTOR('',#4771,1.);
#4771 = DIRECTION('',(-0.,0.,-1.));
#4772 = PLANE('',#4773);
#4773 = AXIS2_PLACEMENT_3D('',#4774,#4775,#4776);
#4774 = CARTESIAN_POINT('',(2.18,3.65940088399E-02,1.522832428212));
#4775 = DIRECTION('',(-1.,1.224646799147E-16,0.));
#4776 = DIRECTION('',(0.,0.,1.));
#4777 = ADVANCED_FACE('',(#4778),#4796,.F.);
#4778 = FACE_BOUND('',#4779,.F.);
#4779 = EDGE_LOOP('',(#4780,#4788,#4789,#4790));
#4780 = ORIENTED_EDGE('',*,*,#4781,.F.);
#4781 = EDGE_CURVE('',#4325,#4782,#4784,.T.);
#4782 = VERTEX_POINT('',#4783);
#4783 = CARTESIAN_POINT('',(2.82,-0.32,6.3));
#4784 = LINE('',#4785,#4786);
#4785 = CARTESIAN_POINT('',(2.82,-0.32,-0.9));
#4786 = VECTOR('',#4787,1.);
#4787 = DIRECTION('',(0.,0.,1.));
#4788 = ORIENTED_EDGE('',*,*,#4332,.T.);
#4789 = ORIENTED_EDGE('',*,*,#4751,.T.);
#4790 = ORIENTED_EDGE('',*,*,#4791,.F.);
#4791 = EDGE_CURVE('',#4782,#4752,#4792,.T.);
#4792 = LINE('',#4793,#4794);
#4793 = CARTESIAN_POINT('',(2.82,-0.32,6.3));
#4794 = VECTOR('',#4795,1.);
#4795 = DIRECTION('',(-1.,1.224646799147E-16,0.));
#4796 = PLANE('',#4797);
#4797 = AXIS2_PLACEMENT_3D('',#4798,#4799,#4800);
#4798 = CARTESIAN_POINT('',(2.82,-0.32,-0.9));
#4799 = DIRECTION('',(1.224646799147E-16,1.,0.));
#4800 = DIRECTION('',(0.,-0.,1.));
#4801 = ADVANCED_FACE('',(#4802),#4820,.F.);
#4802 = FACE_BOUND('',#4803,.F.);
#4803 = EDGE_LOOP('',(#4804,#4805,#4806,#4814));
#4804 = ORIENTED_EDGE('',*,*,#4324,.T.);
#4805 = ORIENTED_EDGE('',*,*,#4781,.T.);
#4806 = ORIENTED_EDGE('',*,*,#4807,.T.);
#4807 = EDGE_CURVE('',#4782,#4808,#4810,.T.);
#4808 = VERTEX_POINT('',#4809);
#4809 = CARTESIAN_POINT('',(2.82,0.32,6.3));
#4810 = LINE('',#4811,#4812);
#4811 = CARTESIAN_POINT('',(2.82,-0.32,6.3));
#4812 = VECTOR('',#4813,1.);
#4813 = DIRECTION('',(1.224646799147E-16,1.,0.));
#4814 = ORIENTED_EDGE('',*,*,#4815,.T.);
#4815 = EDGE_CURVE('',#4808,#4317,#4816,.T.);
#4816 = LINE('',#4817,#4818);
#4817 = CARTESIAN_POINT('',(2.82,0.32,6.5));
#4818 = VECTOR('',#4819,1.);
#4819 = DIRECTION('',(-0.,0.,-1.));
#4820 = PLANE('',#4821);
#4821 = AXIS2_PLACEMENT_3D('',#4822,#4823,#4824);
#4822 = CARTESIAN_POINT('',(2.82,3.65940088399E-02,1.522832428212));
#4823 = DIRECTION('',(-1.,1.224646799147E-16,0.));
#4824 = DIRECTION('',(0.,0.,1.));
#4825 = ADVANCED_FACE('',(#4826),#4837,.F.);
#4826 = FACE_BOUND('',#4827,.F.);
#4827 = EDGE_LOOP('',(#4828,#4829,#4835,#4836));
#4828 = ORIENTED_EDGE('',*,*,#4815,.F.);
#4829 = ORIENTED_EDGE('',*,*,#4830,.T.);
#4830 = EDGE_CURVE('',#4808,#4760,#4831,.T.);
#4831 = LINE('',#4832,#4833);
#4832 = CARTESIAN_POINT('',(2.82,0.32,6.3));
#4833 = VECTOR('',#4834,1.);
#4834 = DIRECTION('',(-1.,1.224646799147E-16,0.));
#4835 = ORIENTED_EDGE('',*,*,#4767,.T.);
#4836 = ORIENTED_EDGE('',*,*,#4316,.T.);
#4837 = PLANE('',#4838);
#4838 = AXIS2_PLACEMENT_3D('',#4839,#4840,#4841);
#4839 = CARTESIAN_POINT('',(2.82,0.32,6.5));
#4840 = DIRECTION('',(-1.224646799147E-16,-1.,0.));
#4841 = DIRECTION('',(-0.,0.,-1.));
#4842 = ADVANCED_FACE('',(#4843),#4900,.T.);
#4843 = FACE_BOUND('',#4844,.T.);
#4844 = EDGE_LOOP('',(#4845,#4855,#4863,#4871,#4877,#4878,#4886,#4894));
#4845 = ORIENTED_EDGE('',*,*,#4846,.T.);
#4846 = EDGE_CURVE('',#4847,#4849,#4851,.T.);
#4847 = VERTEX_POINT('',#4848);
#4848 = CARTESIAN_POINT('',(-0.32,0.351578947368,-3.2));
#4849 = VERTEX_POINT('',#4850);
#4850 = CARTESIAN_POINT('',(-0.32,-0.288421052632,-3.2));
#4851 = LINE('',#4852,#4853);
#4852 = CARTESIAN_POINT('',(-0.32,0.32,-3.2));
#4853 = VECTOR('',#4854,1.);
#4854 = DIRECTION('',(-1.224646799147E-16,-1.,0.));
#4855 = ORIENTED_EDGE('',*,*,#4856,.T.);
#4856 = EDGE_CURVE('',#4849,#4857,#4859,.T.);
#4857 = VERTEX_POINT('',#4858);
#4858 = CARTESIAN_POINT('',(-0.32,-2.E-02,-1.5));
#4859 = LINE('',#4860,#4861);
#4860 = CARTESIAN_POINT('',(-0.32,-0.32,-3.4));
#4861 = VECTOR('',#4862,1.);
#4862 = DIRECTION('',(1.909990663905E-17,0.155962573473,0.987762965329)
  );
#4863 = ORIENTED_EDGE('',*,*,#4864,.T.);
#4864 = EDGE_CURVE('',#4857,#4865,#4867,.T.);
#4865 = VERTEX_POINT('',#4866);
#4866 = CARTESIAN_POINT('',(-0.32,-0.32,-0.9));
#4867 = LINE('',#4868,#4869);
#4868 = CARTESIAN_POINT('',(-0.32,-2.E-02,-1.5));
#4869 = VECTOR('',#4870,1.);
#4870 = DIRECTION('',(-5.476786982641E-17,-0.4472135955,0.894427191));
#4871 = ORIENTED_EDGE('',*,*,#4872,.T.);
#4872 = EDGE_CURVE('',#4865,#4571,#4873,.T.);
#4873 = LINE('',#4874,#4875);
#4874 = CARTESIAN_POINT('',(-0.32,-0.32,-0.9));
#4875 = VECTOR('',#4876,1.);
#4876 = DIRECTION('',(0.,0.,1.));
#4877 = ORIENTED_EDGE('',*,*,#4568,.F.);
#4878 = ORIENTED_EDGE('',*,*,#4879,.T.);
#4879 = EDGE_CURVE('',#4569,#4880,#4882,.T.);
#4880 = VERTEX_POINT('',#4881);
#4881 = CARTESIAN_POINT('',(-0.32,0.32,-0.9));
#4882 = LINE('',#4883,#4884);
#4883 = CARTESIAN_POINT('',(-0.32,0.32,6.5));
#4884 = VECTOR('',#4885,1.);
#4885 = DIRECTION('',(-0.,0.,-1.));
#4886 = ORIENTED_EDGE('',*,*,#4887,.T.);
#4887 = EDGE_CURVE('',#4880,#4888,#4890,.T.);
#4888 = VERTEX_POINT('',#4889);
#4889 = CARTESIAN_POINT('',(-0.32,0.62,-1.5));
#4890 = LINE('',#4891,#4892);
#4891 = CARTESIAN_POINT('',(-0.32,0.32,-0.9));
#4892 = VECTOR('',#4893,1.);
#4893 = DIRECTION('',(5.476786982641E-17,0.4472135955,-0.894427191));
#4894 = ORIENTED_EDGE('',*,*,#4895,.T.);
#4895 = EDGE_CURVE('',#4888,#4847,#4896,.T.);
#4896 = LINE('',#4897,#4898);
#4897 = CARTESIAN_POINT('',(-0.32,0.62,-1.5));
#4898 = VECTOR('',#4899,1.);
#4899 = DIRECTION('',(-1.909990663905E-17,-0.155962573473,
    -0.987762965329));
#4900 = PLANE('',#4901);
#4901 = AXIS2_PLACEMENT_3D('',#4902,#4903,#4904);
#4902 = CARTESIAN_POINT('',(-0.32,3.65940088399E-02,1.522832428212));
#4903 = DIRECTION('',(-1.,1.224646799147E-16,0.));
#4904 = DIRECTION('',(0.,0.,1.));
#4905 = ADVANCED_FACE('',(#4906),#4924,.F.);
#4906 = FACE_BOUND('',#4907,.F.);
#4907 = EDGE_LOOP('',(#4908,#4916,#4922,#4923));
#4908 = ORIENTED_EDGE('',*,*,#4909,.F.);
#4909 = EDGE_CURVE('',#4910,#4587,#4912,.T.);
#4910 = VERTEX_POINT('',#4911);
#4911 = CARTESIAN_POINT('',(0.32,-0.32,-0.9));
#4912 = LINE('',#4913,#4914);
#4913 = CARTESIAN_POINT('',(0.32,-0.32,-0.9));
#4914 = VECTOR('',#4915,1.);
#4915 = DIRECTION('',(0.,0.,1.));
#4916 = ORIENTED_EDGE('',*,*,#4917,.T.);
#4917 = EDGE_CURVE('',#4910,#4865,#4918,.T.);
#4918 = LINE('',#4919,#4920);
#4919 = CARTESIAN_POINT('',(0.32,-0.32,-0.9));
#4920 = VECTOR('',#4921,1.);
#4921 = DIRECTION('',(-1.,1.224646799147E-16,0.));
#4922 = ORIENTED_EDGE('',*,*,#4872,.T.);
#4923 = ORIENTED_EDGE('',*,*,#4594,.F.);
#4924 = PLANE('',#4925);
#4925 = AXIS2_PLACEMENT_3D('',#4926,#4927,#4928);
#4926 = CARTESIAN_POINT('',(0.32,-0.32,-0.9));
#4927 = DIRECTION('',(1.224646799147E-16,1.,0.));
#4928 = DIRECTION('',(0.,-0.,1.));
#4929 = ADVANCED_FACE('',(#4930),#4980,.F.);
#4930 = FACE_BOUND('',#4931,.F.);
#4931 = EDGE_LOOP('',(#4932,#4942,#4950,#4956,#4957,#4958,#4966,#4974));
#4932 = ORIENTED_EDGE('',*,*,#4933,.T.);
#4933 = EDGE_CURVE('',#4934,#4936,#4938,.T.);
#4934 = VERTEX_POINT('',#4935);
#4935 = CARTESIAN_POINT('',(0.32,0.351578947368,-3.2));
#4936 = VERTEX_POINT('',#4937);
#4937 = CARTESIAN_POINT('',(0.32,-0.288421052632,-3.2));
#4938 = LINE('',#4939,#4940);
#4939 = CARTESIAN_POINT('',(0.32,0.32,-3.2));
#4940 = VECTOR('',#4941,1.);
#4941 = DIRECTION('',(-1.224646799147E-16,-1.,0.));
#4942 = ORIENTED_EDGE('',*,*,#4943,.T.);
#4943 = EDGE_CURVE('',#4936,#4944,#4946,.T.);
#4944 = VERTEX_POINT('',#4945);
#4945 = CARTESIAN_POINT('',(0.32,-2.E-02,-1.5));
#4946 = LINE('',#4947,#4948);
#4947 = CARTESIAN_POINT('',(0.32,-0.32,-3.4));
#4948 = VECTOR('',#4949,1.);
#4949 = DIRECTION('',(1.909990663905E-17,0.155962573473,0.987762965329)
  );
#4950 = ORIENTED_EDGE('',*,*,#4951,.T.);
#4951 = EDGE_CURVE('',#4944,#4910,#4952,.T.);
#4952 = LINE('',#4953,#4954);
#4953 = CARTESIAN_POINT('',(0.32,-2.E-02,-1.5));
#4954 = VECTOR('',#4955,1.);
#4955 = DIRECTION('',(-5.476786982641E-17,-0.4472135955,0.894427191));
#4956 = ORIENTED_EDGE('',*,*,#4909,.T.);
#4957 = ORIENTED_EDGE('',*,*,#4586,.F.);
#4958 = ORIENTED_EDGE('',*,*,#4959,.T.);
#4959 = EDGE_CURVE('',#4579,#4960,#4962,.T.);
#4960 = VERTEX_POINT('',#4961);
#4961 = CARTESIAN_POINT('',(0.32,0.32,-0.9));
#4962 = LINE('',#4963,#4964);
#4963 = CARTESIAN_POINT('',(0.32,0.32,6.5));
#4964 = VECTOR('',#4965,1.);
#4965 = DIRECTION('',(-0.,0.,-1.));
#4966 = ORIENTED_EDGE('',*,*,#4967,.T.);
#4967 = EDGE_CURVE('',#4960,#4968,#4970,.T.);
#4968 = VERTEX_POINT('',#4969);
#4969 = CARTESIAN_POINT('',(0.32,0.62,-1.5));
#4970 = LINE('',#4971,#4972);
#4971 = CARTESIAN_POINT('',(0.32,0.32,-0.9));
#4972 = VECTOR('',#4973,1.);
#4973 = DIRECTION('',(5.476786982641E-17,0.4472135955,-0.894427191));
#4974 = ORIENTED_EDGE('',*,*,#4975,.T.);
#4975 = EDGE_CURVE('',#4968,#4934,#4976,.T.);
#4976 = LINE('',#4977,#4978);
#4977 = CARTESIAN_POINT('',(0.32,0.62,-1.5));
#4978 = VECTOR('',#4979,1.);
#4979 = DIRECTION('',(-1.909990663905E-17,-0.155962573473,
    -0.987762965329));
#4980 = PLANE('',#4981);
#4981 = AXIS2_PLACEMENT_3D('',#4982,#4983,#4984);
#4982 = CARTESIAN_POINT('',(0.32,3.65940088399E-02,1.522832428212));
#4983 = DIRECTION('',(-1.,1.224646799147E-16,0.));
#4984 = DIRECTION('',(0.,0.,1.));
#4985 = ADVANCED_FACE('',(#4986),#4997,.F.);
#4986 = FACE_BOUND('',#4987,.F.);
#4987 = EDGE_LOOP('',(#4988,#4989,#4990,#4991));
#4988 = ORIENTED_EDGE('',*,*,#4959,.F.);
#4989 = ORIENTED_EDGE('',*,*,#4578,.F.);
#4990 = ORIENTED_EDGE('',*,*,#4879,.T.);
#4991 = ORIENTED_EDGE('',*,*,#4992,.F.);
#4992 = EDGE_CURVE('',#4960,#4880,#4993,.T.);
#4993 = LINE('',#4994,#4995);
#4994 = CARTESIAN_POINT('',(0.32,0.32,-0.9));
#4995 = VECTOR('',#4996,1.);
#4996 = DIRECTION('',(-1.,1.224646799147E-16,0.));
#4997 = PLANE('',#4998);
#4998 = AXIS2_PLACEMENT_3D('',#4999,#5000,#5001);
#4999 = CARTESIAN_POINT('',(0.32,0.32,6.5));
#5000 = DIRECTION('',(-1.224646799147E-16,-1.,0.));
#5001 = DIRECTION('',(-0.,0.,-1.));
#5002 = ADVANCED_FACE('',(#5003),#5060,.T.);
#5003 = FACE_BOUND('',#5004,.T.);
#5004 = EDGE_LOOP('',(#5005,#5015,#5023,#5031,#5037,#5038,#5046,#5054));
#5005 = ORIENTED_EDGE('',*,*,#5006,.T.);
#5006 = EDGE_CURVE('',#5007,#5009,#5011,.T.);
#5007 = VERTEX_POINT('',#5008);
#5008 = CARTESIAN_POINT('',(2.18,0.351578947368,-3.2));
#5009 = VERTEX_POINT('',#5010);
#5010 = CARTESIAN_POINT('',(2.18,-0.288421052632,-3.2));
#5011 = LINE('',#5012,#5013);
#5012 = CARTESIAN_POINT('',(2.18,0.32,-3.2));
#5013 = VECTOR('',#5014,1.);
#5014 = DIRECTION('',(-1.224646799147E-16,-1.,0.));
#5015 = ORIENTED_EDGE('',*,*,#5016,.T.);
#5016 = EDGE_CURVE('',#5009,#5017,#5019,.T.);
#5017 = VERTEX_POINT('',#5018);
#5018 = CARTESIAN_POINT('',(2.18,-2.E-02,-1.5));
#5019 = LINE('',#5020,#5021);
#5020 = CARTESIAN_POINT('',(2.18,-0.32,-3.4));
#5021 = VECTOR('',#5022,1.);
#5022 = DIRECTION('',(1.909990663905E-17,0.155962573473,0.987762965329)
  );
#5023 = ORIENTED_EDGE('',*,*,#5024,.T.);
#5024 = EDGE_CURVE('',#5017,#5025,#5027,.T.);
#5025 = VERTEX_POINT('',#5026);
#5026 = CARTESIAN_POINT('',(2.18,-0.32,-0.9));
#5027 = LINE('',#5028,#5029);
#5028 = CARTESIAN_POINT('',(2.18,-2.E-02,-1.5));
#5029 = VECTOR('',#5030,1.);
#5030 = DIRECTION('',(-5.476786982641E-17,-0.4472135955,0.894427191));
#5031 = ORIENTED_EDGE('',*,*,#5032,.T.);
#5032 = EDGE_CURVE('',#5025,#4617,#5033,.T.);
#5033 = LINE('',#5034,#5035);
#5034 = CARTESIAN_POINT('',(2.18,-0.32,-0.9));
#5035 = VECTOR('',#5036,1.);
#5036 = DIRECTION('',(0.,0.,1.));
#5037 = ORIENTED_EDGE('',*,*,#4614,.F.);
#5038 = ORIENTED_EDGE('',*,*,#5039,.T.);
#5039 = EDGE_CURVE('',#4615,#5040,#5042,.T.);
#5040 = VERTEX_POINT('',#5041);
#5041 = CARTESIAN_POINT('',(2.18,0.32,-0.9));
#5042 = LINE('',#5043,#5044);
#5043 = CARTESIAN_POINT('',(2.18,0.32,6.5));
#5044 = VECTOR('',#5045,1.);
#5045 = DIRECTION('',(-0.,0.,-1.));
#5046 = ORIENTED_EDGE('',*,*,#5047,.T.);
#5047 = EDGE_CURVE('',#5040,#5048,#5050,.T.);
#5048 = VERTEX_POINT('',#5049);
#5049 = CARTESIAN_POINT('',(2.18,0.62,-1.5));
#5050 = LINE('',#5051,#5052);
#5051 = CARTESIAN_POINT('',(2.18,0.32,-0.9));
#5052 = VECTOR('',#5053,1.);
#5053 = DIRECTION('',(5.476786982641E-17,0.4472135955,-0.894427191));
#5054 = ORIENTED_EDGE('',*,*,#5055,.T.);
#5055 = EDGE_CURVE('',#5048,#5007,#5056,.T.);
#5056 = LINE('',#5057,#5058);
#5057 = CARTESIAN_POINT('',(2.18,0.62,-1.5));
#5058 = VECTOR('',#5059,1.);
#5059 = DIRECTION('',(-1.909990663905E-17,-0.155962573473,
    -0.987762965329));
#5060 = PLANE('',#5061);
#5061 = AXIS2_PLACEMENT_3D('',#5062,#5063,#5064);
#5062 = CARTESIAN_POINT('',(2.18,3.65940088399E-02,1.522832428212));
#5063 = DIRECTION('',(-1.,1.224646799147E-16,0.));
#5064 = DIRECTION('',(0.,0.,1.));
#5065 = ADVANCED_FACE('',(#5066),#5084,.F.);
#5066 = FACE_BOUND('',#5067,.F.);
#5067 = EDGE_LOOP('',(#5068,#5076,#5082,#5083));
#5068 = ORIENTED_EDGE('',*,*,#5069,.F.);
#5069 = EDGE_CURVE('',#5070,#4633,#5072,.T.);
#5070 = VERTEX_POINT('',#5071);
#5071 = CARTESIAN_POINT('',(2.82,-0.32,-0.9));
#5072 = LINE('',#5073,#5074);
#5073 = CARTESIAN_POINT('',(2.82,-0.32,-0.9));
#5074 = VECTOR('',#5075,1.);
#5075 = DIRECTION('',(0.,0.,1.));
#5076 = ORIENTED_EDGE('',*,*,#5077,.T.);
#5077 = EDGE_CURVE('',#5070,#5025,#5078,.T.);
#5078 = LINE('',#5079,#5080);
#5079 = CARTESIAN_POINT('',(2.82,-0.32,-0.9));
#5080 = VECTOR('',#5081,1.);
#5081 = DIRECTION('',(-1.,1.224646799147E-16,0.));
#5082 = ORIENTED_EDGE('',*,*,#5032,.T.);
#5083 = ORIENTED_EDGE('',*,*,#4640,.F.);
#5084 = PLANE('',#5085);
#5085 = AXIS2_PLACEMENT_3D('',#5086,#5087,#5088);
#5086 = CARTESIAN_POINT('',(2.82,-0.32,-0.9));
#5087 = DIRECTION('',(1.224646799147E-16,1.,0.));
#5088 = DIRECTION('',(0.,-0.,1.));
#5089 = ADVANCED_FACE('',(#5090),#5140,.F.);
#5090 = FACE_BOUND('',#5091,.F.);
#5091 = EDGE_LOOP('',(#5092,#5102,#5110,#5116,#5117,#5118,#5126,#5134));
#5092 = ORIENTED_EDGE('',*,*,#5093,.T.);
#5093 = EDGE_CURVE('',#5094,#5096,#5098,.T.);
#5094 = VERTEX_POINT('',#5095);
#5095 = CARTESIAN_POINT('',(2.82,0.351578947368,-3.2));
#5096 = VERTEX_POINT('',#5097);
#5097 = CARTESIAN_POINT('',(2.82,-0.288421052632,-3.2));
#5098 = LINE('',#5099,#5100);
#5099 = CARTESIAN_POINT('',(2.82,0.32,-3.2));
#5100 = VECTOR('',#5101,1.);
#5101 = DIRECTION('',(-1.224646799147E-16,-1.,0.));
#5102 = ORIENTED_EDGE('',*,*,#5103,.T.);
#5103 = EDGE_CURVE('',#5096,#5104,#5106,.T.);
#5104 = VERTEX_POINT('',#5105);
#5105 = CARTESIAN_POINT('',(2.82,-2.E-02,-1.5));
#5106 = LINE('',#5107,#5108);
#5107 = CARTESIAN_POINT('',(2.82,-0.32,-3.4));
#5108 = VECTOR('',#5109,1.);
#5109 = DIRECTION('',(1.909990663905E-17,0.155962573473,0.987762965329)
  );
#5110 = ORIENTED_EDGE('',*,*,#5111,.T.);
#5111 = EDGE_CURVE('',#5104,#5070,#5112,.T.);
#5112 = LINE('',#5113,#5114);
#5113 = CARTESIAN_POINT('',(2.82,-2.E-02,-1.5));
#5114 = VECTOR('',#5115,1.);
#5115 = DIRECTION('',(-5.476786982641E-17,-0.4472135955,0.894427191));
#5116 = ORIENTED_EDGE('',*,*,#5069,.T.);
#5117 = ORIENTED_EDGE('',*,*,#4632,.F.);
#5118 = ORIENTED_EDGE('',*,*,#5119,.T.);
#5119 = EDGE_CURVE('',#4625,#5120,#5122,.T.);
#5120 = VERTEX_POINT('',#5121);
#5121 = CARTESIAN_POINT('',(2.82,0.32,-0.9));
#5122 = LINE('',#5123,#5124);
#5123 = CARTESIAN_POINT('',(2.82,0.32,6.5));
#5124 = VECTOR('',#5125,1.);
#5125 = DIRECTION('',(-0.,0.,-1.));
#5126 = ORIENTED_EDGE('',*,*,#5127,.T.);
#5127 = EDGE_CURVE('',#5120,#5128,#5130,.T.);
#5128 = VERTEX_POINT('',#5129);
#5129 = CARTESIAN_POINT('',(2.82,0.62,-1.5));
#5130 = LINE('',#5131,#5132);
#5131 = CARTESIAN_POINT('',(2.82,0.32,-0.9));
#5132 = VECTOR('',#5133,1.);
#5133 = DIRECTION('',(5.476786982641E-17,0.4472135955,-0.894427191));
#5134 = ORIENTED_EDGE('',*,*,#5135,.T.);
#5135 = EDGE_CURVE('',#5128,#5094,#5136,.T.);
#5136 = LINE('',#5137,#5138);
#5137 = CARTESIAN_POINT('',(2.82,0.62,-1.5));
#5138 = VECTOR('',#5139,1.);
#5139 = DIRECTION('',(-1.909990663905E-17,-0.155962573473,
    -0.987762965329));
#5140 = PLANE('',#5141);
#5141 = AXIS2_PLACEMENT_3D('',#5142,#5143,#5144);
#5142 = CARTESIAN_POINT('',(2.82,3.65940088399E-02,1.522832428212));
#5143 = DIRECTION('',(-1.,1.224646799147E-16,0.));
#5144 = DIRECTION('',(0.,0.,1.));
#5145 = ADVANCED_FACE('',(#5146),#5157,.F.);
#5146 = FACE_BOUND('',#5147,.F.);
#5147 = EDGE_LOOP('',(#5148,#5149,#5150,#5151));
#5148 = ORIENTED_EDGE('',*,*,#5119,.F.);
#5149 = ORIENTED_EDGE('',*,*,#4624,.F.);
#5150 = ORIENTED_EDGE('',*,*,#5039,.T.);
#5151 = ORIENTED_EDGE('',*,*,#5152,.F.);
#5152 = EDGE_CURVE('',#5120,#5040,#5153,.T.);
#5153 = LINE('',#5154,#5155);
#5154 = CARTESIAN_POINT('',(2.82,0.32,-0.9));
#5155 = VECTOR('',#5156,1.);
#5156 = DIRECTION('',(-1.,1.224646799147E-16,0.));
#5157 = PLANE('',#5158);
#5158 = AXIS2_PLACEMENT_3D('',#5159,#5160,#5161);
#5159 = CARTESIAN_POINT('',(2.82,0.32,6.5));
#5160 = DIRECTION('',(-1.224646799147E-16,-1.,0.));
#5161 = DIRECTION('',(-0.,0.,-1.));
#5162 = ADVANCED_FACE('',(#5163),#5188,.F.);
#5163 = FACE_BOUND('',#5164,.T.);
#5164 = EDGE_LOOP('',(#5165,#5173,#5181,#5187));
#5165 = ORIENTED_EDGE('',*,*,#5166,.F.);
#5166 = EDGE_CURVE('',#5167,#4656,#5169,.T.);
#5167 = VERTEX_POINT('',#5168);
#5168 = CARTESIAN_POINT('',(-0.12,-0.12,6.5));
#5169 = LINE('',#5170,#5171);
#5170 = CARTESIAN_POINT('',(-0.146666666667,-0.146666666667,
    6.473333333333));
#5171 = VECTOR('',#5172,1.);
#5172 = DIRECTION('',(-0.57735026919,-0.57735026919,-0.57735026919));
#5173 = ORIENTED_EDGE('',*,*,#5174,.T.);
#5174 = EDGE_CURVE('',#5167,#5175,#5177,.T.);
#5175 = VERTEX_POINT('',#5176);
#5176 = CARTESIAN_POINT('',(-0.12,0.12,6.5));
#5177 = LINE('',#5178,#5179);
#5178 = CARTESIAN_POINT('',(-0.12,-0.32,6.5));
#5179 = VECTOR('',#5180,1.);
#5180 = DIRECTION('',(1.224646799147E-16,1.,0.));
#5181 = ORIENTED_EDGE('',*,*,#5182,.T.);
#5182 = EDGE_CURVE('',#5175,#4664,#5183,.T.);
#5183 = LINE('',#5184,#5185);
#5184 = CARTESIAN_POINT('',(-4.E-02,4.E-02,6.58));
#5185 = VECTOR('',#5186,1.);
#5186 = DIRECTION('',(-0.57735026919,0.57735026919,-0.57735026919));
#5187 = ORIENTED_EDGE('',*,*,#4663,.F.);
#5188 = PLANE('',#5189);
#5189 = AXIS2_PLACEMENT_3D('',#5190,#5191,#5192);
#5190 = CARTESIAN_POINT('',(-0.22,-0.32,6.4));
#5191 = DIRECTION('',(0.707106781187,-8.659560562349E-17,-0.707106781187
    ));
#5192 = DIRECTION('',(-1.224646799147E-16,-1.,-2.105272540809E-29));
#5193 = ADVANCED_FACE('',(#5194),#5212,.T.);
#5194 = FACE_BOUND('',#5195,.F.);
#5195 = EDGE_LOOP('',(#5196,#5204,#5205,#5206));
#5196 = ORIENTED_EDGE('',*,*,#5197,.T.);
#5197 = EDGE_CURVE('',#5198,#4686,#5200,.T.);
#5198 = VERTEX_POINT('',#5199);
#5199 = CARTESIAN_POINT('',(0.12,-0.12,6.5));
#5200 = LINE('',#5201,#5202);
#5201 = CARTESIAN_POINT('',(0.253333333333,-0.253333333333,
    6.366666666667));
#5202 = VECTOR('',#5203,1.);
#5203 = DIRECTION('',(0.57735026919,-0.57735026919,-0.57735026919));
#5204 = ORIENTED_EDGE('',*,*,#4695,.T.);
#5205 = ORIENTED_EDGE('',*,*,#5166,.F.);
#5206 = ORIENTED_EDGE('',*,*,#5207,.F.);
#5207 = EDGE_CURVE('',#5198,#5167,#5208,.T.);
#5208 = LINE('',#5209,#5210);
#5209 = CARTESIAN_POINT('',(0.32,-0.12,6.5));
#5210 = VECTOR('',#5211,1.);
#5211 = DIRECTION('',(-1.,1.224646799147E-16,0.));
#5212 = PLANE('',#5213);
#5213 = AXIS2_PLACEMENT_3D('',#5214,#5215,#5216);
#5214 = CARTESIAN_POINT('',(0.32,-0.22,6.4));
#5215 = DIRECTION('',(-8.833102285013E-17,-0.707106781187,0.707106781187
    ));
#5216 = DIRECTION('',(1.,-6.245946524647E-17,6.245946524647E-17));
#5217 = ADVANCED_FACE('',(#5218),#5236,.T.);
#5218 = FACE_BOUND('',#5219,.F.);
#5219 = EDGE_LOOP('',(#5220,#5221,#5229,#5235));
#5220 = ORIENTED_EDGE('',*,*,#5197,.F.);
#5221 = ORIENTED_EDGE('',*,*,#5222,.T.);
#5222 = EDGE_CURVE('',#5198,#5223,#5225,.T.);
#5223 = VERTEX_POINT('',#5224);
#5224 = CARTESIAN_POINT('',(0.12,0.12,6.5));
#5225 = LINE('',#5226,#5227);
#5226 = CARTESIAN_POINT('',(0.12,-0.32,6.5));
#5227 = VECTOR('',#5228,1.);
#5228 = DIRECTION('',(1.224646799147E-16,1.,0.));
#5229 = ORIENTED_EDGE('',*,*,#5230,.T.);
#5230 = EDGE_CURVE('',#5223,#4712,#5231,.T.);
#5231 = LINE('',#5232,#5233);
#5232 = CARTESIAN_POINT('',(0.146666666667,0.146666666667,6.473333333333
    ));
#5233 = VECTOR('',#5234,1.);
#5234 = DIRECTION('',(0.57735026919,0.57735026919,-0.57735026919));
#5235 = ORIENTED_EDGE('',*,*,#4711,.F.);
#5236 = PLANE('',#5237);
#5237 = AXIS2_PLACEMENT_3D('',#5238,#5239,#5240);
#5238 = CARTESIAN_POINT('',(0.22,-0.32,6.4));
#5239 = DIRECTION('',(0.707106781187,-8.659560562349E-17,0.707106781187)
  );
#5240 = DIRECTION('',(-1.224646799147E-16,-1.,2.105272540809E-29));
#5241 = ADVANCED_FACE('',(#5242),#5253,.T.);
#5242 = FACE_BOUND('',#5243,.F.);
#5243 = EDGE_LOOP('',(#5244,#5245,#5251,#5252));
#5244 = ORIENTED_EDGE('',*,*,#5230,.F.);
#5245 = ORIENTED_EDGE('',*,*,#5246,.T.);
#5246 = EDGE_CURVE('',#5223,#5175,#5247,.T.);
#5247 = LINE('',#5248,#5249);
#5248 = CARTESIAN_POINT('',(0.32,0.12,6.5));
#5249 = VECTOR('',#5250,1.);
#5250 = DIRECTION('',(-1.,1.224646799147E-16,0.));
#5251 = ORIENTED_EDGE('',*,*,#5182,.T.);
#5252 = ORIENTED_EDGE('',*,*,#4734,.F.);
#5253 = PLANE('',#5254);
#5254 = AXIS2_PLACEMENT_3D('',#5255,#5256,#5257);
#5255 = CARTESIAN_POINT('',(0.32,0.22,6.4));
#5256 = DIRECTION('',(8.833102285013E-17,0.707106781187,0.707106781187)
  );
#5257 = DIRECTION('',(1.,-6.245946524647E-17,-6.245946524647E-17));
#5258 = ADVANCED_FACE('',(#5259),#5284,.F.);
#5259 = FACE_BOUND('',#5260,.T.);
#5260 = EDGE_LOOP('',(#5261,#5269,#5277,#5283));
#5261 = ORIENTED_EDGE('',*,*,#5262,.F.);
#5262 = EDGE_CURVE('',#5263,#4752,#5265,.T.);
#5263 = VERTEX_POINT('',#5264);
#5264 = CARTESIAN_POINT('',(2.38,-0.12,6.5));
#5265 = LINE('',#5266,#5267);
#5266 = CARTESIAN_POINT('',(2.353333333333,-0.146666666667,
    6.473333333333));
#5267 = VECTOR('',#5268,1.);
#5268 = DIRECTION('',(-0.57735026919,-0.57735026919,-0.57735026919));
#5269 = ORIENTED_EDGE('',*,*,#5270,.T.);
#5270 = EDGE_CURVE('',#5263,#5271,#5273,.T.);
#5271 = VERTEX_POINT('',#5272);
#5272 = CARTESIAN_POINT('',(2.38,0.12,6.5));
#5273 = LINE('',#5274,#5275);
#5274 = CARTESIAN_POINT('',(2.38,-0.32,6.5));
#5275 = VECTOR('',#5276,1.);
#5276 = DIRECTION('',(1.224646799147E-16,1.,0.));
#5277 = ORIENTED_EDGE('',*,*,#5278,.T.);
#5278 = EDGE_CURVE('',#5271,#4760,#5279,.T.);
#5279 = LINE('',#5280,#5281);
#5280 = CARTESIAN_POINT('',(2.46,4.E-02,6.58));
#5281 = VECTOR('',#5282,1.);
#5282 = DIRECTION('',(-0.57735026919,0.57735026919,-0.57735026919));
#5283 = ORIENTED_EDGE('',*,*,#4759,.F.);
#5284 = PLANE('',#5285);
#5285 = AXIS2_PLACEMENT_3D('',#5286,#5287,#5288);
#5286 = CARTESIAN_POINT('',(2.28,-0.32,6.4));
#5287 = DIRECTION('',(0.707106781187,-8.659560562349E-17,-0.707106781187
    ));
#5288 = DIRECTION('',(-1.224646799147E-16,-1.,-2.105272540809E-29));
#5289 = ADVANCED_FACE('',(#5290),#5308,.T.);
#5290 = FACE_BOUND('',#5291,.F.);
#5291 = EDGE_LOOP('',(#5292,#5300,#5301,#5302));
#5292 = ORIENTED_EDGE('',*,*,#5293,.T.);
#5293 = EDGE_CURVE('',#5294,#4782,#5296,.T.);
#5294 = VERTEX_POINT('',#5295);
#5295 = CARTESIAN_POINT('',(2.62,-0.12,6.5));
#5296 = LINE('',#5297,#5298);
#5297 = CARTESIAN_POINT('',(2.753333333333,-0.253333333333,
    6.366666666667));
#5298 = VECTOR('',#5299,1.);
#5299 = DIRECTION('',(0.57735026919,-0.57735026919,-0.57735026919));
#5300 = ORIENTED_EDGE('',*,*,#4791,.T.);
#5301 = ORIENTED_EDGE('',*,*,#5262,.F.);
#5302 = ORIENTED_EDGE('',*,*,#5303,.F.);
#5303 = EDGE_CURVE('',#5294,#5263,#5304,.T.);
#5304 = LINE('',#5305,#5306);
#5305 = CARTESIAN_POINT('',(2.82,-0.12,6.5));
#5306 = VECTOR('',#5307,1.);
#5307 = DIRECTION('',(-1.,1.224646799147E-16,0.));
#5308 = PLANE('',#5309);
#5309 = AXIS2_PLACEMENT_3D('',#5310,#5311,#5312);
#5310 = CARTESIAN_POINT('',(2.82,-0.22,6.4));
#5311 = DIRECTION('',(-8.833102285013E-17,-0.707106781187,0.707106781187
    ));
#5312 = DIRECTION('',(1.,-6.245946524647E-17,6.245946524647E-17));
#5313 = ADVANCED_FACE('',(#5314),#5332,.T.);
#5314 = FACE_BOUND('',#5315,.F.);
#5315 = EDGE_LOOP('',(#5316,#5317,#5325,#5331));
#5316 = ORIENTED_EDGE('',*,*,#5293,.F.);
#5317 = ORIENTED_EDGE('',*,*,#5318,.T.);
#5318 = EDGE_CURVE('',#5294,#5319,#5321,.T.);
#5319 = VERTEX_POINT('',#5320);
#5320 = CARTESIAN_POINT('',(2.62,0.12,6.5));
#5321 = LINE('',#5322,#5323);
#5322 = CARTESIAN_POINT('',(2.62,-0.32,6.5));
#5323 = VECTOR('',#5324,1.);
#5324 = DIRECTION('',(1.224646799147E-16,1.,0.));
#5325 = ORIENTED_EDGE('',*,*,#5326,.T.);
#5326 = EDGE_CURVE('',#5319,#4808,#5327,.T.);
#5327 = LINE('',#5328,#5329);
#5328 = CARTESIAN_POINT('',(2.646666666667,0.146666666667,6.473333333333
    ));
#5329 = VECTOR('',#5330,1.);
#5330 = DIRECTION('',(0.57735026919,0.57735026919,-0.57735026919));
#5331 = ORIENTED_EDGE('',*,*,#4807,.F.);
#5332 = PLANE('',#5333);
#5333 = AXIS2_PLACEMENT_3D('',#5334,#5335,#5336);
#5334 = CARTESIAN_POINT('',(2.72,-0.32,6.4));
#5335 = DIRECTION('',(0.707106781187,-8.659560562349E-17,0.707106781187)
  );
#5336 = DIRECTION('',(-1.224646799147E-16,-1.,2.105272540809E-29));
#5337 = ADVANCED_FACE('',(#5338),#5349,.T.);
#5338 = FACE_BOUND('',#5339,.F.);
#5339 = EDGE_LOOP('',(#5340,#5341,#5347,#5348));
#5340 = ORIENTED_EDGE('',*,*,#5326,.F.);
#5341 = ORIENTED_EDGE('',*,*,#5342,.T.);
#5342 = EDGE_CURVE('',#5319,#5271,#5343,.T.);
#5343 = LINE('',#5344,#5345);
#5344 = CARTESIAN_POINT('',(2.82,0.12,6.5));
#5345 = VECTOR('',#5346,1.);
#5346 = DIRECTION('',(-1.,1.224646799147E-16,0.));
#5347 = ORIENTED_EDGE('',*,*,#5278,.T.);
#5348 = ORIENTED_EDGE('',*,*,#4830,.F.);
#5349 = PLANE('',#5350);
#5350 = AXIS2_PLACEMENT_3D('',#5351,#5352,#5353);
#5351 = CARTESIAN_POINT('',(2.82,0.22,6.4));
#5352 = DIRECTION('',(8.833102285013E-17,0.707106781187,0.707106781187)
  );
#5353 = DIRECTION('',(1.,-6.245946524647E-17,-6.245946524647E-17));
#5354 = ADVANCED_FACE('',(#5355),#5396,.F.);
#5355 = FACE_BOUND('',#5356,.T.);
#5356 = EDGE_LOOP('',(#5357,#5367,#5373,#5374,#5382,#5390));
#5357 = ORIENTED_EDGE('',*,*,#5358,.T.);
#5358 = EDGE_CURVE('',#5359,#5361,#5363,.T.);
#5359 = VERTEX_POINT('',#5360);
#5360 = CARTESIAN_POINT('',(-0.12,-0.12,-3.4));
#5361 = VERTEX_POINT('',#5362);
#5362 = CARTESIAN_POINT('',(-0.317552593066,-0.288807485305,
    -3.202447406934));
#5363 = LINE('',#5364,#5365);
#5364 = CARTESIAN_POINT('',(-3.848855660758E-02,-5.034896900541E-02,
    -3.481511443392));
#5365 = VECTOR('',#5366,1.);
#5366 = DIRECTION('',(-0.605209817607,-0.517148096144,0.605209817607));
#5367 = ORIENTED_EDGE('',*,*,#5368,.T.);
#5368 = EDGE_CURVE('',#5361,#4849,#5369,.T.);
#5369 = LINE('',#5370,#5371);
#5370 = CARTESIAN_POINT('',(-8.569083447332E-02,-0.325417236662,
    -3.434309165527));
#5371 = VECTOR('',#5372,1.);
#5372 = DIRECTION('',(-0.702740385383,0.110959008218,0.702740385383));
#5373 = ORIENTED_EDGE('',*,*,#4846,.F.);
#5374 = ORIENTED_EDGE('',*,*,#5375,.F.);
#5375 = EDGE_CURVE('',#5376,#4847,#5378,.T.);
#5376 = VERTEX_POINT('',#5377);
#5377 = CARTESIAN_POINT('',(-0.317552593066,0.351192514695,
    -3.202447406934));
#5378 = LINE('',#5379,#5380);
#5379 = CARTESIAN_POINT('',(-0.541586867305,0.386566347469,
    -2.978413132695));
#5380 = VECTOR('',#5381,1.);
#5381 = DIRECTION('',(-0.702740385383,0.110959008218,0.702740385383));
#5382 = ORIENTED_EDGE('',*,*,#5383,.F.);
#5383 = EDGE_CURVE('',#5384,#5376,#5386,.T.);
#5384 = VERTEX_POINT('',#5385);
#5385 = CARTESIAN_POINT('',(-0.12,0.12,-3.4));
#5386 = LINE('',#5387,#5388);
#5387 = CARTESIAN_POINT('',(-0.153849098111,0.159613036666,
    -3.366150901889));
#5388 = VECTOR('',#5389,1.);
#5389 = DIRECTION('',(-0.544770019249,0.63753529491,0.544770019249));
#5390 = ORIENTED_EDGE('',*,*,#5391,.T.);
#5391 = EDGE_CURVE('',#5384,#5359,#5392,.T.);
#5392 = LINE('',#5393,#5394);
#5393 = CARTESIAN_POINT('',(-0.12,0.32,-3.4));
#5394 = VECTOR('',#5395,1.);
#5395 = DIRECTION('',(-1.224646799147E-16,-1.,0.));
#5396 = PLANE('',#5397);
#5397 = AXIS2_PLACEMENT_3D('',#5398,#5399,#5400);
#5398 = CARTESIAN_POINT('',(-0.22,0.32,-3.3));
#5399 = DIRECTION('',(0.707106781187,-8.659560562349E-17,0.707106781187)
  );
#5400 = DIRECTION('',(1.224646799147E-16,1.,-2.105272540809E-29));
#5401 = ADVANCED_FACE('',(#5402),#5427,.F.);
#5402 = FACE_BOUND('',#5403,.F.);
#5403 = EDGE_LOOP('',(#5404,#5405,#5411,#5412,#5413,#5421));
#5404 = ORIENTED_EDGE('',*,*,#4975,.F.);
#5405 = ORIENTED_EDGE('',*,*,#5406,.T.);
#5406 = EDGE_CURVE('',#4968,#4888,#5407,.T.);
#5407 = LINE('',#5408,#5409);
#5408 = CARTESIAN_POINT('',(0.32,0.62,-1.5));
#5409 = VECTOR('',#5410,1.);
#5410 = DIRECTION('',(-1.,1.224646799147E-16,0.));
#5411 = ORIENTED_EDGE('',*,*,#4895,.T.);
#5412 = ORIENTED_EDGE('',*,*,#5375,.F.);
#5413 = ORIENTED_EDGE('',*,*,#5414,.F.);
#5414 = EDGE_CURVE('',#5415,#5376,#5417,.T.);
#5415 = VERTEX_POINT('',#5416);
#5416 = CARTESIAN_POINT('',(0.317552593066,0.351192514695,
    -3.202447406934));
#5417 = LINE('',#5418,#5419);
#5418 = CARTESIAN_POINT('',(0.32,0.351192514695,-3.202447406934));
#5419 = VECTOR('',#5420,1.);
#5420 = DIRECTION('',(-1.,1.224646799147E-16,0.));
#5421 = ORIENTED_EDGE('',*,*,#5422,.T.);
#5422 = EDGE_CURVE('',#5415,#4934,#5423,.T.);
#5423 = LINE('',#5424,#5425);
#5424 = CARTESIAN_POINT('',(0.699616963064,0.411518467852,
    -2.820383036936));
#5425 = VECTOR('',#5426,1.);
#5426 = DIRECTION('',(0.702740385383,0.110959008218,0.702740385383));
#5427 = PLANE('',#5428);
#5428 = AXIS2_PLACEMENT_3D('',#5429,#5430,#5431);
#5429 = CARTESIAN_POINT('',(0.32,0.62,-1.5));
#5430 = DIRECTION('',(-1.209660753807E-16,-0.987762965329,0.155962573473
    ));
#5431 = DIRECTION('',(-1.909990663905E-17,-0.155962573473,
    -0.987762965329));
#5432 = ADVANCED_FACE('',(#5433),#5439,.F.);
#5433 = FACE_BOUND('',#5434,.F.);
#5434 = EDGE_LOOP('',(#5435,#5436,#5437,#5438));
#5435 = ORIENTED_EDGE('',*,*,#4992,.T.);
#5436 = ORIENTED_EDGE('',*,*,#4887,.T.);
#5437 = ORIENTED_EDGE('',*,*,#5406,.F.);
#5438 = ORIENTED_EDGE('',*,*,#4967,.F.);
#5439 = PLANE('',#5440);
#5440 = AXIS2_PLACEMENT_3D('',#5441,#5442,#5443);
#5441 = CARTESIAN_POINT('',(0.32,0.32,-0.9));
#5442 = DIRECTION('',(-1.095357396528E-16,-0.894427191,-0.4472135955));
#5443 = DIRECTION('',(5.476786982641E-17,0.4472135955,-0.894427191));
#5444 = ADVANCED_FACE('',(#5445),#5456,.F.);
#5445 = FACE_BOUND('',#5446,.F.);
#5446 = EDGE_LOOP('',(#5447,#5453,#5454,#5455));
#5447 = ORIENTED_EDGE('',*,*,#5448,.T.);
#5448 = EDGE_CURVE('',#4944,#4857,#5449,.T.);
#5449 = LINE('',#5450,#5451);
#5450 = CARTESIAN_POINT('',(0.32,-2.E-02,-1.5));
#5451 = VECTOR('',#5452,1.);
#5452 = DIRECTION('',(-1.,1.224646799147E-16,0.));
#5453 = ORIENTED_EDGE('',*,*,#4864,.T.);
#5454 = ORIENTED_EDGE('',*,*,#4917,.F.);
#5455 = ORIENTED_EDGE('',*,*,#4951,.F.);
#5456 = PLANE('',#5457);
#5457 = AXIS2_PLACEMENT_3D('',#5458,#5459,#5460);
#5458 = CARTESIAN_POINT('',(0.32,-2.E-02,-1.5));
#5459 = DIRECTION('',(1.095357396528E-16,0.894427191,0.4472135955));
#5460 = DIRECTION('',(-5.476786982641E-17,-0.4472135955,0.894427191));
#5461 = ADVANCED_FACE('',(#5462),#5482,.F.);
#5462 = FACE_BOUND('',#5463,.F.);
#5463 = EDGE_LOOP('',(#5464,#5465,#5473,#5479,#5480,#5481));
#5464 = ORIENTED_EDGE('',*,*,#4943,.F.);
#5465 = ORIENTED_EDGE('',*,*,#5466,.F.);
#5466 = EDGE_CURVE('',#5467,#4936,#5469,.T.);
#5467 = VERTEX_POINT('',#5468);
#5468 = CARTESIAN_POINT('',(0.317552593066,-0.288807485305,
    -3.202447406934));
#5469 = LINE('',#5470,#5471);
#5470 = CARTESIAN_POINT('',(0.243720930233,-0.300465116279,
    -3.276279069767));
#5471 = VECTOR('',#5472,1.);
#5472 = DIRECTION('',(0.702740385383,0.110959008218,0.702740385383));
#5473 = ORIENTED_EDGE('',*,*,#5474,.T.);
#5474 = EDGE_CURVE('',#5467,#5361,#5475,.T.);
#5475 = LINE('',#5476,#5477);
#5476 = CARTESIAN_POINT('',(0.32,-0.288807485305,-3.202447406934));
#5477 = VECTOR('',#5478,1.);
#5478 = DIRECTION('',(-1.,1.224646799147E-16,0.));
#5479 = ORIENTED_EDGE('',*,*,#5368,.T.);
#5480 = ORIENTED_EDGE('',*,*,#4856,.T.);
#5481 = ORIENTED_EDGE('',*,*,#5448,.F.);
#5482 = PLANE('',#5483);
#5483 = AXIS2_PLACEMENT_3D('',#5484,#5485,#5486);
#5484 = CARTESIAN_POINT('',(0.32,-0.32,-3.4));
#5485 = DIRECTION('',(1.209660753807E-16,0.987762965329,-0.155962573473)
  );
#5486 = DIRECTION('',(1.909990663905E-17,0.155962573473,0.987762965329)
  );
#5487 = ADVANCED_FACE('',(#5488),#5515,.T.);
#5488 = FACE_BOUND('',#5489,.F.);
#5489 = EDGE_LOOP('',(#5490,#5498,#5499,#5500,#5501,#5509));
#5490 = ORIENTED_EDGE('',*,*,#5491,.T.);
#5491 = EDGE_CURVE('',#5492,#5467,#5494,.T.);
#5492 = VERTEX_POINT('',#5493);
#5493 = CARTESIAN_POINT('',(0.12,-0.12,-3.4));
#5494 = LINE('',#5495,#5496);
#5495 = CARTESIAN_POINT('',(0.155697812072,-0.150503562587,
    -3.364302187928));
#5496 = VECTOR('',#5497,1.);
#5497 = DIRECTION('',(0.605209817607,-0.517148096144,0.605209817607));
#5498 = ORIENTED_EDGE('',*,*,#5466,.T.);
#5499 = ORIENTED_EDGE('',*,*,#4933,.F.);
#5500 = ORIENTED_EDGE('',*,*,#5422,.F.);
#5501 = ORIENTED_EDGE('',*,*,#5502,.F.);
#5502 = EDGE_CURVE('',#5503,#5415,#5505,.T.);
#5503 = VERTEX_POINT('',#5504);
#5504 = CARTESIAN_POINT('',(0.12,0.12,-3.4));
#5505 = LINE('',#5506,#5507);
#5506 = CARTESIAN_POINT('',(0.24881689775,0.270752273427,-3.27118310225)
  );
#5507 = VECTOR('',#5508,1.);
#5508 = DIRECTION('',(0.544770019249,0.63753529491,0.544770019249));
#5509 = ORIENTED_EDGE('',*,*,#5510,.T.);
#5510 = EDGE_CURVE('',#5503,#5492,#5511,.T.);
#5511 = LINE('',#5512,#5513);
#5512 = CARTESIAN_POINT('',(0.12,0.32,-3.4));
#5513 = VECTOR('',#5514,1.);
#5514 = DIRECTION('',(-1.224646799147E-16,-1.,0.));
#5515 = PLANE('',#5516);
#5516 = AXIS2_PLACEMENT_3D('',#5517,#5518,#5519);
#5517 = CARTESIAN_POINT('',(0.22,0.32,-3.3));
#5518 = DIRECTION('',(0.707106781187,-8.659560562349E-17,-0.707106781187
    ));
#5519 = DIRECTION('',(1.224646799147E-16,1.,2.105272540809E-29));
#5520 = ADVANCED_FACE('',(#5521),#5562,.F.);
#5521 = FACE_BOUND('',#5522,.T.);
#5522 = EDGE_LOOP('',(#5523,#5533,#5539,#5540,#5548,#5556));
#5523 = ORIENTED_EDGE('',*,*,#5524,.T.);
#5524 = EDGE_CURVE('',#5525,#5527,#5529,.T.);
#5525 = VERTEX_POINT('',#5526);
#5526 = CARTESIAN_POINT('',(2.38,-0.12,-3.4));
#5527 = VERTEX_POINT('',#5528);
#5528 = CARTESIAN_POINT('',(2.182447406934,-0.288807485305,
    -3.202447406934));
#5529 = LINE('',#5530,#5531);
#5530 = CARTESIAN_POINT('',(2.461511443392,-5.034896900541E-02,
    -3.481511443392));
#5531 = VECTOR('',#5532,1.);
#5532 = DIRECTION('',(-0.605209817607,-0.517148096144,0.605209817607));
#5533 = ORIENTED_EDGE('',*,*,#5534,.T.);
#5534 = EDGE_CURVE('',#5527,#5009,#5535,.T.);
#5535 = LINE('',#5536,#5537);
#5536 = CARTESIAN_POINT('',(2.414309165527,-0.325417236662,
    -3.434309165527));
#5537 = VECTOR('',#5538,1.);
#5538 = DIRECTION('',(-0.702740385383,0.110959008218,0.702740385383));
#5539 = ORIENTED_EDGE('',*,*,#5006,.F.);
#5540 = ORIENTED_EDGE('',*,*,#5541,.F.);
#5541 = EDGE_CURVE('',#5542,#5007,#5544,.T.);
#5542 = VERTEX_POINT('',#5543);
#5543 = CARTESIAN_POINT('',(2.182447406934,0.351192514695,
    -3.202447406934));
#5544 = LINE('',#5545,#5546);
#5545 = CARTESIAN_POINT('',(1.958413132695,0.386566347469,
    -2.978413132695));
#5546 = VECTOR('',#5547,1.);
#5547 = DIRECTION('',(-0.702740385383,0.110959008218,0.702740385383));
#5548 = ORIENTED_EDGE('',*,*,#5549,.F.);
#5549 = EDGE_CURVE('',#5550,#5542,#5552,.T.);
#5550 = VERTEX_POINT('',#5551);
#5551 = CARTESIAN_POINT('',(2.38,0.12,-3.4));
#5552 = LINE('',#5553,#5554);
#5553 = CARTESIAN_POINT('',(2.346150901889,0.159613036666,
    -3.366150901889));
#5554 = VECTOR('',#5555,1.);
#5555 = DIRECTION('',(-0.544770019249,0.63753529491,0.544770019249));
#5556 = ORIENTED_EDGE('',*,*,#5557,.T.);
#5557 = EDGE_CURVE('',#5550,#5525,#5558,.T.);
#5558 = LINE('',#5559,#5560);
#5559 = CARTESIAN_POINT('',(2.38,0.32,-3.4));
#5560 = VECTOR('',#5561,1.);
#5561 = DIRECTION('',(-1.224646799147E-16,-1.,0.));
#5562 = PLANE('',#5563);
#5563 = AXIS2_PLACEMENT_3D('',#5564,#5565,#5566);
#5564 = CARTESIAN_POINT('',(2.28,0.32,-3.3));
#5565 = DIRECTION('',(0.707106781187,-8.659560562349E-17,0.707106781187)
  );
#5566 = DIRECTION('',(1.224646799147E-16,1.,-2.105272540809E-29));
#5567 = ADVANCED_FACE('',(#5568),#5593,.F.);
#5568 = FACE_BOUND('',#5569,.F.);
#5569 = EDGE_LOOP('',(#5570,#5571,#5577,#5578,#5579,#5587));
#5570 = ORIENTED_EDGE('',*,*,#5135,.F.);
#5571 = ORIENTED_EDGE('',*,*,#5572,.T.);
#5572 = EDGE_CURVE('',#5128,#5048,#5573,.T.);
#5573 = LINE('',#5574,#5575);
#5574 = CARTESIAN_POINT('',(2.82,0.62,-1.5));
#5575 = VECTOR('',#5576,1.);
#5576 = DIRECTION('',(-1.,1.224646799147E-16,0.));
#5577 = ORIENTED_EDGE('',*,*,#5055,.T.);
#5578 = ORIENTED_EDGE('',*,*,#5541,.F.);
#5579 = ORIENTED_EDGE('',*,*,#5580,.F.);
#5580 = EDGE_CURVE('',#5581,#5542,#5583,.T.);
#5581 = VERTEX_POINT('',#5582);
#5582 = CARTESIAN_POINT('',(2.817552593066,0.351192514695,
    -3.202447406934));
#5583 = LINE('',#5584,#5585);
#5584 = CARTESIAN_POINT('',(2.82,0.351192514695,-3.202447406934));
#5585 = VECTOR('',#5586,1.);
#5586 = DIRECTION('',(-1.,1.224646799147E-16,0.));
#5587 = ORIENTED_EDGE('',*,*,#5588,.T.);
#5588 = EDGE_CURVE('',#5581,#5094,#5589,.T.);
#5589 = LINE('',#5590,#5591);
#5590 = CARTESIAN_POINT('',(3.199616963064,0.411518467852,
    -2.820383036936));
#5591 = VECTOR('',#5592,1.);
#5592 = DIRECTION('',(0.702740385383,0.110959008218,0.702740385383));
#5593 = PLANE('',#5594);
#5594 = AXIS2_PLACEMENT_3D('',#5595,#5596,#5597);
#5595 = CARTESIAN_POINT('',(2.82,0.62,-1.5));
#5596 = DIRECTION('',(-1.209660753807E-16,-0.987762965329,0.155962573473
    ));
#5597 = DIRECTION('',(-1.909990663905E-17,-0.155962573473,
    -0.987762965329));
#5598 = ADVANCED_FACE('',(#5599),#5605,.F.);
#5599 = FACE_BOUND('',#5600,.F.);
#5600 = EDGE_LOOP('',(#5601,#5602,#5603,#5604));
#5601 = ORIENTED_EDGE('',*,*,#5152,.T.);
#5602 = ORIENTED_EDGE('',*,*,#5047,.T.);
#5603 = ORIENTED_EDGE('',*,*,#5572,.F.);
#5604 = ORIENTED_EDGE('',*,*,#5127,.F.);
#5605 = PLANE('',#5606);
#5606 = AXIS2_PLACEMENT_3D('',#5607,#5608,#5609);
#5607 = CARTESIAN_POINT('',(2.82,0.32,-0.9));
#5608 = DIRECTION('',(-1.095357396528E-16,-0.894427191,-0.4472135955));
#5609 = DIRECTION('',(5.476786982641E-17,0.4472135955,-0.894427191));
#5610 = ADVANCED_FACE('',(#5611),#5622,.F.);
#5611 = FACE_BOUND('',#5612,.F.);
#5612 = EDGE_LOOP('',(#5613,#5619,#5620,#5621));
#5613 = ORIENTED_EDGE('',*,*,#5614,.T.);
#5614 = EDGE_CURVE('',#5104,#5017,#5615,.T.);
#5615 = LINE('',#5616,#5617);
#5616 = CARTESIAN_POINT('',(2.82,-2.E-02,-1.5));
#5617 = VECTOR('',#5618,1.);
#5618 = DIRECTION('',(-1.,1.224646799147E-16,0.));
#5619 = ORIENTED_EDGE('',*,*,#5024,.T.);
#5620 = ORIENTED_EDGE('',*,*,#5077,.F.);
#5621 = ORIENTED_EDGE('',*,*,#5111,.F.);
#5622 = PLANE('',#5623);
#5623 = AXIS2_PLACEMENT_3D('',#5624,#5625,#5626);
#5624 = CARTESIAN_POINT('',(2.82,-2.E-02,-1.5));
#5625 = DIRECTION('',(1.095357396528E-16,0.894427191,0.4472135955));
#5626 = DIRECTION('',(-5.476786982641E-17,-0.4472135955,0.894427191));
#5627 = ADVANCED_FACE('',(#5628),#5648,.F.);
#5628 = FACE_BOUND('',#5629,.F.);
#5629 = EDGE_LOOP('',(#5630,#5631,#5639,#5645,#5646,#5647));
#5630 = ORIENTED_EDGE('',*,*,#5103,.F.);
#5631 = ORIENTED_EDGE('',*,*,#5632,.F.);
#5632 = EDGE_CURVE('',#5633,#5096,#5635,.T.);
#5633 = VERTEX_POINT('',#5634);
#5634 = CARTESIAN_POINT('',(2.817552593066,-0.288807485305,
    -3.202447406934));
#5635 = LINE('',#5636,#5637);
#5636 = CARTESIAN_POINT('',(2.743720930233,-0.300465116279,
    -3.276279069767));
#5637 = VECTOR('',#5638,1.);
#5638 = DIRECTION('',(0.702740385383,0.110959008218,0.702740385383));
#5639 = ORIENTED_EDGE('',*,*,#5640,.T.);
#5640 = EDGE_CURVE('',#5633,#5527,#5641,.T.);
#5641 = LINE('',#5642,#5643);
#5642 = CARTESIAN_POINT('',(2.82,-0.288807485305,-3.202447406934));
#5643 = VECTOR('',#5644,1.);
#5644 = DIRECTION('',(-1.,1.224646799147E-16,0.));
#5645 = ORIENTED_EDGE('',*,*,#5534,.T.);
#5646 = ORIENTED_EDGE('',*,*,#5016,.T.);
#5647 = ORIENTED_EDGE('',*,*,#5614,.F.);
#5648 = PLANE('',#5649);
#5649 = AXIS2_PLACEMENT_3D('',#5650,#5651,#5652);
#5650 = CARTESIAN_POINT('',(2.82,-0.32,-3.4));
#5651 = DIRECTION('',(1.209660753807E-16,0.987762965329,-0.155962573473)
  );
#5652 = DIRECTION('',(1.909990663905E-17,0.155962573473,0.987762965329)
  );
#5653 = ADVANCED_FACE('',(#5654),#5681,.T.);
#5654 = FACE_BOUND('',#5655,.F.);
#5655 = EDGE_LOOP('',(#5656,#5664,#5665,#5666,#5667,#5675));
#5656 = ORIENTED_EDGE('',*,*,#5657,.T.);
#5657 = EDGE_CURVE('',#5658,#5633,#5660,.T.);
#5658 = VERTEX_POINT('',#5659);
#5659 = CARTESIAN_POINT('',(2.62,-0.12,-3.4));
#5660 = LINE('',#5661,#5662);
#5661 = CARTESIAN_POINT('',(2.655697812072,-0.150503562587,
    -3.364302187928));
#5662 = VECTOR('',#5663,1.);
#5663 = DIRECTION('',(0.605209817607,-0.517148096144,0.605209817607));
#5664 = ORIENTED_EDGE('',*,*,#5632,.T.);
#5665 = ORIENTED_EDGE('',*,*,#5093,.F.);
#5666 = ORIENTED_EDGE('',*,*,#5588,.F.);
#5667 = ORIENTED_EDGE('',*,*,#5668,.F.);
#5668 = EDGE_CURVE('',#5669,#5581,#5671,.T.);
#5669 = VERTEX_POINT('',#5670);
#5670 = CARTESIAN_POINT('',(2.62,0.12,-3.4));
#5671 = LINE('',#5672,#5673);
#5672 = CARTESIAN_POINT('',(2.74881689775,0.270752273427,-3.27118310225)
  );
#5673 = VECTOR('',#5674,1.);
#5674 = DIRECTION('',(0.544770019249,0.63753529491,0.544770019249));
#5675 = ORIENTED_EDGE('',*,*,#5676,.T.);
#5676 = EDGE_CURVE('',#5669,#5658,#5677,.T.);
#5677 = LINE('',#5678,#5679);
#5678 = CARTESIAN_POINT('',(2.62,0.32,-3.4));
#5679 = VECTOR('',#5680,1.);
#5680 = DIRECTION('',(-1.224646799147E-16,-1.,0.));
#5681 = PLANE('',#5682);
#5682 = AXIS2_PLACEMENT_3D('',#5683,#5684,#5685);
#5683 = CARTESIAN_POINT('',(2.72,0.32,-3.3));
#5684 = DIRECTION('',(0.707106781187,-8.659560562349E-17,-0.707106781187
    ));
#5685 = DIRECTION('',(1.224646799147E-16,1.,2.105272540809E-29));
#5686 = ADVANCED_FACE('',(#5687),#5693,.F.);
#5687 = FACE_BOUND('',#5688,.F.);
#5688 = EDGE_LOOP('',(#5689,#5690,#5691,#5692));
#5689 = ORIENTED_EDGE('',*,*,#5174,.T.);
#5690 = ORIENTED_EDGE('',*,*,#5246,.F.);
#5691 = ORIENTED_EDGE('',*,*,#5222,.F.);
#5692 = ORIENTED_EDGE('',*,*,#5207,.T.);
#5693 = PLANE('',#5694);
#5694 = AXIS2_PLACEMENT_3D('',#5695,#5696,#5697);
#5695 = CARTESIAN_POINT('',(0.32,-0.32,6.5));
#5696 = DIRECTION('',(-0.,0.,-1.));
#5697 = DIRECTION('',(1.224646799147E-16,1.,0.));
#5698 = ADVANCED_FACE('',(#5699),#5705,.F.);
#5699 = FACE_BOUND('',#5700,.F.);
#5700 = EDGE_LOOP('',(#5701,#5702,#5703,#5704));
#5701 = ORIENTED_EDGE('',*,*,#5270,.T.);
#5702 = ORIENTED_EDGE('',*,*,#5342,.F.);
#5703 = ORIENTED_EDGE('',*,*,#5318,.F.);
#5704 = ORIENTED_EDGE('',*,*,#5303,.T.);
#5705 = PLANE('',#5706);
#5706 = AXIS2_PLACEMENT_3D('',#5707,#5708,#5709);
#5707 = CARTESIAN_POINT('',(2.82,-0.32,6.5));
#5708 = DIRECTION('',(-0.,0.,-1.));
#5709 = DIRECTION('',(1.224646799147E-16,1.,0.));
#5710 = ADVANCED_FACE('',(#5711),#5722,.T.);
#5711 = FACE_BOUND('',#5712,.F.);
#5712 = EDGE_LOOP('',(#5713,#5714,#5720,#5721));
#5713 = ORIENTED_EDGE('',*,*,#5491,.F.);
#5714 = ORIENTED_EDGE('',*,*,#5715,.T.);
#5715 = EDGE_CURVE('',#5492,#5359,#5716,.T.);
#5716 = LINE('',#5717,#5718);
#5717 = CARTESIAN_POINT('',(0.32,-0.12,-3.4));
#5718 = VECTOR('',#5719,1.);
#5719 = DIRECTION('',(-1.,1.224646799147E-16,0.));
#5720 = ORIENTED_EDGE('',*,*,#5358,.T.);
#5721 = ORIENTED_EDGE('',*,*,#5474,.F.);
#5722 = PLANE('',#5723);
#5723 = AXIS2_PLACEMENT_3D('',#5724,#5725,#5726);
#5724 = CARTESIAN_POINT('',(0.32,-0.204403742653,-3.301223703467));
#5725 = DIRECTION('',(-9.310387150808E-17,-0.760250805153,-0.64962967394
    ));
#5726 = DIRECTION('',(1.,-7.078229327691E-17,-6.048303769037E-17));
#5727 = ADVANCED_FACE('',(#5728),#5739,.F.);
#5728 = FACE_BOUND('',#5729,.F.);
#5729 = EDGE_LOOP('',(#5730,#5731,#5732,#5738));
#5730 = ORIENTED_EDGE('',*,*,#5715,.F.);
#5731 = ORIENTED_EDGE('',*,*,#5510,.F.);
#5732 = ORIENTED_EDGE('',*,*,#5733,.T.);
#5733 = EDGE_CURVE('',#5503,#5384,#5734,.T.);
#5734 = LINE('',#5735,#5736);
#5735 = CARTESIAN_POINT('',(0.32,0.12,-3.4));
#5736 = VECTOR('',#5737,1.);
#5737 = DIRECTION('',(-1.,1.224646799147E-16,0.));
#5738 = ORIENTED_EDGE('',*,*,#5391,.T.);
#5739 = PLANE('',#5740);
#5740 = AXIS2_PLACEMENT_3D('',#5741,#5742,#5743);
#5741 = CARTESIAN_POINT('',(0.32,0.32,-3.4));
#5742 = DIRECTION('',(0.,0.,1.));
#5743 = DIRECTION('',(-1.224646799147E-16,-1.,0.));
#5744 = ADVANCED_FACE('',(#5745),#5751,.T.);
#5745 = FACE_BOUND('',#5746,.T.);
#5746 = EDGE_LOOP('',(#5747,#5748,#5749,#5750));
#5747 = ORIENTED_EDGE('',*,*,#5502,.F.);
#5748 = ORIENTED_EDGE('',*,*,#5733,.T.);
#5749 = ORIENTED_EDGE('',*,*,#5383,.T.);
#5750 = ORIENTED_EDGE('',*,*,#5414,.F.);
#5751 = PLANE('',#5752);
#5752 = AXIS2_PLACEMENT_3D('',#5753,#5754,#5755);
#5753 = CARTESIAN_POINT('',(0.32,0.235596257347,-3.301223703467));
#5754 = DIRECTION('',(8.302774088379E-17,0.64962967394,-0.760250805153)
  );
#5755 = DIRECTION('',(-1.,1.247195775152E-16,-2.638869166651E-18));
#5756 = ADVANCED_FACE('',(#5757),#5768,.T.);
#5757 = FACE_BOUND('',#5758,.F.);
#5758 = EDGE_LOOP('',(#5759,#5760,#5766,#5767));
#5759 = ORIENTED_EDGE('',*,*,#5657,.F.);
#5760 = ORIENTED_EDGE('',*,*,#5761,.T.);
#5761 = EDGE_CURVE('',#5658,#5525,#5762,.T.);
#5762 = LINE('',#5763,#5764);
#5763 = CARTESIAN_POINT('',(2.82,-0.12,-3.4));
#5764 = VECTOR('',#5765,1.);
#5765 = DIRECTION('',(-1.,1.224646799147E-16,0.));
#5766 = ORIENTED_EDGE('',*,*,#5524,.T.);
#5767 = ORIENTED_EDGE('',*,*,#5640,.F.);
#5768 = PLANE('',#5769);
#5769 = AXIS2_PLACEMENT_3D('',#5770,#5771,#5772);
#5770 = CARTESIAN_POINT('',(2.82,-0.204403742653,-3.301223703467));
#5771 = DIRECTION('',(-9.310387150808E-17,-0.760250805153,-0.64962967394
    ));
#5772 = DIRECTION('',(1.,-7.078229327691E-17,-6.048303769037E-17));
#5773 = ADVANCED_FACE('',(#5774),#5785,.F.);
#5774 = FACE_BOUND('',#5775,.F.);
#5775 = EDGE_LOOP('',(#5776,#5777,#5778,#5784));
#5776 = ORIENTED_EDGE('',*,*,#5761,.F.);
#5777 = ORIENTED_EDGE('',*,*,#5676,.F.);
#5778 = ORIENTED_EDGE('',*,*,#5779,.T.);
#5779 = EDGE_CURVE('',#5669,#5550,#5780,.T.);
#5780 = LINE('',#5781,#5782);
#5781 = CARTESIAN_POINT('',(2.82,0.12,-3.4));
#5782 = VECTOR('',#5783,1.);
#5783 = DIRECTION('',(-1.,1.224646799147E-16,0.));
#5784 = ORIENTED_EDGE('',*,*,#5557,.T.);
#5785 = PLANE('',#5786);
#5786 = AXIS2_PLACEMENT_3D('',#5787,#5788,#5789);
#5787 = CARTESIAN_POINT('',(2.82,0.32,-3.4));
#5788 = DIRECTION('',(0.,0.,1.));
#5789 = DIRECTION('',(-1.224646799147E-16,-1.,0.));
#5790 = ADVANCED_FACE('',(#5791),#5797,.T.);
#5791 = FACE_BOUND('',#5792,.T.);
#5792 = EDGE_LOOP('',(#5793,#5794,#5795,#5796));
#5793 = ORIENTED_EDGE('',*,*,#5668,.F.);
#5794 = ORIENTED_EDGE('',*,*,#5779,.T.);
#5795 = ORIENTED_EDGE('',*,*,#5549,.T.);
#5796 = ORIENTED_EDGE('',*,*,#5580,.F.);
#5797 = PLANE('',#5798);
#5798 = AXIS2_PLACEMENT_3D('',#5799,#5800,#5801);
#5799 = CARTESIAN_POINT('',(2.82,0.235596257347,-3.301223703467));
#5800 = DIRECTION('',(8.302774088379E-17,0.64962967394,-0.760250805153)
  );
#5801 = DIRECTION('',(-1.,1.247195775152E-16,-2.638869166651E-18));
#5802 = ( GEOMETRIC_REPRESENTATION_CONTEXT(3) 
GLOBAL_UNCERTAINTY_ASSIGNED_CONTEXT((#5806)) 
GLOBAL_UNIT_ASSIGNED_CONTEXT((#5803,#5804,#5805)) REPRESENTATION_CONTEXT
('Context #1','3D Context with UNIT and UNCERTAINTY') );
#5803 = ( LENGTH_UNIT() NAMED_UNIT(*) SI_UNIT(.MILLI.,.METRE.) );
#5804 = ( NAMED_UNIT(*) PLANE_ANGLE_UNIT() SI_UNIT($,.RADIAN.) );
#5805 = ( NAMED_UNIT(*) SI_UNIT($,.STERADIAN.) SOLID_ANGLE_UNIT() );
#5806 = UNCERTAINTY_MEASURE_WITH_UNIT(LENGTH_MEASURE(1.E-07),#5803,
  'distance_accuracy_value','confusion accuracy');
#5807 = CONTEXT_DEPENDENT_SHAPE_REPRESENTATION(#5808,#5810);
#5808 = ( REPRESENTATION_RELATIONSHIP('','',#3086,#10) 
REPRESENTATION_RELATIONSHIP_WITH_TRANSFORMATION(#5809) 
SHAPE_REPRESENTATION_RELATIONSHIP() );
#5809 = ITEM_DEFINED_TRANSFORMATION('','',#11,#31);
#5810 = PRODUCT_DEFINITION_SHAPE('Placement','Placement of an item',
  #5811);
#5811 = NEXT_ASSEMBLY_USAGE_OCCURRENCE('5','LED','',#5,#3081,$);
#5812 = PRODUCT_RELATED_PRODUCT_CATEGORY('part',$,(#3083));
#5813 = CONTEXT_DEPENDENT_SHAPE_REPRESENTATION(#5814,#5816);
#5814 = ( REPRESENTATION_RELATIONSHIP('','',#2675,#10) 
REPRESENTATION_RELATIONSHIP_WITH_TRANSFORMATION(#5815) 
SHAPE_REPRESENTATION_RELATIONSHIP() );
#5815 = ITEM_DEFINED_TRANSFORMATION('','',#11,#35);
#5816 = PRODUCT_DEFINITION_SHAPE('Placement','Placement of an item',
  #5817);
#5817 = NEXT_ASSEMBLY_USAGE_OCCURRENCE('6','R3','',#5,#2670,$);
#5818 = SHAPE_DEFINITION_REPRESENTATION(#5819,#5825);
#5819 = PRODUCT_DEFINITION_SHAPE('','',#5820);
#5820 = PRODUCT_DEFINITION('design','',#5821,#5824);
#5821 = PRODUCT_DEFINITION_FORMATION('','',#5822);
#5822 = PRODUCT('CP_Radial_D16.0mm_P7.50mm','CP_Radial_D16.0mm_P7.50mm',
  '',(#5823));
#5823 = PRODUCT_CONTEXT('',#2,'mechanical');
#5824 = PRODUCT_DEFINITION_CONTEXT('part definition',#2,'design');
#5825 = ADVANCED_BREP_SHAPE_REPRESENTATION('',(#11,#5826),#8527);
#5826 = BREP_WITH_VOIDS('',#5827,(#8405));
#5827 = CLOSED_SHELL('',(#5828,#5845,#5870,#5919,#5952,#5970,#5995,#6027
    ,#6045,#6054,#6092,#6114,#6177,#6262,#6436,#6532,#6560,#6656,#6725,
    #6793,#6847,#6901,#7075,#7107,#7187,#7267,#7299,#7365,#7760,#7794,
    #7809,#7827,#7845,#7863,#7881,#7913,#7931,#8074,#8126,#8150,#8174,
    #8198,#8260,#8277,#8301,#8317,#8341,#8353,#8369,#8381,#8393));
#5828 = ADVANCED_FACE('',(#5829),#5840,.F.);
#5829 = FACE_BOUND('',#5830,.F.);
#5830 = EDGE_LOOP('',(#5831));
#5831 = ORIENTED_EDGE('',*,*,#5832,.T.);
#5832 = EDGE_CURVE('',#5833,#5833,#5835,.T.);
#5833 = VERTEX_POINT('',#5834);
#5834 = CARTESIAN_POINT('',(7.05,-4.041334437186E-16,-1.9));
#5835 = CIRCLE('',#5836,0.45);
#5836 = AXIS2_PLACEMENT_3D('',#5837,#5838,#5839);
#5837 = CARTESIAN_POINT('',(7.5,-4.592425496803E-16,-1.9));
#5838 = DIRECTION('',(0.,0.,1.));
#5839 = DIRECTION('',(-1.,1.224646799147E-16,0.));
#5840 = PLANE('',#5841);
#5841 = AXIS2_PLACEMENT_3D('',#5842,#5843,#5844);
#5842 = CARTESIAN_POINT('',(7.5,-4.592425496803E-16,-1.9));
#5843 = DIRECTION('',(0.,0.,1.));
#5844 = DIRECTION('',(-1.,1.224646799147E-16,0.));
#5845 = ADVANCED_FACE('',(#5846),#5865,.T.);
#5846 = FACE_BOUND('',#5847,.T.);
#5847 = EDGE_LOOP('',(#5848,#5857,#5863,#5864));
#5848 = ORIENTED_EDGE('',*,*,#5849,.F.);
#5849 = EDGE_CURVE('',#5850,#5850,#5852,.T.);
#5850 = VERTEX_POINT('',#5851);
#5851 = CARTESIAN_POINT('',(7.05,-4.041334437186E-16,0.2));
#5852 = CIRCLE('',#5853,0.45);
#5853 = AXIS2_PLACEMENT_3D('',#5854,#5855,#5856);
#5854 = CARTESIAN_POINT('',(7.5,-4.592425496803E-16,0.2));
#5855 = DIRECTION('',(0.,0.,1.));
#5856 = DIRECTION('',(-1.,1.224646799147E-16,0.));
#5857 = ORIENTED_EDGE('',*,*,#5858,.T.);
#5858 = EDGE_CURVE('',#5850,#5833,#5859,.T.);
#5859 = LINE('',#5860,#5861);
#5860 = CARTESIAN_POINT('',(7.05,-4.041334437186E-16,0.3));
#5861 = VECTOR('',#5862,1.);
#5862 = DIRECTION('',(0.,0.,-1.));
#5863 = ORIENTED_EDGE('',*,*,#5832,.T.);
#5864 = ORIENTED_EDGE('',*,*,#5858,.F.);
#5865 = CYLINDRICAL_SURFACE('',#5866,0.45);
#5866 = AXIS2_PLACEMENT_3D('',#5867,#5868,#5869);
#5867 = CARTESIAN_POINT('',(7.5,-4.592425496803E-16,0.3));
#5868 = DIRECTION('',(0.,0.,1.));
#5869 = DIRECTION('',(-1.,1.224646799147E-16,0.));
#5870 = ADVANCED_FACE('',(#5871,#5900,#5903),#5914,.F.);
#5871 = FACE_BOUND('',#5872,.F.);
#5872 = EDGE_LOOP('',(#5873,#5884,#5893));
#5873 = ORIENTED_EDGE('',*,*,#5874,.T.);
#5874 = EDGE_CURVE('',#5875,#5877,#5879,.T.);
#5875 = VERTEX_POINT('',#5876);
#5876 = CARTESIAN_POINT('',(-1.85,6.858022075225E-16,0.2));
#5877 = VERTEX_POINT('',#5878);
#5878 = CARTESIAN_POINT('',(8.923725382063,-2.143027221244,0.2));
#5879 = CIRCLE('',#5880,5.6);
#5880 = AXIS2_PLACEMENT_3D('',#5881,#5882,#5883);
#5881 = CARTESIAN_POINT('',(3.75,0.,0.2));
#5882 = DIRECTION('',(0.,0.,1.));
#5883 = DIRECTION('',(-1.,1.224646799147E-16,0.));
#5884 = ORIENTED_EDGE('',*,*,#5885,.T.);
#5885 = EDGE_CURVE('',#5877,#5886,#5888,.T.);
#5886 = VERTEX_POINT('',#5887);
#5887 = CARTESIAN_POINT('',(8.923725382063,2.143027221244,0.2));
#5888 = CIRCLE('',#5889,5.6);
#5889 = AXIS2_PLACEMENT_3D('',#5890,#5891,#5892);
#5890 = CARTESIAN_POINT('',(3.75,0.,0.2));
#5891 = DIRECTION('',(0.,0.,1.));
#5892 = DIRECTION('',(-1.,1.224646799147E-16,0.));
#5893 = ORIENTED_EDGE('',*,*,#5894,.T.);
#5894 = EDGE_CURVE('',#5886,#5875,#5895,.T.);
#5895 = CIRCLE('',#5896,5.6);
#5896 = AXIS2_PLACEMENT_3D('',#5897,#5898,#5899);
#5897 = CARTESIAN_POINT('',(3.75,0.,0.2));
#5898 = DIRECTION('',(0.,0.,1.));
#5899 = DIRECTION('',(-1.,1.224646799147E-16,0.));
#5900 = FACE_BOUND('',#5901,.F.);
#5901 = EDGE_LOOP('',(#5902));
#5902 = ORIENTED_EDGE('',*,*,#5849,.F.);
#5903 = FACE_BOUND('',#5904,.F.);
#5904 = EDGE_LOOP('',(#5905));
#5905 = ORIENTED_EDGE('',*,*,#5906,.F.);
#5906 = EDGE_CURVE('',#5907,#5907,#5909,.T.);
#5907 = VERTEX_POINT('',#5908);
#5908 = CARTESIAN_POINT('',(-0.45,5.143516556419E-16,0.2));
#5909 = CIRCLE('',#5910,0.45);
#5910 = AXIS2_PLACEMENT_3D('',#5911,#5912,#5913);
#5911 = CARTESIAN_POINT('',(0.,4.592425496803E-16,0.2));
#5912 = DIRECTION('',(0.,0.,1.));
#5913 = DIRECTION('',(-1.,1.224646799147E-16,0.));
#5914 = PLANE('',#5915);
#5915 = AXIS2_PLACEMENT_3D('',#5916,#5917,#5918);
#5916 = CARTESIAN_POINT('',(3.75,0.,0.2));
#5917 = DIRECTION('',(0.,0.,1.));
#5918 = DIRECTION('',(-1.,1.224646799147E-16,0.));
#5919 = ADVANCED_FACE('',(#5920),#5947,.F.);
#5920 = FACE_BOUND('',#5921,.F.);
#5921 = EDGE_LOOP('',(#5922,#5930,#5931,#5932,#5940));
#5922 = ORIENTED_EDGE('',*,*,#5923,.F.);
#5923 = EDGE_CURVE('',#5877,#5924,#5926,.T.);
#5924 = VERTEX_POINT('',#5925);
#5925 = CARTESIAN_POINT('',(8.923725382063,-2.143027221245,0.));
#5926 = LINE('',#5927,#5928);
#5927 = CARTESIAN_POINT('',(8.923725382063,-2.143027221245,0.3));
#5928 = VECTOR('',#5929,1.);
#5929 = DIRECTION('',(0.,0.,-1.));
#5930 = ORIENTED_EDGE('',*,*,#5874,.F.);
#5931 = ORIENTED_EDGE('',*,*,#5894,.F.);
#5932 = ORIENTED_EDGE('',*,*,#5933,.T.);
#5933 = EDGE_CURVE('',#5886,#5934,#5936,.T.);
#5934 = VERTEX_POINT('',#5935);
#5935 = CARTESIAN_POINT('',(8.923725382063,2.143027221245,0.));
#5936 = LINE('',#5937,#5938);
#5937 = CARTESIAN_POINT('',(8.923725382063,2.143027221245,0.3));
#5938 = VECTOR('',#5939,1.);
#5939 = DIRECTION('',(0.,0.,-1.));
#5940 = ORIENTED_EDGE('',*,*,#5941,.F.);
#5941 = EDGE_CURVE('',#5924,#5934,#5942,.T.);
#5942 = CIRCLE('',#5943,5.6);
#5943 = AXIS2_PLACEMENT_3D('',#5944,#5945,#5946);
#5944 = CARTESIAN_POINT('',(3.75,0.,0.));
#5945 = DIRECTION('',(0.,0.,-1.));
#5946 = DIRECTION('',(0.923879532511,-0.382683432365,0.));
#5947 = CYLINDRICAL_SURFACE('',#5948,5.6);
#5948 = AXIS2_PLACEMENT_3D('',#5949,#5950,#5951);
#5949 = CARTESIAN_POINT('',(3.75,0.,0.3));
#5950 = DIRECTION('',(0.,0.,-1.));
#5951 = DIRECTION('',(0.923879532511,-0.382683432365,0.));
#5952 = ADVANCED_FACE('',(#5953),#5965,.F.);
#5953 = FACE_BOUND('',#5954,.F.);
#5954 = EDGE_LOOP('',(#5955,#5956,#5957,#5958));
#5955 = ORIENTED_EDGE('',*,*,#5933,.F.);
#5956 = ORIENTED_EDGE('',*,*,#5885,.F.);
#5957 = ORIENTED_EDGE('',*,*,#5923,.T.);
#5958 = ORIENTED_EDGE('',*,*,#5959,.F.);
#5959 = EDGE_CURVE('',#5934,#5924,#5960,.T.);
#5960 = CIRCLE('',#5961,5.6);
#5961 = AXIS2_PLACEMENT_3D('',#5962,#5963,#5964);
#5962 = CARTESIAN_POINT('',(3.75,0.,0.));
#5963 = DIRECTION('',(0.,0.,-1.));
#5964 = DIRECTION('',(0.923879532511,0.382683432365,0.));
#5965 = CYLINDRICAL_SURFACE('',#5966,5.6);
#5966 = AXIS2_PLACEMENT_3D('',#5967,#5968,#5969);
#5967 = CARTESIAN_POINT('',(3.75,0.,0.3));
#5968 = DIRECTION('',(0.,0.,-1.));
#5969 = DIRECTION('',(0.923879532511,0.382683432365,0.));
#5970 = ADVANCED_FACE('',(#5971),#5990,.T.);
#5971 = FACE_BOUND('',#5972,.T.);
#5972 = EDGE_LOOP('',(#5973,#5974,#5982,#5989));
#5973 = ORIENTED_EDGE('',*,*,#5906,.F.);
#5974 = ORIENTED_EDGE('',*,*,#5975,.T.);
#5975 = EDGE_CURVE('',#5907,#5976,#5978,.T.);
#5976 = VERTEX_POINT('',#5977);
#5977 = CARTESIAN_POINT('',(-0.45,5.143516556419E-16,-2.));
#5978 = LINE('',#5979,#5980);
#5979 = CARTESIAN_POINT('',(-0.45,5.143516556419E-16,0.3));
#5980 = VECTOR('',#5981,1.);
#5981 = DIRECTION('',(0.,0.,-1.));
#5982 = ORIENTED_EDGE('',*,*,#5983,.T.);
#5983 = EDGE_CURVE('',#5976,#5976,#5984,.T.);
#5984 = CIRCLE('',#5985,0.45);
#5985 = AXIS2_PLACEMENT_3D('',#5986,#5987,#5988);
#5986 = CARTESIAN_POINT('',(0.,4.592425496803E-16,-2.));
#5987 = DIRECTION('',(0.,0.,1.));
#5988 = DIRECTION('',(-1.,1.224646799147E-16,0.));
#5989 = ORIENTED_EDGE('',*,*,#5975,.F.);
#5990 = CYLINDRICAL_SURFACE('',#5991,0.45);
#5991 = AXIS2_PLACEMENT_3D('',#5992,#5993,#5994);
#5992 = CARTESIAN_POINT('',(0.,4.592425496803E-16,0.3));
#5993 = DIRECTION('',(0.,0.,1.));
#5994 = DIRECTION('',(-1.,1.224646799147E-16,0.));
#5995 = ADVANCED_FACE('',(#5996),#6022,.T.);
#5996 = FACE_BOUND('',#5997,.F.);
#5997 = EDGE_LOOP('',(#5998,#5999,#6007,#6016));
#5998 = ORIENTED_EDGE('',*,*,#5941,.T.);
#5999 = ORIENTED_EDGE('',*,*,#6000,.T.);
#6000 = EDGE_CURVE('',#5934,#6001,#6003,.T.);
#6001 = VERTEX_POINT('',#6002);
#6002 = CARTESIAN_POINT('',(10.956260353588,2.984930772448,
    -1.387778780781E-17));
#6003 = LINE('',#6004,#6005);
#6004 = CARTESIAN_POINT('',(8.923725382063,2.143027221245,0.));
#6005 = VECTOR('',#6006,1.);
#6006 = DIRECTION('',(0.923879532511,0.382683432365,0.));
#6007 = ORIENTED_EDGE('',*,*,#6008,.F.);
#6008 = EDGE_CURVE('',#6009,#6001,#6011,.T.);
#6009 = VERTEX_POINT('',#6010);
#6010 = CARTESIAN_POINT('',(10.956260353588,-2.984930772448,
    -1.387778780781E-17));
#6011 = CIRCLE('',#6012,7.8);
#6012 = AXIS2_PLACEMENT_3D('',#6013,#6014,#6015);
#6013 = CARTESIAN_POINT('',(3.75,0.,0.));
#6014 = DIRECTION('',(0.,0.,-1.));
#6015 = DIRECTION('',(0.923879532511,-0.382683432365,0.));
#6016 = ORIENTED_EDGE('',*,*,#6017,.F.);
#6017 = EDGE_CURVE('',#5924,#6009,#6018,.T.);
#6018 = LINE('',#6019,#6020);
#6019 = CARTESIAN_POINT('',(8.923725382063,-2.143027221245,0.));
#6020 = VECTOR('',#6021,1.);
#6021 = DIRECTION('',(0.923879532511,-0.382683432365,0.));
#6022 = PLANE('',#6023);
#6023 = AXIS2_PLACEMENT_3D('',#6024,#6025,#6026);
#6024 = CARTESIAN_POINT('',(3.75,0.,0.));
#6025 = DIRECTION('',(0.,0.,-1.));
#6026 = DIRECTION('',(0.923879532511,-0.382683432365,0.));
#6027 = ADVANCED_FACE('',(#6028),#6040,.T.);
#6028 = FACE_BOUND('',#6029,.F.);
#6029 = EDGE_LOOP('',(#6030,#6031,#6032,#6039));
#6030 = ORIENTED_EDGE('',*,*,#5959,.T.);
#6031 = ORIENTED_EDGE('',*,*,#6017,.T.);
#6032 = ORIENTED_EDGE('',*,*,#6033,.F.);
#6033 = EDGE_CURVE('',#6001,#6009,#6034,.T.);
#6034 = CIRCLE('',#6035,7.8);
#6035 = AXIS2_PLACEMENT_3D('',#6036,#6037,#6038);
#6036 = CARTESIAN_POINT('',(3.75,0.,0.));
#6037 = DIRECTION('',(0.,0.,-1.));
#6038 = DIRECTION('',(0.923879532511,0.382683432365,0.));
#6039 = ORIENTED_EDGE('',*,*,#6000,.F.);
#6040 = PLANE('',#6041);
#6041 = AXIS2_PLACEMENT_3D('',#6042,#6043,#6044);
#6042 = CARTESIAN_POINT('',(3.75,0.,0.));
#6043 = DIRECTION('',(0.,0.,-1.));
#6044 = DIRECTION('',(0.923879532511,0.382683432365,0.));
#6045 = ADVANCED_FACE('',(#6046),#6049,.F.);
#6046 = FACE_BOUND('',#6047,.F.);
#6047 = EDGE_LOOP('',(#6048));
#6048 = ORIENTED_EDGE('',*,*,#5983,.T.);
#6049 = PLANE('',#6050);
#6050 = AXIS2_PLACEMENT_3D('',#6051,#6052,#6053);
#6051 = CARTESIAN_POINT('',(0.,4.592425496803E-16,-2.));
#6052 = DIRECTION('',(0.,0.,1.));
#6053 = DIRECTION('',(-1.,1.224646799147E-16,0.));
#6054 = ADVANCED_FACE('',(#6055),#6083,.F.);
#6055 = FACE_BOUND('',#6056,.F.);
#6056 = EDGE_LOOP('',(#6057,#6058,#6067,#6076));
#6057 = ORIENTED_EDGE('',*,*,#6008,.T.);
#6058 = ORIENTED_EDGE('',*,*,#6059,.T.);
#6059 = EDGE_CURVE('',#6001,#6060,#6062,.T.);
#6060 = VERTEX_POINT('',#6061);
#6061 = CARTESIAN_POINT('',(11.14103626009,3.061467458921,0.2));
#6062 = CIRCLE('',#6063,0.2);
#6063 = AXIS2_PLACEMENT_3D('',#6064,#6065,#6066);
#6064 = CARTESIAN_POINT('',(10.956260353588,2.984930772448,0.2));
#6065 = DIRECTION('',(0.382683432365,-0.923879532511,0.));
#6066 = DIRECTION('',(0.,0.,-1.));
#6067 = ORIENTED_EDGE('',*,*,#6068,.F.);
#6068 = EDGE_CURVE('',#6069,#6060,#6071,.T.);
#6069 = VERTEX_POINT('',#6070);
#6070 = CARTESIAN_POINT('',(11.14103626009,-3.061467458921,0.2));
#6071 = CIRCLE('',#6072,8.);
#6072 = AXIS2_PLACEMENT_3D('',#6073,#6074,#6075);
#6073 = CARTESIAN_POINT('',(3.75,0.,0.2));
#6074 = DIRECTION('',(0.,0.,-1.));
#6075 = DIRECTION('',(0.923879532511,-0.382683432365,0.));
#6076 = ORIENTED_EDGE('',*,*,#6077,.F.);
#6077 = EDGE_CURVE('',#6009,#6069,#6078,.T.);
#6078 = CIRCLE('',#6079,0.2);
#6079 = AXIS2_PLACEMENT_3D('',#6080,#6081,#6082);
#6080 = CARTESIAN_POINT('',(10.956260353588,-2.984930772448,0.2));
#6081 = DIRECTION('',(-0.382683432365,-0.923879532511,0.));
#6082 = DIRECTION('',(-0.,0.,-1.));
#6083 = SURFACE_OF_REVOLUTION('',#6084,#6089);
#6084 = CIRCLE('',#6085,0.2);
#6085 = AXIS2_PLACEMENT_3D('',#6086,#6087,#6088);
#6086 = CARTESIAN_POINT('',(10.956260353588,-2.984930772448,0.2));
#6087 = DIRECTION('',(-0.382683432365,-0.923879532511,0.));
#6088 = DIRECTION('',(-0.,0.,-1.));
#6089 = AXIS1_PLACEMENT('',#6090,#6091);
#6090 = CARTESIAN_POINT('',(3.75,0.,0.));
#6091 = DIRECTION('',(0.,0.,-1.));
#6092 = ADVANCED_FACE('',(#6093),#6105,.F.);
#6093 = FACE_BOUND('',#6094,.F.);
#6094 = EDGE_LOOP('',(#6095,#6096,#6097,#6104));
#6095 = ORIENTED_EDGE('',*,*,#6033,.T.);
#6096 = ORIENTED_EDGE('',*,*,#6077,.T.);
#6097 = ORIENTED_EDGE('',*,*,#6098,.F.);
#6098 = EDGE_CURVE('',#6060,#6069,#6099,.T.);
#6099 = CIRCLE('',#6100,8.);
#6100 = AXIS2_PLACEMENT_3D('',#6101,#6102,#6103);
#6101 = CARTESIAN_POINT('',(3.75,0.,0.2));
#6102 = DIRECTION('',(0.,0.,-1.));
#6103 = DIRECTION('',(0.923879532511,0.382683432365,0.));
#6104 = ORIENTED_EDGE('',*,*,#6059,.F.);
#6105 = SURFACE_OF_REVOLUTION('',#6106,#6111);
#6106 = CIRCLE('',#6107,0.2);
#6107 = AXIS2_PLACEMENT_3D('',#6108,#6109,#6110);
#6108 = CARTESIAN_POINT('',(10.956260353588,2.984930772448,0.2));
#6109 = DIRECTION('',(0.382683432365,-0.923879532511,0.));
#6110 = DIRECTION('',(0.,0.,-1.));
#6111 = AXIS1_PLACEMENT('',#6112,#6113);
#6112 = CARTESIAN_POINT('',(3.75,0.,0.));
#6113 = DIRECTION('',(0.,0.,-1.));
#6114 = ADVANCED_FACE('',(#6115),#6172,.T.);
#6115 = FACE_BOUND('',#6116,.T.);
#6116 = EDGE_LOOP('',(#6117,#6159,#6165,#6166));
#6117 = ORIENTED_EDGE('',*,*,#6118,.T.);
#6118 = EDGE_CURVE('',#6119,#6121,#6123,.T.);
#6119 = VERTEX_POINT('',#6120);
#6120 = CARTESIAN_POINT('',(11.14103626009,-3.061467458921,
    1.064979142851));
#6121 = VERTEX_POINT('',#6122);
#6122 = CARTESIAN_POINT('',(11.14103626009,3.061467458921,1.064979142851
    ));
#6123 = B_SPLINE_CURVE_WITH_KNOTS('',12,(#6124,#6125,#6126,#6127,#6128,
    #6129,#6130,#6131,#6132,#6133,#6134,#6135,#6136,#6137,#6138,#6139,
    #6140,#6141,#6142,#6143,#6144,#6145,#6146,#6147,#6148,#6149,#6150,
    #6151,#6152,#6153,#6154,#6155,#6156,#6157,#6158),.UNSPECIFIED.,.F.,
  .F.,(13,11,11,13),(-1.873970053066,-1.063080047787E-15,43.982297150256
    ,45.856267203322),.UNSPECIFIED.);
#6124 = CARTESIAN_POINT('',(11.858173552147,-1.330144882354,
    1.064979142851));
#6125 = CARTESIAN_POINT('',(11.797997962853,-1.475421606152,
    1.064979142851));
#6126 = CARTESIAN_POINT('',(11.737897673247,-1.62051654042,
    1.064979142851));
#6127 = CARTESIAN_POINT('',(11.677872683331,-1.765429685157,
    1.064979142851));
#6128 = CARTESIAN_POINT('',(11.617922993104,-1.910161040364,
    1.064979142851));
#6129 = CARTESIAN_POINT('',(11.558048602565,-2.054710606041,
    1.064979142851));
#6130 = CARTESIAN_POINT('',(11.498249511716,-2.199078382186,
    1.064979142851));
#6131 = CARTESIAN_POINT('',(11.438525720556,-2.343264368802,
    1.064979142851));
#6132 = CARTESIAN_POINT('',(11.378877229085,-2.487268565887,
    1.064979142851));
#6133 = CARTESIAN_POINT('',(11.319304037303,-2.631090973441,
    1.064979142851));
#6134 = CARTESIAN_POINT('',(11.259806145209,-2.774731591465,
    1.064979142851));
#6135 = CARTESIAN_POINT('',(11.200383552805,-2.918190419958,
    1.064979142851));
#6136 = CARTESIAN_POINT('',(9.748148332674,-6.424196384154,
    1.064979142851));
#6137 = CARTESIAN_POINT('',(6.664218617699,-9.146846434248,
    1.064979179693));
#6138 = CARTESIAN_POINT('',(2.212607902218,-10.22547282872,
    1.064978656632));
#6139 = CARTESIAN_POINT('',(-2.560872724984,-8.822383044901,
    1.064980754713));
#6140 = CARTESIAN_POINT('',(-6.114921061728,-5.320753792362,
    1.064976121759));
#6141 = CARTESIAN_POINT('',(-7.896277410323,1.867839216629E-11,
    1.064982822191));
#6142 = CARTESIAN_POINT('',(-6.114921061727,5.320753792329,
    1.064976121759));
#6143 = CARTESIAN_POINT('',(-2.560872724986,8.822383044924,
    1.064980754714));
#6144 = CARTESIAN_POINT('',(2.212607902218,10.225472828717,
    1.064978656632));
#6145 = CARTESIAN_POINT('',(6.664218617699,9.146846434253,1.064979179693
    ));
#6146 = CARTESIAN_POINT('',(9.748148332674,6.424196384153,1.064979142851
    ));
#6147 = CARTESIAN_POINT('',(11.200383552805,2.918190419958,
    1.064979142851));
#6148 = CARTESIAN_POINT('',(11.259806145209,2.774731591465,
    1.064979142851));
#6149 = CARTESIAN_POINT('',(11.319304037302,2.631090973441,
    1.064979142851));
#6150 = CARTESIAN_POINT('',(11.378877229085,2.487268565887,
    1.064979142851));
#6151 = CARTESIAN_POINT('',(11.438525720556,2.343264368802,
    1.064979142851));
#6152 = CARTESIAN_POINT('',(11.498249511716,2.199078382187,
    1.064979142851));
#6153 = CARTESIAN_POINT('',(11.558048602565,2.054710606041,
    1.064979142851));
#6154 = CARTESIAN_POINT('',(11.617922993104,1.910161040364,
    1.064979142851));
#6155 = CARTESIAN_POINT('',(11.677872683331,1.765429685158,
    1.064979142851));
#6156 = CARTESIAN_POINT('',(11.737897673247,1.62051654042,1.064979142851
    ));
#6157 = CARTESIAN_POINT('',(11.797997962853,1.475421606152,
    1.064979142851));
#6158 = CARTESIAN_POINT('',(11.858173552147,1.330144882354,
    1.064979142851));
#6159 = ORIENTED_EDGE('',*,*,#6160,.F.);
#6160 = EDGE_CURVE('',#6060,#6121,#6161,.T.);
#6161 = LINE('',#6162,#6163);
#6162 = CARTESIAN_POINT('',(11.14103626009,3.061467458921,0.2));
#6163 = VECTOR('',#6164,1.);
#6164 = DIRECTION('',(0.,0.,1.));
#6165 = ORIENTED_EDGE('',*,*,#6068,.F.);
#6166 = ORIENTED_EDGE('',*,*,#6167,.T.);
#6167 = EDGE_CURVE('',#6069,#6119,#6168,.T.);
#6168 = LINE('',#6169,#6170);
#6169 = CARTESIAN_POINT('',(11.14103626009,-3.061467458921,0.2));
#6170 = VECTOR('',#6171,1.);
#6171 = DIRECTION('',(0.,0.,1.));
#6172 = CYLINDRICAL_SURFACE('',#6173,8.);
#6173 = AXIS2_PLACEMENT_3D('',#6174,#6175,#6176);
#6174 = CARTESIAN_POINT('',(3.75,0.,0.2));
#6175 = DIRECTION('',(0.,0.,1.));
#6176 = DIRECTION('',(0.923879532511,-0.382683432365,0.));
#6177 = ADVANCED_FACE('',(#6178),#6257,.T.);
#6178 = FACE_BOUND('',#6179,.T.);
#6179 = EDGE_LOOP('',(#6180,#6199,#6208,#6220,#6237,#6238,#6239,#6240));
#6180 = ORIENTED_EDGE('',*,*,#6181,.T.);
#6181 = EDGE_CURVE('',#6182,#6184,#6186,.T.);
#6182 = VERTEX_POINT('',#6183);
#6183 = CARTESIAN_POINT('',(11.748216494738,0.168741837757,
    1.064979142851));
#6184 = VERTEX_POINT('',#6185);
#6185 = CARTESIAN_POINT('',(11.7499999375,9.999999999991E-04,1.));
#6186 = B_SPLINE_CURVE_WITH_KNOTS('',6,(#6187,#6188,#6189,#6190,#6191,
    #6192,#6193,#6194,#6195,#6196,#6197,#6198),.UNSPECIFIED.,.F.,.F.,(7,
    5,7),(0.,0.924566682812,1.),.UNSPECIFIED.);
#6187 = CARTESIAN_POINT('',(11.748220175142,0.168742495984,
    1.064979742851));
#6188 = CARTESIAN_POINT('',(11.748638558029,0.148911566226,
    1.046902995476));
#6189 = CARTESIAN_POINT('',(11.749055302694,0.126360409306,
    1.031041596213));
#6190 = CARTESIAN_POINT('',(11.749435119883,0.101323098753,
    1.017951491949));
#6191 = CARTESIAN_POINT('',(11.749737415675,7.417630517056E-02,
    1.008169375705));
#6192 = CARTESIAN_POINT('',(11.749926619395,4.539697261145E-02,
    1.002180687329));
#6193 = CARTESIAN_POINT('',(11.74998949837,1.318821466276E-02,
    1.0002865688));
#6194 = CARTESIAN_POINT('',(11.749993363737,1.075473991785E-02,
    1.000172054475));
#6195 = CARTESIAN_POINT('',(11.749996344122,8.318208109736E-03,
    1.000086059482));
#6196 = CARTESIAN_POINT('',(11.749998434606,5.879535960399E-03,
    1.000028689124));
#6197 = CARTESIAN_POINT('',(11.749999632531,3.439752686621E-03,1.));
#6198 = CARTESIAN_POINT('',(11.7499999375,1.000000000001E-03,1.));
#6199 = ORIENTED_EDGE('',*,*,#6200,.F.);
#6200 = EDGE_CURVE('',#6201,#6184,#6203,.T.);
#6201 = VERTEX_POINT('',#6202);
#6202 = CARTESIAN_POINT('',(11.7499999375,-1.000000000001E-03,1.));
#6203 = CIRCLE('',#6204,8.);
#6204 = AXIS2_PLACEMENT_3D('',#6205,#6206,#6207);
#6205 = CARTESIAN_POINT('',(3.75,0.,1.));
#6206 = DIRECTION('',(0.,0.,1.));
#6207 = DIRECTION('',(0.923879532511,0.382683432365,-0.));
#6208 = ORIENTED_EDGE('',*,*,#6209,.T.);
#6209 = EDGE_CURVE('',#6201,#6210,#6212,.T.);
#6210 = VERTEX_POINT('',#6211);
#6211 = CARTESIAN_POINT('',(11.748216528778,-0.168741837757,
    1.064979142851));
#6212 = B_SPLINE_CURVE_WITH_KNOTS('',6,(#6213,#6214,#6215,#6216,#6217,
    #6218,#6219),.UNSPECIFIED.,.F.,.F.,(7,7),(0.,1.),
  .PIECEWISE_BEZIER_KNOTS.);
#6213 = CARTESIAN_POINT('',(11.7499999375,-1.000000000001E-03,1.));
#6214 = CARTESIAN_POINT('',(11.749995876026,-3.34917878688E-02,1.));
#6215 = CARTESIAN_POINT('',(11.749833568534,-6.514944124496E-02,
    1.005088554237));
#6216 = CARTESIAN_POINT('',(11.749528326396,-9.509347475645E-02,
    1.014770963615));
#6217 = CARTESIAN_POINT('',(11.749123510813,-0.122655506789,
    1.028455553806));
#6218 = CARTESIAN_POINT('',(11.748672451479,-0.147305050671,
    1.045438587292));
#6219 = CARTESIAN_POINT('',(11.748220175142,-0.168742495984,
    1.064979742851));
#6220 = ORIENTED_EDGE('',*,*,#6221,.T.);
#6221 = EDGE_CURVE('',#6210,#6119,#6222,.T.);
#6222 = B_SPLINE_CURVE_WITH_KNOTS('',5,(#6223,#6224,#6225,#6226,#6227,
    #6228,#6229,#6230,#6231,#6232,#6233,#6234,#6235,#6236),
  .UNSPECIFIED.,.F.,.F.,(6,4,4,6),(-0.38212309917,-4.28165546416E-07,
    6.283185735344,6.665307816687),.UNSPECIFIED.);
#6223 = CARTESIAN_POINT('',(10.994804243843,3.414502775528,
    1.064979142851));
#6224 = CARTESIAN_POINT('',(11.024050655788,3.343895691214,
    1.064979142851));
#6225 = CARTESIAN_POINT('',(11.053297063302,3.273288617596,
    1.064979142851));
#6226 = CARTESIAN_POINT('',(11.082543466386,3.202681554674,
    1.064979142851));
#6227 = CARTESIAN_POINT('',(11.11178986504,3.132074502448,1.064979142851
    ));
#6228 = CARTESIAN_POINT('',(11.621930363327,1.900486393708,
    1.064979142851));
#6229 = CARTESIAN_POINT('',(11.874923987305,0.645092022978,
    1.064979142851));
#6230 = CARTESIAN_POINT('',(11.874925732041,-0.645087857169,
    1.064979142851));
#6231 = CARTESIAN_POINT('',(11.621931251104,-1.900484250426,
    1.064979142851));
#6232 = CARTESIAN_POINT('',(11.111789856179,-3.13207452384,
    1.064979142851));
#6233 = CARTESIAN_POINT('',(11.082543453095,-3.202681586762,
    1.064979142851));
#6234 = CARTESIAN_POINT('',(11.053297050011,-3.273288649684,
    1.064979142851));
#6235 = CARTESIAN_POINT('',(11.024050646927,-3.343895712606,
    1.064979142851));
#6236 = CARTESIAN_POINT('',(10.994804243843,-3.414502775528,
    1.064979142851));
#6237 = ORIENTED_EDGE('',*,*,#6167,.F.);
#6238 = ORIENTED_EDGE('',*,*,#6098,.F.);
#6239 = ORIENTED_EDGE('',*,*,#6160,.T.);
#6240 = ORIENTED_EDGE('',*,*,#6241,.T.);
#6241 = EDGE_CURVE('',#6121,#6182,#6242,.T.);
#6242 = B_SPLINE_CURVE_WITH_KNOTS('',5,(#6243,#6244,#6245,#6246,#6247,
    #6248,#6249,#6250,#6251,#6252,#6253,#6254,#6255,#6256),
  .UNSPECIFIED.,.F.,.F.,(6,4,4,6),(-0.38212309917,-4.28165546416E-07,
    6.283185735344,6.665307816687),.UNSPECIFIED.);
#6243 = CARTESIAN_POINT('',(10.994804243843,3.414502775528,
    1.064979142851));
#6244 = CARTESIAN_POINT('',(11.024050655788,3.343895691214,
    1.064979142851));
#6245 = CARTESIAN_POINT('',(11.053297063302,3.273288617596,
    1.064979142851));
#6246 = CARTESIAN_POINT('',(11.082543466386,3.202681554674,
    1.064979142851));
#6247 = CARTESIAN_POINT('',(11.11178986504,3.132074502448,1.064979142851
    ));
#6248 = CARTESIAN_POINT('',(11.621930363327,1.900486393708,
    1.064979142851));
#6249 = CARTESIAN_POINT('',(11.874923987305,0.645092022978,
    1.064979142851));
#6250 = CARTESIAN_POINT('',(11.874925732041,-0.645087857169,
    1.064979142851));
#6251 = CARTESIAN_POINT('',(11.621931251104,-1.900484250426,
    1.064979142851));
#6252 = CARTESIAN_POINT('',(11.111789856179,-3.13207452384,
    1.064979142851));
#6253 = CARTESIAN_POINT('',(11.082543453095,-3.202681586762,
    1.064979142851));
#6254 = CARTESIAN_POINT('',(11.053297050011,-3.273288649684,
    1.064979142851));
#6255 = CARTESIAN_POINT('',(11.024050646927,-3.343895712606,
    1.064979142851));
#6256 = CARTESIAN_POINT('',(10.994804243843,-3.414502775528,
    1.064979142851));
#6257 = CYLINDRICAL_SURFACE('',#6258,8.);
#6258 = AXIS2_PLACEMENT_3D('',#6259,#6260,#6261);
#6259 = CARTESIAN_POINT('',(3.75,0.,0.2));
#6260 = DIRECTION('',(0.,0.,1.));
#6261 = DIRECTION('',(0.923879532511,0.382683432365,-0.));
#6262 = ADVANCED_FACE('',(#6263),#6330,.T.);
#6263 = FACE_BOUND('',#6264,.T.);
#6264 = EDGE_LOOP('',(#6265,#6278,#6318,#6329));
#6265 = ORIENTED_EDGE('',*,*,#6266,.T.);
#6266 = EDGE_CURVE('',#6119,#6267,#6269,.T.);
#6267 = VERTEX_POINT('',#6268);
#6268 = CARTESIAN_POINT('',(11.066783967251,-3.030711152189,
    1.269338405373));
#6269 = B_SPLINE_CURVE_WITH_KNOTS('',7,(#6270,#6271,#6272,#6273,#6274,
    #6275,#6276,#6277),.UNSPECIFIED.,.F.,.F.,(8,8),(0.,1.),
  .PIECEWISE_BEZIER_KNOTS.);
#6270 = CARTESIAN_POINT('',(11.14103626009,-3.061467458921,
    1.064979142851));
#6271 = CARTESIAN_POINT('',(11.141036260042,-3.061467458901,
    1.096353648435));
#6272 = CARTESIAN_POINT('',(11.13749920575,-3.060002363042,
    1.128449995953));
#6273 = CARTESIAN_POINT('',(11.13013496019,-3.056951992655,
    1.160459445172));
#6274 = CARTESIAN_POINT('',(11.118893129239,-3.052295473809,
    1.191399530583));
#6275 = CARTESIAN_POINT('',(11.104139521156,-3.046184329247,
    1.220263464344));
#6276 = CARTESIAN_POINT('',(11.086529338691,-3.038889952834,
    1.246369140532));
#6277 = CARTESIAN_POINT('',(11.066783967251,-3.030711152189,
    1.269338405373));
#6278 = ORIENTED_EDGE('',*,*,#6279,.T.);
#6279 = EDGE_CURVE('',#6267,#6280,#6282,.T.);
#6280 = VERTEX_POINT('',#6281);
#6281 = CARTESIAN_POINT('',(11.066783967251,3.030711152189,
    1.269338405373));
#6282 = B_SPLINE_CURVE_WITH_KNOTS('',12,(#6283,#6284,#6285,#6286,#6287,
    #6288,#6289,#6290,#6291,#6292,#6293,#6294,#6295,#6296,#6297,#6298,
    #6299,#6300,#6301,#6302,#6303,#6304,#6305,#6306,#6307,#6308,#6309,
    #6310,#6311,#6312,#6313,#6314,#6315,#6316,#6317),.UNSPECIFIED.,.F.,
  .F.,(13,11,11,13),(-1.873970053066,-1.063080047787E-15,43.982297150256
    ,45.856267203322),.UNSPECIFIED.);
#6283 = CARTESIAN_POINT('',(11.783921259308,-1.299388575622,
    1.269338405373));
#6284 = CARTESIAN_POINT('',(11.723149451513,-1.446104698211,
    1.269338405373));
#6285 = CARTESIAN_POINT('',(11.66256134677,-1.592377322399,
    1.269338405373));
#6286 = CARTESIAN_POINT('',(11.602156945081,-1.738206448185,
    1.269338405373));
#6287 = CARTESIAN_POINT('',(11.541936246444,-1.883592075569,
    1.269338405373));
#6288 = CARTESIAN_POINT('',(11.48189925086,-2.028534204552,
    1.269338405373));
#6289 = CARTESIAN_POINT('',(11.422045958329,-2.173032835133,
    1.269338405373));
#6290 = CARTESIAN_POINT('',(11.36237636885,-2.317087967313,
    1.269338405373));
#6291 = CARTESIAN_POINT('',(11.302890482425,-2.460699601092,
    1.269338405373));
#6292 = CARTESIAN_POINT('',(11.243588299052,-2.603867736468,
    1.269338405373));
#6293 = CARTESIAN_POINT('',(11.184469818732,-2.746592373443,
    1.269338405373));
#6294 = CARTESIAN_POINT('',(11.125535041465,-2.888873512017,
    1.269338405373));
#6295 = CARTESIAN_POINT('',(9.687889358043,-6.359657218821,
    1.269338405373));
#6296 = CARTESIAN_POINT('',(6.634887964771,-9.05514571701,1.269338398976
    ));
#6297 = CARTESIAN_POINT('',(2.227658189283,-10.1224557905,1.269338489796
    ));
#6298 = CARTESIAN_POINT('',(-2.496508910968,-8.733741237239,
    1.269338125503));
#6299 = CARTESIAN_POINT('',(-6.016722913412,-5.267650204176,
    1.269338929927));
#6300 = CARTESIAN_POINT('',(-7.778557237297,2.631228568362E-11,
    1.269337766527));
#6301 = CARTESIAN_POINT('',(-6.016722913411,5.267650204129,
    1.269338929927));
#6302 = CARTESIAN_POINT('',(-2.49650891097,8.733741237272,1.269338125504
    ));
#6303 = CARTESIAN_POINT('',(2.227658189285,10.122455790489,
    1.269338489796));
#6304 = CARTESIAN_POINT('',(6.634887964771,9.055145717016,1.269338398976
    ));
#6305 = CARTESIAN_POINT('',(9.687889358043,6.35965721882,1.269338405373)
  );
#6306 = CARTESIAN_POINT('',(11.125535041465,2.888873512017,
    1.269338405373));
#6307 = CARTESIAN_POINT('',(11.184469818732,2.746592373444,
    1.269338405373));
#6308 = CARTESIAN_POINT('',(11.243588299052,2.603867736468,
    1.269338405373));
#6309 = CARTESIAN_POINT('',(11.302890482425,2.460699601092,
    1.269338405373));
#6310 = CARTESIAN_POINT('',(11.36237636885,2.317087967313,1.269338405373
    ));
#6311 = CARTESIAN_POINT('',(11.422045958329,2.173032835134,
    1.269338405373));
#6312 = CARTESIAN_POINT('',(11.48189925086,2.028534204552,1.269338405373
    ));
#6313 = CARTESIAN_POINT('',(11.541936246444,1.883592075569,
    1.269338405373));
#6314 = CARTESIAN_POINT('',(11.60215694508,1.738206448185,1.269338405373
    ));
#6315 = CARTESIAN_POINT('',(11.66256134677,1.592377322399,1.269338405373
    ));
#6316 = CARTESIAN_POINT('',(11.723149451512,1.446104698211,
    1.269338405373));
#6317 = CARTESIAN_POINT('',(11.783921259308,1.299388575622,
    1.269338405373));
#6318 = ORIENTED_EDGE('',*,*,#6319,.F.);
#6319 = EDGE_CURVE('',#6121,#6280,#6320,.T.);
#6320 = B_SPLINE_CURVE_WITH_KNOTS('',7,(#6321,#6322,#6323,#6324,#6325,
    #6326,#6327,#6328),.UNSPECIFIED.,.F.,.F.,(8,8),(0.,1.),
  .PIECEWISE_BEZIER_KNOTS.);
#6321 = CARTESIAN_POINT('',(11.14103626009,3.061467458921,1.064979142851
    ));
#6322 = CARTESIAN_POINT('',(11.141036260042,3.061467458901,
    1.096353648435));
#6323 = CARTESIAN_POINT('',(11.13749920575,3.060002363042,1.128449995953
    ));
#6324 = CARTESIAN_POINT('',(11.13013496019,3.056951992655,1.160459445172
    ));
#6325 = CARTESIAN_POINT('',(11.118893129239,3.052295473809,
    1.191399530583));
#6326 = CARTESIAN_POINT('',(11.104139521156,3.046184329247,
    1.220263464344));
#6327 = CARTESIAN_POINT('',(11.086529338691,3.038889952834,
    1.246369140532));
#6328 = CARTESIAN_POINT('',(11.066783967251,3.030711152189,
    1.269338405373));
#6329 = ORIENTED_EDGE('',*,*,#6118,.F.);
#6330 = ( BOUNDED_SURFACE() B_SPLINE_SURFACE(2,12,(
    (#6331,#6332,#6333,#6334,#6335,#6336,#6337,#6338,#6339,#6340,#6341
      ,#6342,#6343,#6344,#6345,#6346,#6347,#6348,#6349,#6350,#6351,#6352
      ,#6353,#6354,#6355,#6356,#6357,#6358,#6359,#6360,#6361,#6362,#6363
      ,#6364,#6365)
    ,(#6366,#6367,#6368,#6369,#6370,#6371,#6372,#6373,#6374,#6375,#6376
      ,#6377,#6378,#6379,#6380,#6381,#6382,#6383,#6384,#6385,#6386,#6387
      ,#6388,#6389,#6390,#6391,#6392,#6393,#6394,#6395,#6396,#6397,#6398
      ,#6399,#6400)
    ,(#6401,#6402,#6403,#6404,#6405,#6406,#6407,#6408,#6409,#6410,#6411
      ,#6412,#6413,#6414,#6415,#6416,#6417,#6418,#6419,#6420,#6421,#6422
      ,#6423,#6424,#6425,#6426,#6427,#6428,#6429,#6430,#6431,#6432,#6433
      ,#6434,#6435
)),.UNSPECIFIED.,.F.,.F.,.F.) B_SPLINE_SURFACE_WITH_KNOTS((3,3),(13,11,
    11,13),(0.,43.982297150256),(-1.873970053066,-1.063080047787E-15,
    43.982297150256,45.856267203322),.UNSPECIFIED.) 
GEOMETRIC_REPRESENTATION_ITEM() RATIONAL_B_SPLINE_SURFACE((
    (1.,1.,1.,1.,1.,1.,1.,1.,1.,1.,1.,1.,1.,1.,1.,1.,1.,1.,1.,1.,1.,1.
      ,1.,1.,1.,1.,1.,1.,1.,1.,1.,1.,1.,1.,1.)
    ,(0.93061798229,0.93061798229,0.93061798229,0.93061798229
      ,0.93061798229,0.93061798229,0.93061798229,0.93061798229
      ,0.93061798229,0.93061798229,0.93061798229,0.93061798229
      ,0.93061798229,0.930618018316,0.930617506831,0.930619558481
      ,0.930615028054,0.930621580206,0.930615028054,0.930619558482
      ,0.93061750683,0.930618018316,0.93061798229,0.93061798229
      ,0.93061798229,0.93061798229,0.93061798229,0.93061798229
      ,0.93061798229,0.93061798229,0.93061798229,0.93061798229
      ,0.93061798229,0.93061798229,0.93061798229)
    ,(1.,1.,1.,1.,1.,1.,1.,1.,1.,1.,1.,1.,1.,1.,1.,1.,1.,1.,1.,1.,1.,1.
,1.,1.,1.,1.,1.,1.,1.,1.,1.,1.,1.,1.,1.
))) REPRESENTATION_ITEM('') SURFACE() );
#6331 = CARTESIAN_POINT('',(11.858173552147,-1.330144882354,
    1.064979142851));
#6332 = CARTESIAN_POINT('',(11.797997962853,-1.475421606152,
    1.064979142851));
#6333 = CARTESIAN_POINT('',(11.737897673247,-1.62051654042,
    1.064979142851));
#6334 = CARTESIAN_POINT('',(11.677872683331,-1.765429685157,
    1.064979142851));
#6335 = CARTESIAN_POINT('',(11.617922993104,-1.910161040364,
    1.064979142851));
#6336 = CARTESIAN_POINT('',(11.558048602565,-2.054710606041,
    1.064979142851));
#6337 = CARTESIAN_POINT('',(11.498249511716,-2.199078382186,
    1.064979142851));
#6338 = CARTESIAN_POINT('',(11.438525720556,-2.343264368802,
    1.064979142851));
#6339 = CARTESIAN_POINT('',(11.378877229085,-2.487268565887,
    1.064979142851));
#6340 = CARTESIAN_POINT('',(11.319304037303,-2.631090973441,
    1.064979142851));
#6341 = CARTESIAN_POINT('',(11.259806145209,-2.774731591465,
    1.064979142851));
#6342 = CARTESIAN_POINT('',(11.200383552805,-2.918190419958,
    1.064979142851));
#6343 = CARTESIAN_POINT('',(9.748148332674,-6.424196384154,
    1.064979142851));
#6344 = CARTESIAN_POINT('',(6.664218617699,-9.146846434248,
    1.064979179693));
#6345 = CARTESIAN_POINT('',(2.212607902218,-10.22547282872,
    1.064978656632));
#6346 = CARTESIAN_POINT('',(-2.560872724984,-8.822383044901,
    1.064980754713));
#6347 = CARTESIAN_POINT('',(-6.114921061728,-5.320753792362,
    1.064976121759));
#6348 = CARTESIAN_POINT('',(-7.896277410323,1.867839216629E-11,
    1.064982822191));
#6349 = CARTESIAN_POINT('',(-6.114921061727,5.320753792329,
    1.064976121759));
#6350 = CARTESIAN_POINT('',(-2.560872724986,8.822383044924,
    1.064980754714));
#6351 = CARTESIAN_POINT('',(2.212607902218,10.225472828717,
    1.064978656632));
#6352 = CARTESIAN_POINT('',(6.664218617699,9.146846434253,1.064979179693
    ));
#6353 = CARTESIAN_POINT('',(9.748148332674,6.424196384153,1.064979142851
    ));
#6354 = CARTESIAN_POINT('',(11.200383552805,2.918190419958,
    1.064979142851));
#6355 = CARTESIAN_POINT('',(11.259806145209,2.774731591465,
    1.064979142851));
#6356 = CARTESIAN_POINT('',(11.319304037302,2.631090973441,
    1.064979142851));
#6357 = CARTESIAN_POINT('',(11.378877229085,2.487268565887,
    1.064979142851));
#6358 = CARTESIAN_POINT('',(11.438525720556,2.343264368802,
    1.064979142851));
#6359 = CARTESIAN_POINT('',(11.498249511716,2.199078382187,
    1.064979142851));
#6360 = CARTESIAN_POINT('',(11.558048602565,2.054710606041,
    1.064979142851));
#6361 = CARTESIAN_POINT('',(11.617922993104,1.910161040364,
    1.064979142851));
#6362 = CARTESIAN_POINT('',(11.677872683331,1.765429685158,
    1.064979142851));
#6363 = CARTESIAN_POINT('',(11.737897673247,1.62051654042,1.064979142851
    ));
#6364 = CARTESIAN_POINT('',(11.797997962853,1.475421606152,
    1.064979142851));
#6365 = CARTESIAN_POINT('',(11.858173552147,1.330144882354,
    1.064979142851));
#6366 = CARTESIAN_POINT('',(11.858173552148,-1.330144882354,
    1.182962690499));
#6367 = CARTESIAN_POINT('',(11.797997962853,-1.475421606152,
    1.182962690499));
#6368 = CARTESIAN_POINT('',(11.737897673248,-1.62051654042,
    1.182962690499));
#6369 = CARTESIAN_POINT('',(11.677872683331,-1.765429685158,
    1.182962690499));
#6370 = CARTESIAN_POINT('',(11.617922993104,-1.910161040364,
    1.182962690499));
#6371 = CARTESIAN_POINT('',(11.558048602566,-2.054710606041,
    1.182962690499));
#6372 = CARTESIAN_POINT('',(11.498249511716,-2.199078382187,
    1.182962690499));
#6373 = CARTESIAN_POINT('',(11.438525720556,-2.343264368802,
    1.182962690499));
#6374 = CARTESIAN_POINT('',(11.378877229085,-2.487268565887,
    1.182962690499));
#6375 = CARTESIAN_POINT('',(11.319304037303,-2.631090973441,
    1.182962690499));
#6376 = CARTESIAN_POINT('',(11.259806145209,-2.774731591465,
    1.182962690499));
#6377 = CARTESIAN_POINT('',(11.200383552805,-2.918190419958,
    1.182962690499));
#6378 = CARTESIAN_POINT('',(9.748148332673,-6.424196384153,
    1.182962690499));
#6379 = CARTESIAN_POINT('',(6.66421819447,-9.146845966594,1.182962693243
    ));
#6380 = CARTESIAN_POINT('',(2.212607746913,-10.22547726763,
    1.182962654288));
#6381 = CARTESIAN_POINT('',(-2.560862992761,-8.822370396335,
    1.182962810543));
#6382 = CARTESIAN_POINT('',(-6.114950884122,-5.320768305575,
    1.182962465501));
#6383 = CARTESIAN_POINT('',(-7.896234145785,1.126920778916E-11,
    1.182962964519));
#6384 = CARTESIAN_POINT('',(-6.114950884124,5.320768305557,
    1.182962465501));
#6385 = CARTESIAN_POINT('',(-2.56086299276,8.822370396344,1.182962810543
    ));
#6386 = CARTESIAN_POINT('',(2.212607746914,10.225477267634,
    1.182962654288));
#6387 = CARTESIAN_POINT('',(6.664218194469,9.146845966595,1.182962693243
    ));
#6388 = CARTESIAN_POINT('',(9.748148332674,6.424196384153,1.182962690499
    ));
#6389 = CARTESIAN_POINT('',(11.200383552805,2.918190419958,
    1.182962690499));
#6390 = CARTESIAN_POINT('',(11.259806145209,2.774731591465,
    1.182962690499));
#6391 = CARTESIAN_POINT('',(11.319304037303,2.631090973441,
    1.182962690499));
#6392 = CARTESIAN_POINT('',(11.378877229085,2.487268565887,
    1.182962690499));
#6393 = CARTESIAN_POINT('',(11.438525720556,2.343264368802,
    1.182962690499));
#6394 = CARTESIAN_POINT('',(11.498249511716,2.199078382187,
    1.182962690499));
#6395 = CARTESIAN_POINT('',(11.558048602566,2.054710606041,
    1.182962690499));
#6396 = CARTESIAN_POINT('',(11.617922993104,1.910161040364,
    1.182962690499));
#6397 = CARTESIAN_POINT('',(11.677872683331,1.765429685158,
    1.182962690499));
#6398 = CARTESIAN_POINT('',(11.737897673248,1.62051654042,1.182962690499
    ));
#6399 = CARTESIAN_POINT('',(11.797997962853,1.475421606152,
    1.182962690499));
#6400 = CARTESIAN_POINT('',(11.858173552148,1.330144882354,
    1.182962690499));
#6401 = CARTESIAN_POINT('',(11.783921259308,-1.299388575622,
    1.269338405373));
#6402 = CARTESIAN_POINT('',(11.723149451513,-1.446104698211,
    1.269338405373));
#6403 = CARTESIAN_POINT('',(11.66256134677,-1.592377322399,
    1.269338405373));
#6404 = CARTESIAN_POINT('',(11.602156945081,-1.738206448185,
    1.269338405373));
#6405 = CARTESIAN_POINT('',(11.541936246444,-1.883592075569,
    1.269338405373));
#6406 = CARTESIAN_POINT('',(11.48189925086,-2.028534204552,
    1.269338405373));
#6407 = CARTESIAN_POINT('',(11.422045958329,-2.173032835133,
    1.269338405373));
#6408 = CARTESIAN_POINT('',(11.36237636885,-2.317087967313,
    1.269338405373));
#6409 = CARTESIAN_POINT('',(11.302890482425,-2.460699601092,
    1.269338405373));
#6410 = CARTESIAN_POINT('',(11.243588299052,-2.603867736468,
    1.269338405373));
#6411 = CARTESIAN_POINT('',(11.184469818732,-2.746592373443,
    1.269338405373));
#6412 = CARTESIAN_POINT('',(11.125535041465,-2.888873512017,
    1.269338405373));
#6413 = CARTESIAN_POINT('',(9.687889358043,-6.359657218821,
    1.269338405373));
#6414 = CARTESIAN_POINT('',(6.634887964771,-9.05514571701,1.269338398976
    ));
#6415 = CARTESIAN_POINT('',(2.227658189283,-10.1224557905,1.269338489796
    ));
#6416 = CARTESIAN_POINT('',(-2.496508910968,-8.733741237239,
    1.269338125503));
#6417 = CARTESIAN_POINT('',(-6.016722913412,-5.267650204176,
    1.269338929927));
#6418 = CARTESIAN_POINT('',(-7.778557237297,2.631228568362E-11,
    1.269337766527));
#6419 = CARTESIAN_POINT('',(-6.016722913411,5.267650204129,
    1.269338929927));
#6420 = CARTESIAN_POINT('',(-2.49650891097,8.733741237272,1.269338125504
    ));
#6421 = CARTESIAN_POINT('',(2.227658189285,10.122455790489,
    1.269338489796));
#6422 = CARTESIAN_POINT('',(6.634887964771,9.055145717016,1.269338398976
    ));
#6423 = CARTESIAN_POINT('',(9.687889358043,6.35965721882,1.269338405373)
  );
#6424 = CARTESIAN_POINT('',(11.125535041465,2.888873512017,
    1.269338405373));
#6425 = CARTESIAN_POINT('',(11.184469818732,2.746592373444,
    1.269338405373));
#6426 = CARTESIAN_POINT('',(11.243588299052,2.603867736468,
    1.269338405373));
#6427 = CARTESIAN_POINT('',(11.302890482425,2.460699601092,
    1.269338405373));
#6428 = CARTESIAN_POINT('',(11.36237636885,2.317087967313,1.269338405373
    ));
#6429 = CARTESIAN_POINT('',(11.422045958329,2.173032835134,
    1.269338405373));
#6430 = CARTESIAN_POINT('',(11.48189925086,2.028534204552,1.269338405373
    ));
#6431 = CARTESIAN_POINT('',(11.541936246444,1.883592075569,
    1.269338405373));
#6432 = CARTESIAN_POINT('',(11.60215694508,1.738206448185,1.269338405373
    ));
#6433 = CARTESIAN_POINT('',(11.66256134677,1.592377322399,1.269338405373
    ));
#6434 = CARTESIAN_POINT('',(11.723149451512,1.446104698211,
    1.269338405373));
#6435 = CARTESIAN_POINT('',(11.783921259308,1.299388575622,
    1.269338405373));
#6436 = ADVANCED_FACE('',(#6437),#6489,.T.);
#6437 = FACE_BOUND('',#6438,.T.);
#6438 = EDGE_LOOP('',(#6439,#6440,#6441,#6460,#6470));
#6439 = ORIENTED_EDGE('',*,*,#6241,.F.);
#6440 = ORIENTED_EDGE('',*,*,#6319,.T.);
#6441 = ORIENTED_EDGE('',*,*,#6442,.T.);
#6442 = EDGE_CURVE('',#6280,#6443,#6445,.T.);
#6443 = VERTEX_POINT('',#6444);
#6444 = CARTESIAN_POINT('',(11.665679526558,0.25,1.269338405373));
#6445 = B_SPLINE_CURVE_WITH_KNOTS('',5,(#6446,#6447,#6448,#6449,#6450,
    #6451,#6452,#6453,#6454,#6455,#6456,#6457,#6458,#6459),
  .UNSPECIFIED.,.F.,.F.,(6,4,4,6),(-0.38212309917,-4.28165546416E-07,
    6.283185735344,6.665307816687),.UNSPECIFIED.);
#6446 = CARTESIAN_POINT('',(10.92055195284,3.383746464902,1.269338405373
    ));
#6447 = CARTESIAN_POINT('',(10.950092181957,3.312430043078,
    1.269338405373));
#6448 = CARTESIAN_POINT('',(10.979485498038,3.241468300698,
    1.269338405373));
#6449 = CARTESIAN_POINT('',(11.008731901084,3.17086123776,1.269338405373
    ));
#6450 = CARTESIAN_POINT('',(11.037831391094,3.100608854265,
    1.269338405373));
#6451 = CARTESIAN_POINT('',(11.542846878889,1.881393613491,
    1.269338405373));
#6452 = CARTESIAN_POINT('',(11.793298869276,0.638611325814,
    1.269338405373));
#6453 = CARTESIAN_POINT('',(11.793300574775,-0.638607268283,
    1.269338405373));
#6454 = CARTESIAN_POINT('',(11.542847775584,-1.881391448677,
    1.269338405373));
#6455 = CARTESIAN_POINT('',(11.037831381238,-3.100608878061,
    1.269338405373));
#6456 = CARTESIAN_POINT('',(11.008731886299,-3.170861273454,
    1.269338405373));
#6457 = CARTESIAN_POINT('',(10.979485483253,-3.241468336392,
    1.269338405373));
#6458 = CARTESIAN_POINT('',(10.9500921721,-3.312430066875,1.269338405373
    ));
#6459 = CARTESIAN_POINT('',(10.92055195284,-3.383746464902,
    1.269338405373));
#6460 = ORIENTED_EDGE('',*,*,#6461,.T.);
#6461 = EDGE_CURVE('',#6443,#6462,#6464,.T.);
#6462 = VERTEX_POINT('',#6463);
#6463 = CARTESIAN_POINT('',(11.682989282198,0.25,1.249));
#6464 = B_SPLINE_CURVE_WITH_KNOTS('',4,(#6465,#6466,#6467,#6468,#6469),
  .UNSPECIFIED.,.F.,.F.,(5,5),(0.,1.),.PIECEWISE_BEZIER_KNOTS.);
#6465 = CARTESIAN_POINT('',(11.665679526558,0.25,1.269338405373));
#6466 = CARTESIAN_POINT('',(11.670196630658,0.25,1.264486180067));
#6467 = CARTESIAN_POINT('',(11.674595098571,0.25,1.259474792963));
#6468 = CARTESIAN_POINT('',(11.678863021867,0.25,1.2543100202));
#6469 = CARTESIAN_POINT('',(11.682989282198,0.25,1.249));
#6470 = ORIENTED_EDGE('',*,*,#6471,.T.);
#6471 = EDGE_CURVE('',#6462,#6182,#6472,.T.);
#6472 = B_SPLINE_CURVE_WITH_KNOTS('',8,(#6473,#6474,#6475,#6476,#6477,
    #6478,#6479,#6480,#6481,#6482,#6483,#6484,#6485,#6486,#6487,#6488),
  .UNSPECIFIED.,.F.,.F.,(9,7,9),(0.,0.551889758043,1.),.UNSPECIFIED.);
#6473 = CARTESIAN_POINT('',(11.682989282198,0.25,1.249));
#6474 = CARTESIAN_POINT('',(11.691585454633,0.2500000003,1.237937719542)
  );
#6475 = CARTESIAN_POINT('',(11.699633151651,0.249438352012,
    1.226385559551));
#6476 = CARTESIAN_POINT('',(11.707087965929,0.24822786257,1.214391985023
    ));
#6477 = CARTESIAN_POINT('',(11.71391033559,0.246283121145,1.202014600454
    ));
#6478 = CARTESIAN_POINT('',(11.720068313823,0.243520399637,
    1.189318750049));
#6479 = CARTESIAN_POINT('',(11.725539357515,0.23985867117,1.176375964103
    ));
#6480 = CARTESIAN_POINT('',(11.73031141547,0.235216058363,1.163261809852
    ));
#6481 = CARTESIAN_POINT('',(11.737690029195,0.22485160675,1.139327492256
    ));
#6482 = CARTESIAN_POINT('',(11.740533739273,0.219498619679,
    1.128543930831));
#6483 = CARTESIAN_POINT('',(11.742915928165,0.213385317479,1.11773956153
    ));
#6484 = CARTESIAN_POINT('',(11.744840566927,0.206451277019,
    1.106956092321));
#6485 = CARTESIAN_POINT('',(11.746315809703,0.198632900884,
    1.096238889117));
#6486 = CARTESIAN_POINT('',(11.747355538862,0.189836091441,
    1.085636613323));
#6487 = CARTESIAN_POINT('',(11.74797997124,0.179953682232,1.075199155219
    ));
#6488 = CARTESIAN_POINT('',(11.748216494738,0.168741837757,
    1.064979142851));
#6489 = ( BOUNDED_SURFACE() B_SPLINE_SURFACE(2,5,(
    (#6490,#6491,#6492,#6493,#6494,#6495,#6496,#6497,#6498,#6499,#6500
      ,#6501,#6502,#6503)
    ,(#6504,#6505,#6506,#6507,#6508,#6509,#6510,#6511,#6512,#6513,#6514
      ,#6515,#6516,#6517)
    ,(#6518,#6519,#6520,#6521,#6522,#6523,#6524,#6525,#6526,#6527,#6528
      ,#6529,#6530,#6531
)),.UNSPECIFIED.,.F.,.F.,.F.) B_SPLINE_SURFACE_WITH_KNOTS((3,3),(6,4,4,6
    ),(0.,6.283186163509),(-0.38212309917,-4.28165546416E-07,
    6.283185735344,6.665307816687),.UNSPECIFIED.) 
GEOMETRIC_REPRESENTATION_ITEM() RATIONAL_B_SPLINE_SURFACE((
    (1.,1.,1.,1.,1.,1.,1.,1.,1.,1.,1.,1.,1.,1.)
    ,(0.93061798229,0.93061798229,0.93061798229,0.93061798229
      ,0.93061798229,0.93061798229,0.93061798229,0.93061798229
      ,0.93061798229,0.93061798229,0.93061798229,0.93061798229
      ,0.93061798229,0.93061798229)
,(1.,1.,1.,1.,1.,1.,1.,1.,1.,1.,1.,1.,1.,1.
))) REPRESENTATION_ITEM('') SURFACE() );
#6490 = CARTESIAN_POINT('',(10.994804243843,3.414502775528,
    1.064979142851));
#6491 = CARTESIAN_POINT('',(11.024050655788,3.343895691214,
    1.064979142851));
#6492 = CARTESIAN_POINT('',(11.053297063302,3.273288617596,
    1.064979142851));
#6493 = CARTESIAN_POINT('',(11.082543466386,3.202681554674,
    1.064979142851));
#6494 = CARTESIAN_POINT('',(11.11178986504,3.132074502448,1.064979142851
    ));
#6495 = CARTESIAN_POINT('',(11.621930363327,1.900486393708,
    1.064979142851));
#6496 = CARTESIAN_POINT('',(11.874923987305,0.645092022978,
    1.064979142851));
#6497 = CARTESIAN_POINT('',(11.874925732041,-0.645087857169,
    1.064979142851));
#6498 = CARTESIAN_POINT('',(11.621931251104,-1.900484250426,
    1.064979142851));
#6499 = CARTESIAN_POINT('',(11.111789856179,-3.13207452384,
    1.064979142851));
#6500 = CARTESIAN_POINT('',(11.082543453095,-3.202681586762,
    1.064979142851));
#6501 = CARTESIAN_POINT('',(11.053297050011,-3.273288649684,
    1.064979142851));
#6502 = CARTESIAN_POINT('',(11.024050646927,-3.343895712606,
    1.064979142851));
#6503 = CARTESIAN_POINT('',(10.994804243843,-3.414502775528,
    1.064979142851));
#6504 = CARTESIAN_POINT('',(10.994804243843,3.414502775528,
    1.182962690499));
#6505 = CARTESIAN_POINT('',(11.024050655788,3.343895691214,
    1.182962690499));
#6506 = CARTESIAN_POINT('',(11.053297063302,3.273288617596,
    1.182962690499));
#6507 = CARTESIAN_POINT('',(11.082543466386,3.202681554674,
    1.182962690499));
#6508 = CARTESIAN_POINT('',(11.11178986504,3.132074502448,1.182962690499
    ));
#6509 = CARTESIAN_POINT('',(11.621930363327,1.900486393708,
    1.182962690499));
#6510 = CARTESIAN_POINT('',(11.874923987305,0.645092022978,
    1.182962690499));
#6511 = CARTESIAN_POINT('',(11.874925732041,-0.645087857169,
    1.182962690499));
#6512 = CARTESIAN_POINT('',(11.621931251104,-1.900484250426,
    1.182962690499));
#6513 = CARTESIAN_POINT('',(11.111789856179,-3.13207452384,
    1.182962690499));
#6514 = CARTESIAN_POINT('',(11.082543453095,-3.202681586762,
    1.182962690499));
#6515 = CARTESIAN_POINT('',(11.053297050011,-3.273288649684,
    1.182962690499));
#6516 = CARTESIAN_POINT('',(11.024050646927,-3.343895712606,
    1.182962690499));
#6517 = CARTESIAN_POINT('',(10.994804243843,-3.414502775528,
    1.182962690499));
#6518 = CARTESIAN_POINT('',(10.92055195284,3.383746464902,1.269338405373
    ));
#6519 = CARTESIAN_POINT('',(10.950092181957,3.312430043078,
    1.269338405373));
#6520 = CARTESIAN_POINT('',(10.979485498038,3.241468300698,
    1.269338405373));
#6521 = CARTESIAN_POINT('',(11.008731901084,3.17086123776,1.269338405373
    ));
#6522 = CARTESIAN_POINT('',(11.037831391094,3.100608854265,
    1.269338405373));
#6523 = CARTESIAN_POINT('',(11.542846878889,1.881393613491,
    1.269338405373));
#6524 = CARTESIAN_POINT('',(11.793298869276,0.638611325814,
    1.269338405373));
#6525 = CARTESIAN_POINT('',(11.793300574775,-0.638607268283,
    1.269338405373));
#6526 = CARTESIAN_POINT('',(11.542847775584,-1.881391448677,
    1.269338405373));
#6527 = CARTESIAN_POINT('',(11.037831381238,-3.100608878061,
    1.269338405373));
#6528 = CARTESIAN_POINT('',(11.008731886299,-3.170861273454,
    1.269338405373));
#6529 = CARTESIAN_POINT('',(10.979485483253,-3.241468336392,
    1.269338405373));
#6530 = CARTESIAN_POINT('',(10.9500921721,-3.312430066875,1.269338405373
    ));
#6531 = CARTESIAN_POINT('',(10.92055195284,-3.383746464902,
    1.269338405373));
#6532 = ADVANCED_FACE('',(#6533),#6555,.T.);
#6533 = FACE_BOUND('',#6534,.T.);
#6534 = EDGE_LOOP('',(#6535,#6536,#6537,#6538));
#6535 = ORIENTED_EDGE('',*,*,#6209,.F.);
#6536 = ORIENTED_EDGE('',*,*,#6200,.T.);
#6537 = ORIENTED_EDGE('',*,*,#6181,.F.);
#6538 = ORIENTED_EDGE('',*,*,#6539,.T.);
#6539 = EDGE_CURVE('',#6182,#6210,#6540,.T.);
#6540 = B_SPLINE_CURVE_WITH_KNOTS('',5,(#6541,#6542,#6543,#6544,#6545,
    #6546,#6547,#6548,#6549,#6550,#6551,#6552,#6553,#6554),
  .UNSPECIFIED.,.F.,.F.,(6,4,4,6),(-0.38212309917,-4.28165546416E-07,
    6.283185735344,6.665307816687),.UNSPECIFIED.);
#6541 = CARTESIAN_POINT('',(10.994804243843,3.414502775528,
    1.064979142851));
#6542 = CARTESIAN_POINT('',(11.024050655788,3.343895691214,
    1.064979142851));
#6543 = CARTESIAN_POINT('',(11.053297063302,3.273288617596,
    1.064979142851));
#6544 = CARTESIAN_POINT('',(11.082543466386,3.202681554674,
    1.064979142851));
#6545 = CARTESIAN_POINT('',(11.11178986504,3.132074502448,1.064979142851
    ));
#6546 = CARTESIAN_POINT('',(11.621930363327,1.900486393708,
    1.064979142851));
#6547 = CARTESIAN_POINT('',(11.874923987305,0.645092022978,
    1.064979142851));
#6548 = CARTESIAN_POINT('',(11.874925732041,-0.645087857169,
    1.064979142851));
#6549 = CARTESIAN_POINT('',(11.621931251104,-1.900484250426,
    1.064979142851));
#6550 = CARTESIAN_POINT('',(11.111789856179,-3.13207452384,
    1.064979142851));
#6551 = CARTESIAN_POINT('',(11.082543453095,-3.202681586762,
    1.064979142851));
#6552 = CARTESIAN_POINT('',(11.053297050011,-3.273288649684,
    1.064979142851));
#6553 = CARTESIAN_POINT('',(11.024050646927,-3.343895712606,
    1.064979142851));
#6554 = CARTESIAN_POINT('',(10.994804243843,-3.414502775528,
    1.064979142851));
#6555 = CYLINDRICAL_SURFACE('',#6556,8.);
#6556 = AXIS2_PLACEMENT_3D('',#6557,#6558,#6559);
#6557 = CARTESIAN_POINT('',(3.75,0.,0.2));
#6558 = DIRECTION('',(0.,0.,1.));
#6559 = DIRECTION('',(0.923879532511,0.382683432365,-0.));
#6560 = ADVANCED_FACE('',(#6561),#6613,.T.);
#6561 = FACE_BOUND('',#6562,.T.);
#6562 = EDGE_LOOP('',(#6563,#6564,#6585,#6595,#6612));
#6563 = ORIENTED_EDGE('',*,*,#6221,.F.);
#6564 = ORIENTED_EDGE('',*,*,#6565,.F.);
#6565 = EDGE_CURVE('',#6566,#6210,#6568,.T.);
#6566 = VERTEX_POINT('',#6567);
#6567 = CARTESIAN_POINT('',(11.682989333155,-0.25,1.249));
#6568 = B_SPLINE_CURVE_WITH_KNOTS('',8,(#6569,#6570,#6571,#6572,#6573,
    #6574,#6575,#6576,#6577,#6578,#6579,#6580,#6581,#6582,#6583,#6584),
  .UNSPECIFIED.,.F.,.F.,(9,7,9),(0.,0.551903471626,1.),.UNSPECIFIED.);
#6569 = CARTESIAN_POINT('',(11.682989333155,-0.25,1.249));
#6570 = CARTESIAN_POINT('',(11.69158571907,-0.250000000305,
    1.237937444685));
#6571 = CARTESIAN_POINT('',(11.699633601322,-0.249438324137,
    1.226384986632));
#6572 = CARTESIAN_POINT('',(11.707088572052,-0.248227772374,1.2143910909
    ));
#6573 = CARTESIAN_POINT('',(11.713911063331,-0.246282927959,
    1.20201337062));
#6574 = CARTESIAN_POINT('',(11.720069127279,-0.243520056575,
    1.189317173996));
#6575 = CARTESIAN_POINT('',(11.725540221441,-0.239858125447,
    1.176374034976));
#6576 = CARTESIAN_POINT('',(11.730312292594,-0.235215251121,
    1.163259529643));
#6577 = CARTESIAN_POINT('',(11.737690683566,-0.224850460248,
    1.139325182559));
#6578 = CARTESIAN_POINT('',(11.740534220802,-0.219497497239,
    1.128541947209));
#6579 = CARTESIAN_POINT('',(11.742916265518,-0.213384256772,
    1.117737911874));
#6580 = CARTESIAN_POINT('',(11.744840788992,-0.206450320164,
    1.106954780887));
#6581 = CARTESIAN_POINT('',(11.746315945118,-0.198632093654,
    1.096237916147));
#6582 = CARTESIAN_POINT('',(11.747355615322,-0.189835486791,
    1.085635974689));
#6583 = CARTESIAN_POINT('',(11.747980014754,-0.179953339091,
    1.075198842434));
#6584 = CARTESIAN_POINT('',(11.748216528778,-0.168741837757,
    1.064979142851));
#6585 = ORIENTED_EDGE('',*,*,#6586,.F.);
#6586 = EDGE_CURVE('',#6587,#6566,#6589,.T.);
#6587 = VERTEX_POINT('',#6588);
#6588 = CARTESIAN_POINT('',(11.665679577756,-0.25,1.269338405373));
#6589 = B_SPLINE_CURVE_WITH_KNOTS('',4,(#6590,#6591,#6592,#6593,#6594),
  .UNSPECIFIED.,.F.,.F.,(5,5),(0.,1.),.PIECEWISE_BEZIER_KNOTS.);
#6590 = CARTESIAN_POINT('',(11.665679577756,-0.25,1.269338405373));
#6591 = CARTESIAN_POINT('',(11.670196681793,-0.25,1.264486180067));
#6592 = CARTESIAN_POINT('',(11.674595149644,-0.25,1.259474792963));
#6593 = CARTESIAN_POINT('',(11.678863072881,-0.25,1.2543100202));
#6594 = CARTESIAN_POINT('',(11.682989333155,-0.25,1.249));
#6595 = ORIENTED_EDGE('',*,*,#6596,.T.);
#6596 = EDGE_CURVE('',#6587,#6267,#6597,.T.);
#6597 = B_SPLINE_CURVE_WITH_KNOTS('',5,(#6598,#6599,#6600,#6601,#6602,
    #6603,#6604,#6605,#6606,#6607,#6608,#6609,#6610,#6611),
  .UNSPECIFIED.,.F.,.F.,(6,4,4,6),(-0.38212309917,-4.28165546416E-07,
    6.283185735344,6.665307816687),.UNSPECIFIED.);
#6598 = CARTESIAN_POINT('',(10.92055195284,3.383746464902,1.269338405373
    ));
#6599 = CARTESIAN_POINT('',(10.950092181957,3.312430043078,
    1.269338405373));
#6600 = CARTESIAN_POINT('',(10.979485498038,3.241468300698,
    1.269338405373));
#6601 = CARTESIAN_POINT('',(11.008731901084,3.17086123776,1.269338405373
    ));
#6602 = CARTESIAN_POINT('',(11.037831391094,3.100608854265,
    1.269338405373));
#6603 = CARTESIAN_POINT('',(11.542846878889,1.881393613491,
    1.269338405373));
#6604 = CARTESIAN_POINT('',(11.793298869276,0.638611325814,
    1.269338405373));
#6605 = CARTESIAN_POINT('',(11.793300574775,-0.638607268283,
    1.269338405373));
#6606 = CARTESIAN_POINT('',(11.542847775584,-1.881391448677,
    1.269338405373));
#6607 = CARTESIAN_POINT('',(11.037831381238,-3.100608878061,
    1.269338405373));
#6608 = CARTESIAN_POINT('',(11.008731886299,-3.170861273454,
    1.269338405373));
#6609 = CARTESIAN_POINT('',(10.979485483253,-3.241468336392,
    1.269338405373));
#6610 = CARTESIAN_POINT('',(10.9500921721,-3.312430066875,1.269338405373
    ));
#6611 = CARTESIAN_POINT('',(10.92055195284,-3.383746464902,
    1.269338405373));
#6612 = ORIENTED_EDGE('',*,*,#6266,.F.);
#6613 = ( BOUNDED_SURFACE() B_SPLINE_SURFACE(2,5,(
    (#6614,#6615,#6616,#6617,#6618,#6619,#6620,#6621,#6622,#6623,#6624
      ,#6625,#6626,#6627)
    ,(#6628,#6629,#6630,#6631,#6632,#6633,#6634,#6635,#6636,#6637,#6638
      ,#6639,#6640,#6641)
    ,(#6642,#6643,#6644,#6645,#6646,#6647,#6648,#6649,#6650,#6651,#6652
      ,#6653,#6654,#6655
)),.UNSPECIFIED.,.F.,.F.,.F.) B_SPLINE_SURFACE_WITH_KNOTS((3,3),(6,4,4,6
    ),(0.,6.283186163509),(-0.38212309917,-4.28165546416E-07,
    6.283185735344,6.665307816687),.UNSPECIFIED.) 
GEOMETRIC_REPRESENTATION_ITEM() RATIONAL_B_SPLINE_SURFACE((
    (1.,1.,1.,1.,1.,1.,1.,1.,1.,1.,1.,1.,1.,1.)
    ,(0.93061798229,0.93061798229,0.93061798229,0.93061798229
      ,0.93061798229,0.93061798229,0.93061798229,0.93061798229
      ,0.93061798229,0.93061798229,0.93061798229,0.93061798229
      ,0.93061798229,0.93061798229)
,(1.,1.,1.,1.,1.,1.,1.,1.,1.,1.,1.,1.,1.,1.
))) REPRESENTATION_ITEM('') SURFACE() );
#6614 = CARTESIAN_POINT('',(10.994804243843,3.414502775528,
    1.064979142851));
#6615 = CARTESIAN_POINT('',(11.024050655788,3.343895691214,
    1.064979142851));
#6616 = CARTESIAN_POINT('',(11.053297063302,3.273288617596,
    1.064979142851));
#6617 = CARTESIAN_POINT('',(11.082543466386,3.202681554674,
    1.064979142851));
#6618 = CARTESIAN_POINT('',(11.11178986504,3.132074502448,1.064979142851
    ));
#6619 = CARTESIAN_POINT('',(11.621930363327,1.900486393708,
    1.064979142851));
#6620 = CARTESIAN_POINT('',(11.874923987305,0.645092022978,
    1.064979142851));
#6621 = CARTESIAN_POINT('',(11.874925732041,-0.645087857169,
    1.064979142851));
#6622 = CARTESIAN_POINT('',(11.621931251104,-1.900484250426,
    1.064979142851));
#6623 = CARTESIAN_POINT('',(11.111789856179,-3.13207452384,
    1.064979142851));
#6624 = CARTESIAN_POINT('',(11.082543453095,-3.202681586762,
    1.064979142851));
#6625 = CARTESIAN_POINT('',(11.053297050011,-3.273288649684,
    1.064979142851));
#6626 = CARTESIAN_POINT('',(11.024050646927,-3.343895712606,
    1.064979142851));
#6627 = CARTESIAN_POINT('',(10.994804243843,-3.414502775528,
    1.064979142851));
#6628 = CARTESIAN_POINT('',(10.994804243843,3.414502775528,
    1.182962690499));
#6629 = CARTESIAN_POINT('',(11.024050655788,3.343895691214,
    1.182962690499));
#6630 = CARTESIAN_POINT('',(11.053297063302,3.273288617596,
    1.182962690499));
#6631 = CARTESIAN_POINT('',(11.082543466386,3.202681554674,
    1.182962690499));
#6632 = CARTESIAN_POINT('',(11.11178986504,3.132074502448,1.182962690499
    ));
#6633 = CARTESIAN_POINT('',(11.621930363327,1.900486393708,
    1.182962690499));
#6634 = CARTESIAN_POINT('',(11.874923987305,0.645092022978,
    1.182962690499));
#6635 = CARTESIAN_POINT('',(11.874925732041,-0.645087857169,
    1.182962690499));
#6636 = CARTESIAN_POINT('',(11.621931251104,-1.900484250426,
    1.182962690499));
#6637 = CARTESIAN_POINT('',(11.111789856179,-3.13207452384,
    1.182962690499));
#6638 = CARTESIAN_POINT('',(11.082543453095,-3.202681586762,
    1.182962690499));
#6639 = CARTESIAN_POINT('',(11.053297050011,-3.273288649684,
    1.182962690499));
#6640 = CARTESIAN_POINT('',(11.024050646927,-3.343895712606,
    1.182962690499));
#6641 = CARTESIAN_POINT('',(10.994804243843,-3.414502775528,
    1.182962690499));
#6642 = CARTESIAN_POINT('',(10.92055195284,3.383746464902,1.269338405373
    ));
#6643 = CARTESIAN_POINT('',(10.950092181957,3.312430043078,
    1.269338405373));
#6644 = CARTESIAN_POINT('',(10.979485498038,3.241468300698,
    1.269338405373));
#6645 = CARTESIAN_POINT('',(11.008731901084,3.17086123776,1.269338405373
    ));
#6646 = CARTESIAN_POINT('',(11.037831391094,3.100608854265,
    1.269338405373));
#6647 = CARTESIAN_POINT('',(11.542846878889,1.881393613491,
    1.269338405373));
#6648 = CARTESIAN_POINT('',(11.793298869276,0.638611325814,
    1.269338405373));
#6649 = CARTESIAN_POINT('',(11.793300574775,-0.638607268283,
    1.269338405373));
#6650 = CARTESIAN_POINT('',(11.542847775584,-1.881391448677,
    1.269338405373));
#6651 = CARTESIAN_POINT('',(11.037831381238,-3.100608878061,
    1.269338405373));
#6652 = CARTESIAN_POINT('',(11.008731886299,-3.170861273454,
    1.269338405373));
#6653 = CARTESIAN_POINT('',(10.979485483253,-3.241468336392,
    1.269338405373));
#6654 = CARTESIAN_POINT('',(10.9500921721,-3.312430066875,1.269338405373
    ));
#6655 = CARTESIAN_POINT('',(10.92055195284,-3.383746464902,
    1.269338405373));
#6656 = ADVANCED_FACE('',(#6657),#6716,.F.);
#6657 = FACE_BOUND('',#6658,.F.);
#6658 = EDGE_LOOP('',(#6659,#6668,#6669,#6678));
#6659 = ORIENTED_EDGE('',*,*,#6660,.F.);
#6660 = EDGE_CURVE('',#6267,#6661,#6663,.T.);
#6661 = VERTEX_POINT('',#6662);
#6662 = CARTESIAN_POINT('',(11.066783967251,-3.030711152189,
    1.930661594627));
#6663 = CIRCLE('',#6664,0.485412195974);
#6664 = AXIS2_PLACEMENT_3D('',#6665,#6666,#6667);
#6665 = CARTESIAN_POINT('',(11.395103131531,-3.166705402821,1.6));
#6666 = DIRECTION('',(0.382683432365,0.923879532511,2.775557561563E-17)
  );
#6667 = DIRECTION('',(-0.523404384043,0.216801194476,-0.824041924199));
#6668 = ORIENTED_EDGE('',*,*,#6279,.T.);
#6669 = ORIENTED_EDGE('',*,*,#6670,.T.);
#6670 = EDGE_CURVE('',#6280,#6671,#6673,.T.);
#6671 = VERTEX_POINT('',#6672);
#6672 = CARTESIAN_POINT('',(11.066783967251,3.030711152189,
    1.930661594627));
#6673 = CIRCLE('',#6674,0.485412195974);
#6674 = AXIS2_PLACEMENT_3D('',#6675,#6676,#6677);
#6675 = CARTESIAN_POINT('',(11.395103131531,3.166705402821,1.6));
#6676 = DIRECTION('',(-0.382683432365,0.923879532511,-2.775557561563E-17
    ));
#6677 = DIRECTION('',(-0.523404384043,-0.216801194476,-0.824041924199));
#6678 = ORIENTED_EDGE('',*,*,#6679,.F.);
#6679 = EDGE_CURVE('',#6661,#6671,#6680,.T.);
#6680 = B_SPLINE_CURVE_WITH_KNOTS('',12,(#6681,#6682,#6683,#6684,#6685,
    #6686,#6687,#6688,#6689,#6690,#6691,#6692,#6693,#6694,#6695,#6696,
    #6697,#6698,#6699,#6700,#6701,#6702,#6703,#6704,#6705,#6706,#6707,
    #6708,#6709,#6710,#6711,#6712,#6713,#6714,#6715),.UNSPECIFIED.,.F.,
  .F.,(13,11,11,13),(-1.873970053066,-1.058222959368E-15,43.982297150256
    ,45.856267203322),.UNSPECIFIED.);
#6681 = CARTESIAN_POINT('',(11.783921259308,-1.299388575622,
    1.930661594627));
#6682 = CARTESIAN_POINT('',(11.723149451513,-1.446104698211,
    1.930661594627));
#6683 = CARTESIAN_POINT('',(11.66256134677,-1.592377322399,
    1.930661594627));
#6684 = CARTESIAN_POINT('',(11.602156945081,-1.738206448185,
    1.930661594627));
#6685 = CARTESIAN_POINT('',(11.541936246444,-1.883592075569,
    1.930661594627));
#6686 = CARTESIAN_POINT('',(11.48189925086,-2.028534204552,
    1.930661594627));
#6687 = CARTESIAN_POINT('',(11.422045958329,-2.173032835134,
    1.930661594627));
#6688 = CARTESIAN_POINT('',(11.36237636885,-2.317087967313,
    1.930661594627));
#6689 = CARTESIAN_POINT('',(11.302890482425,-2.460699601092,
    1.930661594627));
#6690 = CARTESIAN_POINT('',(11.243588299052,-2.603867736468,
    1.930661594627));
#6691 = CARTESIAN_POINT('',(11.184469818732,-2.746592373444,
    1.930661594627));
#6692 = CARTESIAN_POINT('',(11.125535041465,-2.888873512017,
    1.930661594627));
#6693 = CARTESIAN_POINT('',(9.687889358043,-6.35965721882,1.930661594627
    ));
#6694 = CARTESIAN_POINT('',(6.634887964773,-9.055145717013,
    1.930661601023));
#6695 = CARTESIAN_POINT('',(2.227658189279,-10.12245579049,
    1.930661510207));
#6696 = CARTESIAN_POINT('',(-2.496508910961,-8.733741237252,
    1.930661874491));
#6697 = CARTESIAN_POINT('',(-6.016722913422,-5.267650204157,
    1.93066107008));
#6698 = CARTESIAN_POINT('',(-7.778557237288,5.393907542839E-12,
    1.930662233465));
#6699 = CARTESIAN_POINT('',(-6.016722913418,5.267650204147,1.93066107008
    ));
#6700 = CARTESIAN_POINT('',(-2.496508910966,8.733741237259,
    1.930661874492));
#6701 = CARTESIAN_POINT('',(2.227658189282,10.122455790496,
    1.930661510206));
#6702 = CARTESIAN_POINT('',(6.634887964772,9.055145717014,1.930661601024
    ));
#6703 = CARTESIAN_POINT('',(9.687889358043,6.35965721882,1.930661594627)
  );
#6704 = CARTESIAN_POINT('',(11.125535041465,2.888873512017,
    1.930661594627));
#6705 = CARTESIAN_POINT('',(11.184469818732,2.746592373444,
    1.930661594627));
#6706 = CARTESIAN_POINT('',(11.243588299052,2.603867736468,
    1.930661594627));
#6707 = CARTESIAN_POINT('',(11.302890482425,2.460699601092,
    1.930661594627));
#6708 = CARTESIAN_POINT('',(11.36237636885,2.317087967313,1.930661594627
    ));
#6709 = CARTESIAN_POINT('',(11.422045958329,2.173032835134,
    1.930661594627));
#6710 = CARTESIAN_POINT('',(11.48189925086,2.028534204552,1.930661594627
    ));
#6711 = CARTESIAN_POINT('',(11.541936246444,1.883592075569,
    1.930661594627));
#6712 = CARTESIAN_POINT('',(11.60215694508,1.738206448185,1.930661594627
    ));
#6713 = CARTESIAN_POINT('',(11.66256134677,1.592377322399,1.930661594627
    ));
#6714 = CARTESIAN_POINT('',(11.723149451512,1.446104698211,
    1.930661594627));
#6715 = CARTESIAN_POINT('',(11.783921259308,1.299388575622,
    1.930661594627));
#6716 = SURFACE_OF_REVOLUTION('',#6717,#6722);
#6717 = CIRCLE('',#6718,0.485412195974);
#6718 = AXIS2_PLACEMENT_3D('',#6719,#6720,#6721);
#6719 = CARTESIAN_POINT('',(11.395103131531,-3.166705402821,1.6));
#6720 = DIRECTION('',(0.382683432365,0.923879532511,0.));
#6721 = DIRECTION('',(-0.523404384043,0.216801194476,-0.824041924199));
#6722 = AXIS1_PLACEMENT('',#6723,#6724);
#6723 = CARTESIAN_POINT('',(3.75,0.,0.));
#6724 = DIRECTION('',(0.,0.,-1.));
#6725 = ADVANCED_FACE('',(#6726),#6750,.T.);
#6726 = FACE_BOUND('',#6727,.T.);
#6727 = EDGE_LOOP('',(#6728,#6729,#6730,#6731,#6748,#6749));
#6728 = ORIENTED_EDGE('',*,*,#6539,.F.);
#6729 = ORIENTED_EDGE('',*,*,#6471,.F.);
#6730 = ORIENTED_EDGE('',*,*,#6461,.F.);
#6731 = ORIENTED_EDGE('',*,*,#6732,.T.);
#6732 = EDGE_CURVE('',#6443,#6587,#6733,.T.);
#6733 = B_SPLINE_CURVE_WITH_KNOTS('',5,(#6734,#6735,#6736,#6737,#6738,
    #6739,#6740,#6741,#6742,#6743,#6744,#6745,#6746,#6747),
  .UNSPECIFIED.,.F.,.F.,(6,4,4,6),(-0.38212309917,-4.28165546416E-07,
    6.283185735344,6.665307816687),.UNSPECIFIED.);
#6734 = CARTESIAN_POINT('',(10.92055195284,3.383746464902,1.269338405373
    ));
#6735 = CARTESIAN_POINT('',(10.950092181957,3.312430043078,
    1.269338405373));
#6736 = CARTESIAN_POINT('',(10.979485498038,3.241468300698,
    1.269338405373));
#6737 = CARTESIAN_POINT('',(11.008731901084,3.17086123776,1.269338405373
    ));
#6738 = CARTESIAN_POINT('',(11.037831391094,3.100608854265,
    1.269338405373));
#6739 = CARTESIAN_POINT('',(11.542846878889,1.881393613491,
    1.269338405373));
#6740 = CARTESIAN_POINT('',(11.793298869276,0.638611325814,
    1.269338405373));
#6741 = CARTESIAN_POINT('',(11.793300574775,-0.638607268283,
    1.269338405373));
#6742 = CARTESIAN_POINT('',(11.542847775584,-1.881391448677,
    1.269338405373));
#6743 = CARTESIAN_POINT('',(11.037831381238,-3.100608878061,
    1.269338405373));
#6744 = CARTESIAN_POINT('',(11.008731886299,-3.170861273454,
    1.269338405373));
#6745 = CARTESIAN_POINT('',(10.979485483253,-3.241468336392,
    1.269338405373));
#6746 = CARTESIAN_POINT('',(10.9500921721,-3.312430066875,1.269338405373
    ));
#6747 = CARTESIAN_POINT('',(10.92055195284,-3.383746464902,
    1.269338405373));
#6748 = ORIENTED_EDGE('',*,*,#6586,.T.);
#6749 = ORIENTED_EDGE('',*,*,#6565,.T.);
#6750 = ( BOUNDED_SURFACE() B_SPLINE_SURFACE(2,5,(
    (#6751,#6752,#6753,#6754,#6755,#6756,#6757,#6758,#6759,#6760,#6761
      ,#6762,#6763,#6764)
    ,(#6765,#6766,#6767,#6768,#6769,#6770,#6771,#6772,#6773,#6774,#6775
      ,#6776,#6777,#6778)
    ,(#6779,#6780,#6781,#6782,#6783,#6784,#6785,#6786,#6787,#6788,#6789
      ,#6790,#6791,#6792
)),.UNSPECIFIED.,.F.,.F.,.F.) B_SPLINE_SURFACE_WITH_KNOTS((3,3),(6,4,4,6
    ),(0.,6.283186163509),(-0.38212309917,-4.28165546416E-07,
    6.283185735344,6.665307816687),.UNSPECIFIED.) 
GEOMETRIC_REPRESENTATION_ITEM() RATIONAL_B_SPLINE_SURFACE((
    (1.,1.,1.,1.,1.,1.,1.,1.,1.,1.,1.,1.,1.,1.)
    ,(0.93061798229,0.93061798229,0.93061798229,0.93061798229
      ,0.93061798229,0.93061798229,0.93061798229,0.93061798229
      ,0.93061798229,0.93061798229,0.93061798229,0.93061798229
      ,0.93061798229,0.93061798229)
,(1.,1.,1.,1.,1.,1.,1.,1.,1.,1.,1.,1.,1.,1.
))) REPRESENTATION_ITEM('') SURFACE() );
#6751 = CARTESIAN_POINT('',(10.994804243843,3.414502775528,
    1.064979142851));
#6752 = CARTESIAN_POINT('',(11.024050655788,3.343895691214,
    1.064979142851));
#6753 = CARTESIAN_POINT('',(11.053297063302,3.273288617596,
    1.064979142851));
#6754 = CARTESIAN_POINT('',(11.082543466386,3.202681554674,
    1.064979142851));
#6755 = CARTESIAN_POINT('',(11.11178986504,3.132074502448,1.064979142851
    ));
#6756 = CARTESIAN_POINT('',(11.621930363327,1.900486393708,
    1.064979142851));
#6757 = CARTESIAN_POINT('',(11.874923987305,0.645092022978,
    1.064979142851));
#6758 = CARTESIAN_POINT('',(11.874925732041,-0.645087857169,
    1.064979142851));
#6759 = CARTESIAN_POINT('',(11.621931251104,-1.900484250426,
    1.064979142851));
#6760 = CARTESIAN_POINT('',(11.111789856179,-3.13207452384,
    1.064979142851));
#6761 = CARTESIAN_POINT('',(11.082543453095,-3.202681586762,
    1.064979142851));
#6762 = CARTESIAN_POINT('',(11.053297050011,-3.273288649684,
    1.064979142851));
#6763 = CARTESIAN_POINT('',(11.024050646927,-3.343895712606,
    1.064979142851));
#6764 = CARTESIAN_POINT('',(10.994804243843,-3.414502775528,
    1.064979142851));
#6765 = CARTESIAN_POINT('',(10.994804243843,3.414502775528,
    1.182962690499));
#6766 = CARTESIAN_POINT('',(11.024050655788,3.343895691214,
    1.182962690499));
#6767 = CARTESIAN_POINT('',(11.053297063302,3.273288617596,
    1.182962690499));
#6768 = CARTESIAN_POINT('',(11.082543466386,3.202681554674,
    1.182962690499));
#6769 = CARTESIAN_POINT('',(11.11178986504,3.132074502448,1.182962690499
    ));
#6770 = CARTESIAN_POINT('',(11.621930363327,1.900486393708,
    1.182962690499));
#6771 = CARTESIAN_POINT('',(11.874923987305,0.645092022978,
    1.182962690499));
#6772 = CARTESIAN_POINT('',(11.874925732041,-0.645087857169,
    1.182962690499));
#6773 = CARTESIAN_POINT('',(11.621931251104,-1.900484250426,
    1.182962690499));
#6774 = CARTESIAN_POINT('',(11.111789856179,-3.13207452384,
    1.182962690499));
#6775 = CARTESIAN_POINT('',(11.082543453095,-3.202681586762,
    1.182962690499));
#6776 = CARTESIAN_POINT('',(11.053297050011,-3.273288649684,
    1.182962690499));
#6777 = CARTESIAN_POINT('',(11.024050646927,-3.343895712606,
    1.182962690499));
#6778 = CARTESIAN_POINT('',(10.994804243843,-3.414502775528,
    1.182962690499));
#6779 = CARTESIAN_POINT('',(10.92055195284,3.383746464902,1.269338405373
    ));
#6780 = CARTESIAN_POINT('',(10.950092181957,3.312430043078,
    1.269338405373));
#6781 = CARTESIAN_POINT('',(10.979485498038,3.241468300698,
    1.269338405373));
#6782 = CARTESIAN_POINT('',(11.008731901084,3.17086123776,1.269338405373
    ));
#6783 = CARTESIAN_POINT('',(11.037831391094,3.100608854265,
    1.269338405373));
#6784 = CARTESIAN_POINT('',(11.542846878889,1.881393613491,
    1.269338405373));
#6785 = CARTESIAN_POINT('',(11.793298869276,0.638611325814,
    1.269338405373));
#6786 = CARTESIAN_POINT('',(11.793300574775,-0.638607268283,
    1.269338405373));
#6787 = CARTESIAN_POINT('',(11.542847775584,-1.881391448677,
    1.269338405373));
#6788 = CARTESIAN_POINT('',(11.037831381238,-3.100608878061,
    1.269338405373));
#6789 = CARTESIAN_POINT('',(11.008731886299,-3.170861273454,
    1.269338405373));
#6790 = CARTESIAN_POINT('',(10.979485483253,-3.241468336392,
    1.269338405373));
#6791 = CARTESIAN_POINT('',(10.9500921721,-3.312430066875,1.269338405373
    ));
#6792 = CARTESIAN_POINT('',(10.92055195284,-3.383746464902,
    1.269338405373));
#6793 = ADVANCED_FACE('',(#6794),#6838,.F.);
#6794 = FACE_BOUND('',#6795,.F.);
#6795 = EDGE_LOOP('',(#6796,#6815,#6816,#6817));
#6796 = ORIENTED_EDGE('',*,*,#6797,.F.);
#6797 = EDGE_CURVE('',#6671,#6798,#6800,.T.);
#6798 = VERTEX_POINT('',#6799);
#6799 = CARTESIAN_POINT('',(11.665679526558,0.25,1.930661594627));
#6800 = B_SPLINE_CURVE_WITH_KNOTS('',5,(#6801,#6802,#6803,#6804,#6805,
    #6806,#6807,#6808,#6809,#6810,#6811,#6812,#6813,#6814),
  .UNSPECIFIED.,.F.,.F.,(6,4,4,6),(-0.38212309917,-4.281655465086E-07,
    6.283185735344,6.665307816687),.UNSPECIFIED.);
#6801 = CARTESIAN_POINT('',(10.92055195284,3.383746464902,1.930661594627
    ));
#6802 = CARTESIAN_POINT('',(10.950092181957,3.312430043078,
    1.930661594627));
#6803 = CARTESIAN_POINT('',(10.979485498038,3.241468300698,
    1.930661594627));
#6804 = CARTESIAN_POINT('',(11.008731901084,3.17086123776,1.930661594627
    ));
#6805 = CARTESIAN_POINT('',(11.037831391094,3.100608854265,
    1.930661594627));
#6806 = CARTESIAN_POINT('',(11.542846878889,1.881393613491,
    1.930661594627));
#6807 = CARTESIAN_POINT('',(11.793298869276,0.638611325814,
    1.930661594627));
#6808 = CARTESIAN_POINT('',(11.793300574775,-0.638607268283,
    1.930661594627));
#6809 = CARTESIAN_POINT('',(11.542847775584,-1.881391448677,
    1.930661594627));
#6810 = CARTESIAN_POINT('',(11.037831381238,-3.100608878061,
    1.930661594627));
#6811 = CARTESIAN_POINT('',(11.008731886299,-3.170861273454,
    1.930661594627));
#6812 = CARTESIAN_POINT('',(10.979485483253,-3.241468336392,
    1.930661594627));
#6813 = CARTESIAN_POINT('',(10.9500921721,-3.312430066875,1.930661594627
    ));
#6814 = CARTESIAN_POINT('',(10.92055195284,-3.383746464902,
    1.930661594627));
#6815 = ORIENTED_EDGE('',*,*,#6670,.F.);
#6816 = ORIENTED_EDGE('',*,*,#6442,.T.);
#6817 = ORIENTED_EDGE('',*,*,#6818,.T.);
#6818 = EDGE_CURVE('',#6443,#6798,#6819,.T.);
#6819 = B_SPLINE_CURVE_WITH_KNOTS('',5,(#6820,#6821,#6822,#6823,#6824,
    #6825,#6826,#6827,#6828,#6829,#6830,#6831,#6832,#6833,#6834,#6835,
    #6836,#6837),.UNSPECIFIED.,.F.,.F.,(6,4,4,4,6),(0.,0.250005042687,
    0.499000038057,0.751628861734,1.),.UNSPECIFIED.);
#6820 = CARTESIAN_POINT('',(11.665683220915,0.25,1.269338192151));
#6821 = CARTESIAN_POINT('',(11.640891909866,0.25,1.295968715368));
#6822 = CARTESIAN_POINT('',(11.618595613161,0.25,1.324921030875));
#6823 = CARTESIAN_POINT('',(11.599085516285,0.25,1.355882907776));
#6824 = CARTESIAN_POINT('',(11.58259191278,0.25,1.388489302899));
#6825 = CARTESIAN_POINT('',(11.556004343263,0.25,1.456059657791));
#6826 = CARTESIAN_POINT('',(11.545884477747,0.25,1.491014349792));
#6827 = CARTESIAN_POINT('',(11.539066362268,0.25,1.526814470806));
#6828 = CARTESIAN_POINT('',(11.53562988172,0.25,1.563041146858));
#6829 = CARTESIAN_POINT('',(11.535520426118,0.25,1.636032546285));
#6830 = CARTESIAN_POINT('',(11.538946888483,0.25,1.672798298708));
#6831 = CARTESIAN_POINT('',(11.54585572897,0.25,1.709129032172));
#6832 = CARTESIAN_POINT('',(11.556163600636,0.25,1.744587067627));
#6833 = CARTESIAN_POINT('',(11.583023863133,0.25,1.81236267398));
#6834 = CARTESIAN_POINT('',(11.599468401276,0.25,1.844723895855));
#6835 = CARTESIAN_POINT('',(11.618887159687,0.25,1.875457311354));
#6836 = CARTESIAN_POINT('',(11.641053933213,0.25,1.90420532813));
#6837 = CARTESIAN_POINT('',(11.665683220915,0.25,1.930661807849));
#6838 = SURFACE_OF_REVOLUTION('',#6839,#6844);
#6839 = CIRCLE('',#6840,0.485412195974);
#6840 = AXIS2_PLACEMENT_3D('',#6841,#6842,#6843);
#6841 = CARTESIAN_POINT('',(11.395103131531,3.166705402821,1.6));
#6842 = DIRECTION('',(-0.382683432365,0.923879532511,0.));
#6843 = DIRECTION('',(-0.523404384043,-0.216801194476,-0.824041924199));
#6844 = AXIS1_PLACEMENT('',#6845,#6846);
#6845 = CARTESIAN_POINT('',(3.75,0.,0.));
#6846 = DIRECTION('',(0.,0.,-1.));
#6847 = ADVANCED_FACE('',(#6848),#6892,.F.);
#6848 = FACE_BOUND('',#6849,.F.);
#6849 = EDGE_LOOP('',(#6850,#6873,#6874,#6875));
#6850 = ORIENTED_EDGE('',*,*,#6851,.F.);
#6851 = EDGE_CURVE('',#6587,#6852,#6854,.T.);
#6852 = VERTEX_POINT('',#6853);
#6853 = CARTESIAN_POINT('',(11.665679577756,-0.25,1.930661594627));
#6854 = B_SPLINE_CURVE_WITH_KNOTS('',5,(#6855,#6856,#6857,#6858,#6859,
    #6860,#6861,#6862,#6863,#6864,#6865,#6866,#6867,#6868,#6869,#6870,
    #6871,#6872),.UNSPECIFIED.,.F.,.F.,(6,4,4,4,6),(0.,0.250005042687,
    0.499000038056,0.751628861723,1.),.UNSPECIFIED.);
#6855 = CARTESIAN_POINT('',(11.665683220915,-0.25,1.269338192151));
#6856 = CARTESIAN_POINT('',(11.640891909866,-0.25,1.295968715368));
#6857 = CARTESIAN_POINT('',(11.618595613161,-0.25,1.324921030875));
#6858 = CARTESIAN_POINT('',(11.599085516285,-0.25,1.355882907776));
#6859 = CARTESIAN_POINT('',(11.58259191278,-0.25,1.388489302899));
#6860 = CARTESIAN_POINT('',(11.556004343263,-0.25,1.456059657791));
#6861 = CARTESIAN_POINT('',(11.545884477747,-0.25,1.491014349792));
#6862 = CARTESIAN_POINT('',(11.539066362268,-0.25,1.526814470806));
#6863 = CARTESIAN_POINT('',(11.53562988172,-0.25,1.563041146858));
#6864 = CARTESIAN_POINT('',(11.535520426118,-0.25,1.636032546284));
#6865 = CARTESIAN_POINT('',(11.538946888483,-0.25,1.672798298705));
#6866 = CARTESIAN_POINT('',(11.545855728969,-0.25,1.709129032167));
#6867 = CARTESIAN_POINT('',(11.556163600634,-0.25,1.744587067621));
#6868 = CARTESIAN_POINT('',(11.58302386313,-0.25,1.812362673975));
#6869 = CARTESIAN_POINT('',(11.599468401273,-0.25,1.844723895851));
#6870 = CARTESIAN_POINT('',(11.618887159685,-0.25,1.875457311351));
#6871 = CARTESIAN_POINT('',(11.641053933212,-0.25,1.904205328128));
#6872 = CARTESIAN_POINT('',(11.665683220915,-0.25,1.930661807849));
#6873 = ORIENTED_EDGE('',*,*,#6596,.T.);
#6874 = ORIENTED_EDGE('',*,*,#6660,.T.);
#6875 = ORIENTED_EDGE('',*,*,#6876,.F.);
#6876 = EDGE_CURVE('',#6852,#6661,#6877,.T.);
#6877 = B_SPLINE_CURVE_WITH_KNOTS('',5,(#6878,#6879,#6880,#6881,#6882,
    #6883,#6884,#6885,#6886,#6887,#6888,#6889,#6890,#6891),
  .UNSPECIFIED.,.F.,.F.,(6,4,4,6),(-0.38212309917,-4.281655465086E-07,
    6.283185735344,6.665307816687),.UNSPECIFIED.);
#6878 = CARTESIAN_POINT('',(10.92055195284,3.383746464902,1.930661594627
    ));
#6879 = CARTESIAN_POINT('',(10.950092181957,3.312430043078,
    1.930661594627));
#6880 = CARTESIAN_POINT('',(10.979485498038,3.241468300698,
    1.930661594627));
#6881 = CARTESIAN_POINT('',(11.008731901084,3.17086123776,1.930661594627
    ));
#6882 = CARTESIAN_POINT('',(11.037831391094,3.100608854265,
    1.930661594627));
#6883 = CARTESIAN_POINT('',(11.542846878889,1.881393613491,
    1.930661594627));
#6884 = CARTESIAN_POINT('',(11.793298869276,0.638611325814,
    1.930661594627));
#6885 = CARTESIAN_POINT('',(11.793300574775,-0.638607268283,
    1.930661594627));
#6886 = CARTESIAN_POINT('',(11.542847775584,-1.881391448677,
    1.930661594627));
#6887 = CARTESIAN_POINT('',(11.037831381238,-3.100608878061,
    1.930661594627));
#6888 = CARTESIAN_POINT('',(11.008731886299,-3.170861273454,
    1.930661594627));
#6889 = CARTESIAN_POINT('',(10.979485483253,-3.241468336392,
    1.930661594627));
#6890 = CARTESIAN_POINT('',(10.9500921721,-3.312430066875,1.930661594627
    ));
#6891 = CARTESIAN_POINT('',(10.92055195284,-3.383746464902,
    1.930661594627));
#6892 = SURFACE_OF_REVOLUTION('',#6893,#6898);
#6893 = CIRCLE('',#6894,0.485412195974);
#6894 = AXIS2_PLACEMENT_3D('',#6895,#6896,#6897);
#6895 = CARTESIAN_POINT('',(11.395103131531,3.166705402821,1.6));
#6896 = DIRECTION('',(-0.382683432365,0.923879532511,0.));
#6897 = DIRECTION('',(-0.523404384043,-0.216801194476,-0.824041924199));
#6898 = AXIS1_PLACEMENT('',#6899,#6900);
#6899 = CARTESIAN_POINT('',(3.75,0.,0.));
#6900 = DIRECTION('',(0.,0.,-1.));
#6901 = ADVANCED_FACE('',(#6902),#6969,.T.);
#6902 = FACE_BOUND('',#6903,.T.);
#6903 = EDGE_LOOP('',(#6904,#6917,#6957,#6968));
#6904 = ORIENTED_EDGE('',*,*,#6905,.T.);
#6905 = EDGE_CURVE('',#6661,#6906,#6908,.T.);
#6906 = VERTEX_POINT('',#6907);
#6907 = CARTESIAN_POINT('',(11.14103626009,-3.061467458921,
    2.135020857149));
#6908 = B_SPLINE_CURVE_WITH_KNOTS('',7,(#6909,#6910,#6911,#6912,#6913,
    #6914,#6915,#6916),.UNSPECIFIED.,.F.,.F.,(8,8),(0.,1.),
  .PIECEWISE_BEZIER_KNOTS.);
#6909 = CARTESIAN_POINT('',(11.066783967251,-3.030711152189,
    1.930661594627));
#6910 = CARTESIAN_POINT('',(11.086529338691,-3.038889952834,
    1.953630859468));
#6911 = CARTESIAN_POINT('',(11.104139521156,-3.046184329247,
    1.979736535656));
#6912 = CARTESIAN_POINT('',(11.118893129239,-3.052295473809,
    2.008600469417));
#6913 = CARTESIAN_POINT('',(11.13013496019,-3.056951992655,
    2.039540554828));
#6914 = CARTESIAN_POINT('',(11.13749920575,-3.060002363042,
    2.071550004048));
#6915 = CARTESIAN_POINT('',(11.141036260042,-3.061467458901,
    2.103646351565));
#6916 = CARTESIAN_POINT('',(11.14103626009,-3.061467458921,
    2.135020857149));
#6917 = ORIENTED_EDGE('',*,*,#6918,.T.);
#6918 = EDGE_CURVE('',#6906,#6919,#6921,.T.);
#6919 = VERTEX_POINT('',#6920);
#6920 = CARTESIAN_POINT('',(11.14103626009,3.061467458921,2.135020857149
    ));
#6921 = B_SPLINE_CURVE_WITH_KNOTS('',12,(#6922,#6923,#6924,#6925,#6926,
    #6927,#6928,#6929,#6930,#6931,#6932,#6933,#6934,#6935,#6936,#6937,
    #6938,#6939,#6940,#6941,#6942,#6943,#6944,#6945,#6946,#6947,#6948,
    #6949,#6950,#6951,#6952,#6953,#6954,#6955,#6956),.UNSPECIFIED.,.F.,
  .F.,(13,11,11,13),(-1.873970053066,-1.058222959368E-15,43.982297150256
    ,45.856267203322),.UNSPECIFIED.);
#6922 = CARTESIAN_POINT('',(11.858173552147,-1.330144882354,
    2.135020857149));
#6923 = CARTESIAN_POINT('',(11.797997962853,-1.475421606152,
    2.135020857149));
#6924 = CARTESIAN_POINT('',(11.737897673247,-1.62051654042,
    2.135020857149));
#6925 = CARTESIAN_POINT('',(11.677872683331,-1.765429685157,
    2.135020857149));
#6926 = CARTESIAN_POINT('',(11.617922993104,-1.910161040364,
    2.135020857149));
#6927 = CARTESIAN_POINT('',(11.558048602565,-2.054710606041,
    2.135020857149));
#6928 = CARTESIAN_POINT('',(11.498249511716,-2.199078382186,
    2.135020857149));
#6929 = CARTESIAN_POINT('',(11.438525720556,-2.343264368802,
    2.135020857149));
#6930 = CARTESIAN_POINT('',(11.378877229085,-2.487268565887,
    2.135020857149));
#6931 = CARTESIAN_POINT('',(11.319304037302,-2.631090973441,
    2.135020857149));
#6932 = CARTESIAN_POINT('',(11.259806145209,-2.774731591465,
    2.135020857149));
#6933 = CARTESIAN_POINT('',(11.200383552805,-2.918190419958,
    2.135020857149));
#6934 = CARTESIAN_POINT('',(9.748148332675,-6.424196384155,
    2.135020857149));
#6935 = CARTESIAN_POINT('',(6.664218617697,-9.146846434248,
    2.135020820306));
#6936 = CARTESIAN_POINT('',(2.212607902221,-10.22547282873,
    2.135021343371));
#6937 = CARTESIAN_POINT('',(-2.560872724992,-8.822383044898,
    2.135019245281));
#6938 = CARTESIAN_POINT('',(-6.114921061717,-5.320753792367,
    2.135023878248));
#6939 = CARTESIAN_POINT('',(-7.896277410335,2.371702834125E-11,
    2.135017177801));
#6940 = CARTESIAN_POINT('',(-6.114921061716,5.320753792324,
    2.135023878248));
#6941 = CARTESIAN_POINT('',(-2.560872724993,8.822383044927,
    2.135019245282));
#6942 = CARTESIAN_POINT('',(2.212607902222,10.225472828715,2.13502134337
    ));
#6943 = CARTESIAN_POINT('',(6.664218617697,9.146846434254,2.135020820307
    ));
#6944 = CARTESIAN_POINT('',(9.748148332675,6.424196384153,2.135020857149
    ));
#6945 = CARTESIAN_POINT('',(11.200383552805,2.918190419958,
    2.135020857149));
#6946 = CARTESIAN_POINT('',(11.259806145209,2.774731591465,
    2.135020857149));
#6947 = CARTESIAN_POINT('',(11.319304037302,2.631090973441,
    2.135020857149));
#6948 = CARTESIAN_POINT('',(11.378877229085,2.487268565887,
    2.135020857149));
#6949 = CARTESIAN_POINT('',(11.438525720556,2.343264368802,
    2.135020857149));
#6950 = CARTESIAN_POINT('',(11.498249511716,2.199078382187,
    2.135020857149));
#6951 = CARTESIAN_POINT('',(11.558048602565,2.054710606041,
    2.135020857149));
#6952 = CARTESIAN_POINT('',(11.617922993104,1.910161040364,
    2.135020857149));
#6953 = CARTESIAN_POINT('',(11.677872683331,1.765429685158,
    2.135020857149));
#6954 = CARTESIAN_POINT('',(11.737897673247,1.62051654042,2.135020857149
    ));
#6955 = CARTESIAN_POINT('',(11.797997962853,1.475421606152,
    2.135020857149));
#6956 = CARTESIAN_POINT('',(11.858173552147,1.330144882354,
    2.135020857149));
#6957 = ORIENTED_EDGE('',*,*,#6958,.F.);
#6958 = EDGE_CURVE('',#6671,#6919,#6959,.T.);
#6959 = B_SPLINE_CURVE_WITH_KNOTS('',7,(#6960,#6961,#6962,#6963,#6964,
    #6965,#6966,#6967),.UNSPECIFIED.,.F.,.F.,(8,8),(0.,1.),
  .PIECEWISE_BEZIER_KNOTS.);
#6960 = CARTESIAN_POINT('',(11.066783967251,3.030711152189,
    1.930661594627));
#6961 = CARTESIAN_POINT('',(11.086529338691,3.038889952834,
    1.953630859468));
#6962 = CARTESIAN_POINT('',(11.104139521156,3.046184329247,
    1.979736535656));
#6963 = CARTESIAN_POINT('',(11.118893129239,3.052295473809,
    2.008600469417));
#6964 = CARTESIAN_POINT('',(11.13013496019,3.056951992655,2.039540554828
    ));
#6965 = CARTESIAN_POINT('',(11.13749920575,3.060002363042,2.071550004048
    ));
#6966 = CARTESIAN_POINT('',(11.141036260042,3.061467458901,
    2.103646351565));
#6967 = CARTESIAN_POINT('',(11.14103626009,3.061467458921,2.135020857149
    ));
#6968 = ORIENTED_EDGE('',*,*,#6679,.F.);
#6969 = ( BOUNDED_SURFACE() B_SPLINE_SURFACE(2,12,(
    (#6970,#6971,#6972,#6973,#6974,#6975,#6976,#6977,#6978,#6979,#6980
      ,#6981,#6982,#6983,#6984,#6985,#6986,#6987,#6988,#6989,#6990,#6991
      ,#6992,#6993,#6994,#6995,#6996,#6997,#6998,#6999,#7000,#7001,#7002
      ,#7003,#7004)
    ,(#7005,#7006,#7007,#7008,#7009,#7010,#7011,#7012,#7013,#7014,#7015
      ,#7016,#7017,#7018,#7019,#7020,#7021,#7022,#7023,#7024,#7025,#7026
      ,#7027,#7028,#7029,#7030,#7031,#7032,#7033,#7034,#7035,#7036,#7037
      ,#7038,#7039)
    ,(#7040,#7041,#7042,#7043,#7044,#7045,#7046,#7047,#7048,#7049,#7050
      ,#7051,#7052,#7053,#7054,#7055,#7056,#7057,#7058,#7059,#7060,#7061
      ,#7062,#7063,#7064,#7065,#7066,#7067,#7068,#7069,#7070,#7071,#7072
      ,#7073,#7074
)),.UNSPECIFIED.,.F.,.F.,.F.) B_SPLINE_SURFACE_WITH_KNOTS((3,3),(13,11,
    11,13),(0.,43.982297150256),(-1.873970053066,-1.058222959368E-15,
    43.982297150256,45.856267203322),.UNSPECIFIED.) 
GEOMETRIC_REPRESENTATION_ITEM() RATIONAL_B_SPLINE_SURFACE((
    (1.,1.,1.,1.,1.,1.,1.,1.,1.,1.,1.,1.,1.,1.,1.,1.,1.,1.,1.,1.,1.,1.
      ,1.,1.,1.,1.,1.,1.,1.,1.,1.,1.,1.,1.,1.)
    ,(0.93061798229,0.93061798229,0.93061798229,0.93061798229
      ,0.93061798229,0.93061798229,0.93061798229,0.93061798229
      ,0.93061798229,0.93061798229,0.93061798229,0.93061798229
      ,0.93061798229,0.930618018316,0.93061750683,0.930619558482
      ,0.930615028053,0.930621580207,0.930615028053,0.930619558483
      ,0.93061750683,0.930618018316,0.93061798229,0.93061798229
      ,0.93061798229,0.93061798229,0.93061798229,0.93061798229
      ,0.93061798229,0.93061798229,0.93061798229,0.93061798229
      ,0.93061798229,0.93061798229,0.93061798229)
    ,(1.,1.,1.,1.,1.,1.,1.,1.,1.,1.,1.,1.,1.,1.,1.,1.,1.,1.,1.,1.,1.,1.
,1.,1.,1.,1.,1.,1.,1.,1.,1.,1.,1.,1.,1.
))) REPRESENTATION_ITEM('') SURFACE() );
#6970 = CARTESIAN_POINT('',(11.783921259308,-1.299388575622,
    1.930661594627));
#6971 = CARTESIAN_POINT('',(11.723149451513,-1.446104698211,
    1.930661594627));
#6972 = CARTESIAN_POINT('',(11.66256134677,-1.592377322399,
    1.930661594627));
#6973 = CARTESIAN_POINT('',(11.602156945081,-1.738206448185,
    1.930661594627));
#6974 = CARTESIAN_POINT('',(11.541936246444,-1.883592075569,
    1.930661594627));
#6975 = CARTESIAN_POINT('',(11.48189925086,-2.028534204552,
    1.930661594627));
#6976 = CARTESIAN_POINT('',(11.422045958329,-2.173032835134,
    1.930661594627));
#6977 = CARTESIAN_POINT('',(11.36237636885,-2.317087967313,
    1.930661594627));
#6978 = CARTESIAN_POINT('',(11.302890482425,-2.460699601092,
    1.930661594627));
#6979 = CARTESIAN_POINT('',(11.243588299052,-2.603867736468,
    1.930661594627));
#6980 = CARTESIAN_POINT('',(11.184469818732,-2.746592373444,
    1.930661594627));
#6981 = CARTESIAN_POINT('',(11.125535041465,-2.888873512017,
    1.930661594627));
#6982 = CARTESIAN_POINT('',(9.687889358043,-6.35965721882,1.930661594627
    ));
#6983 = CARTESIAN_POINT('',(6.634887964773,-9.055145717013,
    1.930661601023));
#6984 = CARTESIAN_POINT('',(2.227658189279,-10.12245579049,
    1.930661510207));
#6985 = CARTESIAN_POINT('',(-2.496508910961,-8.733741237252,
    1.930661874491));
#6986 = CARTESIAN_POINT('',(-6.016722913422,-5.267650204157,
    1.93066107008));
#6987 = CARTESIAN_POINT('',(-7.778557237288,5.393907542839E-12,
    1.930662233465));
#6988 = CARTESIAN_POINT('',(-6.016722913418,5.267650204147,1.93066107008
    ));
#6989 = CARTESIAN_POINT('',(-2.496508910966,8.733741237259,
    1.930661874492));
#6990 = CARTESIAN_POINT('',(2.227658189282,10.122455790496,
    1.930661510206));
#6991 = CARTESIAN_POINT('',(6.634887964772,9.055145717014,1.930661601024
    ));
#6992 = CARTESIAN_POINT('',(9.687889358043,6.35965721882,1.930661594627)
  );
#6993 = CARTESIAN_POINT('',(11.125535041465,2.888873512017,
    1.930661594627));
#6994 = CARTESIAN_POINT('',(11.184469818732,2.746592373444,
    1.930661594627));
#6995 = CARTESIAN_POINT('',(11.243588299052,2.603867736468,
    1.930661594627));
#6996 = CARTESIAN_POINT('',(11.302890482425,2.460699601092,
    1.930661594627));
#6997 = CARTESIAN_POINT('',(11.36237636885,2.317087967313,1.930661594627
    ));
#6998 = CARTESIAN_POINT('',(11.422045958329,2.173032835134,
    1.930661594627));
#6999 = CARTESIAN_POINT('',(11.48189925086,2.028534204552,1.930661594627
    ));
#7000 = CARTESIAN_POINT('',(11.541936246444,1.883592075569,
    1.930661594627));
#7001 = CARTESIAN_POINT('',(11.60215694508,1.738206448185,1.930661594627
    ));
#7002 = CARTESIAN_POINT('',(11.66256134677,1.592377322399,1.930661594627
    ));
#7003 = CARTESIAN_POINT('',(11.723149451512,1.446104698211,
    1.930661594627));
#7004 = CARTESIAN_POINT('',(11.783921259308,1.299388575622,
    1.930661594627));
#7005 = CARTESIAN_POINT('',(11.858173552148,-1.330144882354,
    2.017037309501));
#7006 = CARTESIAN_POINT('',(11.797997962853,-1.475421606152,
    2.017037309501));
#7007 = CARTESIAN_POINT('',(11.737897673248,-1.62051654042,
    2.017037309501));
#7008 = CARTESIAN_POINT('',(11.677872683331,-1.765429685157,
    2.017037309501));
#7009 = CARTESIAN_POINT('',(11.617922993104,-1.910161040364,
    2.017037309501));
#7010 = CARTESIAN_POINT('',(11.558048602566,-2.054710606041,
    2.017037309501));
#7011 = CARTESIAN_POINT('',(11.498249511716,-2.199078382187,
    2.017037309501));
#7012 = CARTESIAN_POINT('',(11.438525720556,-2.343264368802,
    2.017037309501));
#7013 = CARTESIAN_POINT('',(11.378877229085,-2.487268565887,
    2.017037309501));
#7014 = CARTESIAN_POINT('',(11.319304037303,-2.631090973441,
    2.017037309501));
#7015 = CARTESIAN_POINT('',(11.259806145209,-2.774731591465,
    2.017037309501));
#7016 = CARTESIAN_POINT('',(11.200383552805,-2.918190419958,
    2.017037309501));
#7017 = CARTESIAN_POINT('',(9.748148332674,-6.424196384154,
    2.017037309501));
#7018 = CARTESIAN_POINT('',(6.664218194469,-9.146845966591,
    2.017037306757));
#7019 = CARTESIAN_POINT('',(2.212607746912,-10.22547726764,
    2.017037345712));
#7020 = CARTESIAN_POINT('',(-2.560862992755,-8.822370396321,
    2.017037189457));
#7021 = CARTESIAN_POINT('',(-6.114950884135,-5.32076830559,
    2.017037534498));
#7022 = CARTESIAN_POINT('',(-7.896234145768,2.044764357834E-11,
    2.017037035482));
#7023 = CARTESIAN_POINT('',(-6.114950884137,5.320768305556,
    2.017037534498));
#7024 = CARTESIAN_POINT('',(-2.560862992754,8.822370396342,
    2.017037189457));
#7025 = CARTESIAN_POINT('',(2.212607746913,10.225477267636,
    2.017037345712));
#7026 = CARTESIAN_POINT('',(6.664218194468,9.146845966594,2.017037306757
    ));
#7027 = CARTESIAN_POINT('',(9.748148332674,6.424196384153,2.017037309501
    ));
#7028 = CARTESIAN_POINT('',(11.200383552805,2.918190419958,
    2.017037309501));
#7029 = CARTESIAN_POINT('',(11.259806145209,2.774731591465,
    2.017037309501));
#7030 = CARTESIAN_POINT('',(11.319304037303,2.631090973441,
    2.017037309501));
#7031 = CARTESIAN_POINT('',(11.378877229085,2.487268565887,
    2.017037309501));
#7032 = CARTESIAN_POINT('',(11.438525720556,2.343264368802,
    2.017037309501));
#7033 = CARTESIAN_POINT('',(11.498249511716,2.199078382187,
    2.017037309501));
#7034 = CARTESIAN_POINT('',(11.558048602565,2.054710606041,
    2.017037309501));
#7035 = CARTESIAN_POINT('',(11.617922993104,1.910161040364,
    2.017037309501));
#7036 = CARTESIAN_POINT('',(11.677872683331,1.765429685158,
    2.017037309501));
#7037 = CARTESIAN_POINT('',(11.737897673248,1.62051654042,2.017037309501
    ));
#7038 = CARTESIAN_POINT('',(11.797997962853,1.475421606152,
    2.017037309501));
#7039 = CARTESIAN_POINT('',(11.858173552147,1.330144882354,
    2.017037309501));
#7040 = CARTESIAN_POINT('',(11.858173552147,-1.330144882354,
    2.135020857149));
#7041 = CARTESIAN_POINT('',(11.797997962853,-1.475421606152,
    2.135020857149));
#7042 = CARTESIAN_POINT('',(11.737897673247,-1.62051654042,
    2.135020857149));
#7043 = CARTESIAN_POINT('',(11.677872683331,-1.765429685157,
    2.135020857149));
#7044 = CARTESIAN_POINT('',(11.617922993104,-1.910161040364,
    2.135020857149));
#7045 = CARTESIAN_POINT('',(11.558048602565,-2.054710606041,
    2.135020857149));
#7046 = CARTESIAN_POINT('',(11.498249511716,-2.199078382186,
    2.135020857149));
#7047 = CARTESIAN_POINT('',(11.438525720556,-2.343264368802,
    2.135020857149));
#7048 = CARTESIAN_POINT('',(11.378877229085,-2.487268565887,
    2.135020857149));
#7049 = CARTESIAN_POINT('',(11.319304037302,-2.631090973441,
    2.135020857149));
#7050 = CARTESIAN_POINT('',(11.259806145209,-2.774731591465,
    2.135020857149));
#7051 = CARTESIAN_POINT('',(11.200383552805,-2.918190419958,
    2.135020857149));
#7052 = CARTESIAN_POINT('',(9.748148332675,-6.424196384155,
    2.135020857149));
#7053 = CARTESIAN_POINT('',(6.664218617697,-9.146846434248,
    2.135020820306));
#7054 = CARTESIAN_POINT('',(2.212607902221,-10.22547282873,
    2.135021343371));
#7055 = CARTESIAN_POINT('',(-2.560872724992,-8.822383044898,
    2.135019245281));
#7056 = CARTESIAN_POINT('',(-6.114921061717,-5.320753792367,
    2.135023878248));
#7057 = CARTESIAN_POINT('',(-7.896277410335,2.371702834125E-11,
    2.135017177801));
#7058 = CARTESIAN_POINT('',(-6.114921061716,5.320753792324,
    2.135023878248));
#7059 = CARTESIAN_POINT('',(-2.560872724993,8.822383044927,
    2.135019245282));
#7060 = CARTESIAN_POINT('',(2.212607902222,10.225472828715,2.13502134337
    ));
#7061 = CARTESIAN_POINT('',(6.664218617697,9.146846434254,2.135020820307
    ));
#7062 = CARTESIAN_POINT('',(9.748148332675,6.424196384153,2.135020857149
    ));
#7063 = CARTESIAN_POINT('',(11.200383552805,2.918190419958,
    2.135020857149));
#7064 = CARTESIAN_POINT('',(11.259806145209,2.774731591465,
    2.135020857149));
#7065 = CARTESIAN_POINT('',(11.319304037302,2.631090973441,
    2.135020857149));
#7066 = CARTESIAN_POINT('',(11.378877229085,2.487268565887,
    2.135020857149));
#7067 = CARTESIAN_POINT('',(11.438525720556,2.343264368802,
    2.135020857149));
#7068 = CARTESIAN_POINT('',(11.498249511716,2.199078382187,
    2.135020857149));
#7069 = CARTESIAN_POINT('',(11.558048602565,2.054710606041,
    2.135020857149));
#7070 = CARTESIAN_POINT('',(11.617922993104,1.910161040364,
    2.135020857149));
#7071 = CARTESIAN_POINT('',(11.677872683331,1.765429685158,
    2.135020857149));
#7072 = CARTESIAN_POINT('',(11.737897673247,1.62051654042,2.135020857149
    ));
#7073 = CARTESIAN_POINT('',(11.797997962853,1.475421606152,
    2.135020857149));
#7074 = CARTESIAN_POINT('',(11.858173552147,1.330144882354,
    2.135020857149));
#7075 = ADVANCED_FACE('',(#7076),#7098,.F.);
#7076 = FACE_BOUND('',#7077,.F.);
#7077 = EDGE_LOOP('',(#7078,#7079,#7080,#7081));
#7078 = ORIENTED_EDGE('',*,*,#6818,.F.);
#7079 = ORIENTED_EDGE('',*,*,#6732,.T.);
#7080 = ORIENTED_EDGE('',*,*,#6851,.T.);
#7081 = ORIENTED_EDGE('',*,*,#7082,.F.);
#7082 = EDGE_CURVE('',#6798,#6852,#7083,.T.);
#7083 = B_SPLINE_CURVE_WITH_KNOTS('',5,(#7084,#7085,#7086,#7087,#7088,
    #7089,#7090,#7091,#7092,#7093,#7094,#7095,#7096,#7097),
  .UNSPECIFIED.,.F.,.F.,(6,4,4,6),(-0.38212309917,-4.281655465086E-07,
    6.283185735344,6.665307816687),.UNSPECIFIED.);
#7084 = CARTESIAN_POINT('',(10.92055195284,3.383746464902,1.930661594627
    ));
#7085 = CARTESIAN_POINT('',(10.950092181957,3.312430043078,
    1.930661594627));
#7086 = CARTESIAN_POINT('',(10.979485498038,3.241468300698,
    1.930661594627));
#7087 = CARTESIAN_POINT('',(11.008731901084,3.17086123776,1.930661594627
    ));
#7088 = CARTESIAN_POINT('',(11.037831391094,3.100608854265,
    1.930661594627));
#7089 = CARTESIAN_POINT('',(11.542846878889,1.881393613491,
    1.930661594627));
#7090 = CARTESIAN_POINT('',(11.793298869276,0.638611325814,
    1.930661594627));
#7091 = CARTESIAN_POINT('',(11.793300574775,-0.638607268283,
    1.930661594627));
#7092 = CARTESIAN_POINT('',(11.542847775584,-1.881391448677,
    1.930661594627));
#7093 = CARTESIAN_POINT('',(11.037831381238,-3.100608878061,
    1.930661594627));
#7094 = CARTESIAN_POINT('',(11.008731886299,-3.170861273454,
    1.930661594627));
#7095 = CARTESIAN_POINT('',(10.979485483253,-3.241468336392,
    1.930661594627));
#7096 = CARTESIAN_POINT('',(10.9500921721,-3.312430066875,1.930661594627
    ));
#7097 = CARTESIAN_POINT('',(10.92055195284,-3.383746464902,
    1.930661594627));
#7098 = SURFACE_OF_REVOLUTION('',#7099,#7104);
#7099 = CIRCLE('',#7100,0.485412195974);
#7100 = AXIS2_PLACEMENT_3D('',#7101,#7102,#7103);
#7101 = CARTESIAN_POINT('',(11.395103131531,3.166705402821,1.6));
#7102 = DIRECTION('',(-0.382683432365,0.923879532511,0.));
#7103 = DIRECTION('',(-0.523404384043,-0.216801194476,-0.824041924199));
#7104 = AXIS1_PLACEMENT('',#7105,#7106);
#7105 = CARTESIAN_POINT('',(3.75,0.,0.));
#7106 = DIRECTION('',(0.,0.,-1.));
#7107 = ADVANCED_FACE('',(#7108),#7144,.T.);
#7108 = FACE_BOUND('',#7109,.T.);
#7109 = EDGE_LOOP('',(#7110,#7111,#7112,#7131));
#7110 = ORIENTED_EDGE('',*,*,#6797,.F.);
#7111 = ORIENTED_EDGE('',*,*,#6958,.T.);
#7112 = ORIENTED_EDGE('',*,*,#7113,.T.);
#7113 = EDGE_CURVE('',#6919,#7114,#7116,.T.);
#7114 = VERTEX_POINT('',#7115);
#7115 = CARTESIAN_POINT('',(11.746089261376,0.25,2.135020857149));
#7116 = B_SPLINE_CURVE_WITH_KNOTS('',5,(#7117,#7118,#7119,#7120,#7121,
    #7122,#7123,#7124,#7125,#7126,#7127,#7128,#7129,#7130),
  .UNSPECIFIED.,.F.,.F.,(6,4,4,6),(-0.38212309917,-4.281655465086E-07,
    6.283185735344,6.665307816687),.UNSPECIFIED.);
#7117 = CARTESIAN_POINT('',(10.994804243843,3.414502775528,
    2.135020857149));
#7118 = CARTESIAN_POINT('',(11.024050655788,3.343895691214,
    2.135020857149));
#7119 = CARTESIAN_POINT('',(11.053297063302,3.273288617596,
    2.135020857149));
#7120 = CARTESIAN_POINT('',(11.082543466386,3.202681554674,
    2.135020857149));
#7121 = CARTESIAN_POINT('',(11.11178986504,3.132074502448,2.135020857149
    ));
#7122 = CARTESIAN_POINT('',(11.621930363327,1.900486393708,
    2.135020857149));
#7123 = CARTESIAN_POINT('',(11.874923987305,0.645092022978,
    2.135020857149));
#7124 = CARTESIAN_POINT('',(11.874925732041,-0.645087857169,
    2.135020857149));
#7125 = CARTESIAN_POINT('',(11.621931251104,-1.900484250426,
    2.135020857149));
#7126 = CARTESIAN_POINT('',(11.111789856179,-3.13207452384,
    2.135020857149));
#7127 = CARTESIAN_POINT('',(11.082543453095,-3.202681586762,
    2.135020857149));
#7128 = CARTESIAN_POINT('',(11.053297050011,-3.273288649684,
    2.135020857149));
#7129 = CARTESIAN_POINT('',(11.024050646927,-3.343895712606,
    2.135020857149));
#7130 = CARTESIAN_POINT('',(10.994804243843,-3.414502775528,
    2.135020857149));
#7131 = ORIENTED_EDGE('',*,*,#7132,.T.);
#7132 = EDGE_CURVE('',#7114,#6798,#7133,.T.);
#7133 = B_SPLINE_CURVE_WITH_KNOTS('',5,(#7134,#7135,#7136,#7137,#7138,
    #7139,#7140,#7141,#7142,#7143),.UNSPECIFIED.,.F.,.F.,(6,4,6),(0.,
    0.499632530754,1.),.UNSPECIFIED.);
#7134 = CARTESIAN_POINT('',(11.746089261376,0.25,2.135020857149));
#7135 = CARTESIAN_POINT('',(11.74608926112,0.25,2.113059770292));
#7136 = CARTESIAN_POINT('',(11.744079294892,0.25,2.090730837121));
#7137 = CARTESIAN_POINT('',(11.739921167103,0.25,2.068384311271));
#7138 = CARTESIAN_POINT('',(11.733609493257,0.25,2.046449235018));
#7139 = CARTESIAN_POINT('',(11.716968206865,0.25,2.004121224634));
#7140 = CARTESIAN_POINT('',(11.706632522508,0.25,1.983730152894));
#7141 = CARTESIAN_POINT('',(11.69443350209,0.25,1.964506674097));
#7142 = CARTESIAN_POINT('',(11.68066871182,0.25,1.946762818429));
#7143 = CARTESIAN_POINT('',(11.665679526558,0.25,1.930661594627));
#7144 = ( BOUNDED_SURFACE() B_SPLINE_SURFACE(2,5,(
    (#7145,#7146,#7147,#7148,#7149,#7150,#7151,#7152,#7153,#7154,#7155
      ,#7156,#7157,#7158)
    ,(#7159,#7160,#7161,#7162,#7163,#7164,#7165,#7166,#7167,#7168,#7169
      ,#7170,#7171,#7172)
    ,(#7173,#7174,#7175,#7176,#7177,#7178,#7179,#7180,#7181,#7182,#7183
      ,#7184,#7185,#7186
)),.UNSPECIFIED.,.F.,.F.,.F.) B_SPLINE_SURFACE_WITH_KNOTS((3,3),(6,4,4,6
    ),(0.,6.283186163509),(-0.38212309917,-4.281655465086E-07,
    6.283185735344,6.665307816687),.UNSPECIFIED.) 
GEOMETRIC_REPRESENTATION_ITEM() RATIONAL_B_SPLINE_SURFACE((
    (1.,1.,1.,1.,1.,1.,1.,1.,1.,1.,1.,1.,1.,1.)
    ,(0.93061798229,0.93061798229,0.93061798229,0.93061798229
      ,0.93061798229,0.93061798229,0.93061798229,0.93061798229
      ,0.93061798229,0.93061798229,0.93061798229,0.93061798229
      ,0.93061798229,0.93061798229)
,(1.,1.,1.,1.,1.,1.,1.,1.,1.,1.,1.,1.,1.,1.
))) REPRESENTATION_ITEM('') SURFACE() );
#7145 = CARTESIAN_POINT('',(10.92055195284,3.383746464902,1.930661594627
    ));
#7146 = CARTESIAN_POINT('',(10.950092181957,3.312430043078,
    1.930661594627));
#7147 = CARTESIAN_POINT('',(10.979485498038,3.241468300698,
    1.930661594627));
#7148 = CARTESIAN_POINT('',(11.008731901084,3.17086123776,1.930661594627
    ));
#7149 = CARTESIAN_POINT('',(11.037831391094,3.100608854265,
    1.930661594627));
#7150 = CARTESIAN_POINT('',(11.542846878889,1.881393613491,
    1.930661594627));
#7151 = CARTESIAN_POINT('',(11.793298869276,0.638611325814,
    1.930661594627));
#7152 = CARTESIAN_POINT('',(11.793300574775,-0.638607268283,
    1.930661594627));
#7153 = CARTESIAN_POINT('',(11.542847775584,-1.881391448677,
    1.930661594627));
#7154 = CARTESIAN_POINT('',(11.037831381238,-3.100608878061,
    1.930661594627));
#7155 = CARTESIAN_POINT('',(11.008731886299,-3.170861273454,
    1.930661594627));
#7156 = CARTESIAN_POINT('',(10.979485483253,-3.241468336392,
    1.930661594627));
#7157 = CARTESIAN_POINT('',(10.9500921721,-3.312430066875,1.930661594627
    ));
#7158 = CARTESIAN_POINT('',(10.92055195284,-3.383746464902,
    1.930661594627));
#7159 = CARTESIAN_POINT('',(10.994804243843,3.414502775528,
    2.017037309501));
#7160 = CARTESIAN_POINT('',(11.024050655788,3.343895691214,
    2.017037309501));
#7161 = CARTESIAN_POINT('',(11.053297063302,3.273288617596,
    2.017037309501));
#7162 = CARTESIAN_POINT('',(11.082543466386,3.202681554674,
    2.017037309501));
#7163 = CARTESIAN_POINT('',(11.11178986504,3.132074502448,2.017037309501
    ));
#7164 = CARTESIAN_POINT('',(11.621930363327,1.900486393708,
    2.017037309501));
#7165 = CARTESIAN_POINT('',(11.874923987305,0.645092022978,
    2.017037309501));
#7166 = CARTESIAN_POINT('',(11.874925732041,-0.645087857169,
    2.017037309501));
#7167 = CARTESIAN_POINT('',(11.621931251104,-1.900484250426,
    2.017037309501));
#7168 = CARTESIAN_POINT('',(11.111789856179,-3.13207452384,
    2.017037309501));
#7169 = CARTESIAN_POINT('',(11.082543453095,-3.202681586762,
    2.017037309501));
#7170 = CARTESIAN_POINT('',(11.053297050011,-3.273288649684,
    2.017037309501));
#7171 = CARTESIAN_POINT('',(11.024050646927,-3.343895712606,
    2.017037309501));
#7172 = CARTESIAN_POINT('',(10.994804243843,-3.414502775528,
    2.017037309501));
#7173 = CARTESIAN_POINT('',(10.994804243843,3.414502775528,
    2.135020857149));
#7174 = CARTESIAN_POINT('',(11.024050655788,3.343895691214,
    2.135020857149));
#7175 = CARTESIAN_POINT('',(11.053297063302,3.273288617596,
    2.135020857149));
#7176 = CARTESIAN_POINT('',(11.082543466386,3.202681554674,
    2.135020857149));
#7177 = CARTESIAN_POINT('',(11.11178986504,3.132074502448,2.135020857149
    ));
#7178 = CARTESIAN_POINT('',(11.621930363327,1.900486393708,
    2.135020857149));
#7179 = CARTESIAN_POINT('',(11.874923987305,0.645092022978,
    2.135020857149));
#7180 = CARTESIAN_POINT('',(11.874925732041,-0.645087857169,
    2.135020857149));
#7181 = CARTESIAN_POINT('',(11.621931251104,-1.900484250426,
    2.135020857149));
#7182 = CARTESIAN_POINT('',(11.111789856179,-3.13207452384,
    2.135020857149));
#7183 = CARTESIAN_POINT('',(11.082543453095,-3.202681586762,
    2.135020857149));
#7184 = CARTESIAN_POINT('',(11.053297050011,-3.273288649684,
    2.135020857149));
#7185 = CARTESIAN_POINT('',(11.024050646927,-3.343895712606,
    2.135020857149));
#7186 = CARTESIAN_POINT('',(10.994804243843,-3.414502775528,
    2.135020857149));
#7187 = ADVANCED_FACE('',(#7188),#7224,.T.);
#7188 = FACE_BOUND('',#7189,.T.);
#7189 = EDGE_LOOP('',(#7190,#7191,#7206,#7223));
#7190 = ORIENTED_EDGE('',*,*,#6876,.F.);
#7191 = ORIENTED_EDGE('',*,*,#7192,.F.);
#7192 = EDGE_CURVE('',#7193,#6852,#7195,.T.);
#7193 = VERTEX_POINT('',#7194);
#7194 = CARTESIAN_POINT('',(11.746089311461,-0.25,2.135020857149));
#7195 = B_SPLINE_CURVE_WITH_KNOTS('',5,(#7196,#7197,#7198,#7199,#7200,
    #7201,#7202,#7203,#7204,#7205),.UNSPECIFIED.,.F.,.F.,(6,4,6),(0.,
    0.499632530714,1.),.UNSPECIFIED.);
#7196 = CARTESIAN_POINT('',(11.746089311461,-0.25,2.135020857149));
#7197 = CARTESIAN_POINT('',(11.746089311205,-0.25,2.113059770295));
#7198 = CARTESIAN_POINT('',(11.744079345005,-0.25,2.090730837128));
#7199 = CARTESIAN_POINT('',(11.739921217275,-0.25,2.068384311281));
#7200 = CARTESIAN_POINT('',(11.733609543517,-0.25,2.046449235032));
#7201 = CARTESIAN_POINT('',(11.716968257357,-0.25,2.004121224647));
#7202 = CARTESIAN_POINT('',(11.706632573142,-0.25,1.983730152904));
#7203 = CARTESIAN_POINT('',(11.694433552892,-0.25,1.964506674105));
#7204 = CARTESIAN_POINT('',(11.680668762812,-0.25,1.946762818432));
#7205 = CARTESIAN_POINT('',(11.665679577756,-0.25,1.930661594627));
#7206 = ORIENTED_EDGE('',*,*,#7207,.T.);
#7207 = EDGE_CURVE('',#7193,#6906,#7208,.T.);
#7208 = B_SPLINE_CURVE_WITH_KNOTS('',5,(#7209,#7210,#7211,#7212,#7213,
    #7214,#7215,#7216,#7217,#7218,#7219,#7220,#7221,#7222),
  .UNSPECIFIED.,.F.,.F.,(6,4,4,6),(-0.38212309917,-4.281655465086E-07,
    6.283185735344,6.665307816687),.UNSPECIFIED.);
#7209 = CARTESIAN_POINT('',(10.994804243843,3.414502775528,
    2.135020857149));
#7210 = CARTESIAN_POINT('',(11.024050655788,3.343895691214,
    2.135020857149));
#7211 = CARTESIAN_POINT('',(11.053297063302,3.273288617596,
    2.135020857149));
#7212 = CARTESIAN_POINT('',(11.082543466386,3.202681554674,
    2.135020857149));
#7213 = CARTESIAN_POINT('',(11.11178986504,3.132074502448,2.135020857149
    ));
#7214 = CARTESIAN_POINT('',(11.621930363327,1.900486393708,
    2.135020857149));
#7215 = CARTESIAN_POINT('',(11.874923987305,0.645092022978,
    2.135020857149));
#7216 = CARTESIAN_POINT('',(11.874925732041,-0.645087857169,
    2.135020857149));
#7217 = CARTESIAN_POINT('',(11.621931251104,-1.900484250426,
    2.135020857149));
#7218 = CARTESIAN_POINT('',(11.111789856179,-3.13207452384,
    2.135020857149));
#7219 = CARTESIAN_POINT('',(11.082543453095,-3.202681586762,
    2.135020857149));
#7220 = CARTESIAN_POINT('',(11.053297050011,-3.273288649684,
    2.135020857149));
#7221 = CARTESIAN_POINT('',(11.024050646927,-3.343895712606,
    2.135020857149));
#7222 = CARTESIAN_POINT('',(10.994804243843,-3.414502775528,
    2.135020857149));
#7223 = ORIENTED_EDGE('',*,*,#6905,.F.);
#7224 = ( BOUNDED_SURFACE() B_SPLINE_SURFACE(2,5,(
    (#7225,#7226,#7227,#7228,#7229,#7230,#7231,#7232,#7233,#7234,#7235
      ,#7236,#7237,#7238)
    ,(#7239,#7240,#7241,#7242,#7243,#7244,#7245,#7246,#7247,#7248,#7249
      ,#7250,#7251,#7252)
    ,(#7253,#7254,#7255,#7256,#7257,#7258,#7259,#7260,#7261,#7262,#7263
      ,#7264,#7265,#7266
)),.UNSPECIFIED.,.F.,.F.,.F.) B_SPLINE_SURFACE_WITH_KNOTS((3,3),(6,4,4,6
    ),(0.,6.283186163509),(-0.38212309917,-4.281655465086E-07,
    6.283185735344,6.665307816687),.UNSPECIFIED.) 
GEOMETRIC_REPRESENTATION_ITEM() RATIONAL_B_SPLINE_SURFACE((
    (1.,1.,1.,1.,1.,1.,1.,1.,1.,1.,1.,1.,1.,1.)
    ,(0.93061798229,0.93061798229,0.93061798229,0.93061798229
      ,0.93061798229,0.93061798229,0.93061798229,0.93061798229
      ,0.93061798229,0.93061798229,0.93061798229,0.93061798229
      ,0.93061798229,0.93061798229)
,(1.,1.,1.,1.,1.,1.,1.,1.,1.,1.,1.,1.,1.,1.
))) REPRESENTATION_ITEM('') SURFACE() );
#7225 = CARTESIAN_POINT('',(10.92055195284,3.383746464902,1.930661594627
    ));
#7226 = CARTESIAN_POINT('',(10.950092181957,3.312430043078,
    1.930661594627));
#7227 = CARTESIAN_POINT('',(10.979485498038,3.241468300698,
    1.930661594627));
#7228 = CARTESIAN_POINT('',(11.008731901084,3.17086123776,1.930661594627
    ));
#7229 = CARTESIAN_POINT('',(11.037831391094,3.100608854265,
    1.930661594627));
#7230 = CARTESIAN_POINT('',(11.542846878889,1.881393613491,
    1.930661594627));
#7231 = CARTESIAN_POINT('',(11.793298869276,0.638611325814,
    1.930661594627));
#7232 = CARTESIAN_POINT('',(11.793300574775,-0.638607268283,
    1.930661594627));
#7233 = CARTESIAN_POINT('',(11.542847775584,-1.881391448677,
    1.930661594627));
#7234 = CARTESIAN_POINT('',(11.037831381238,-3.100608878061,
    1.930661594627));
#7235 = CARTESIAN_POINT('',(11.008731886299,-3.170861273454,
    1.930661594627));
#7236 = CARTESIAN_POINT('',(10.979485483253,-3.241468336392,
    1.930661594627));
#7237 = CARTESIAN_POINT('',(10.9500921721,-3.312430066875,1.930661594627
    ));
#7238 = CARTESIAN_POINT('',(10.92055195284,-3.383746464902,
    1.930661594627));
#7239 = CARTESIAN_POINT('',(10.994804243843,3.414502775528,
    2.017037309501));
#7240 = CARTESIAN_POINT('',(11.024050655788,3.343895691214,
    2.017037309501));
#7241 = CARTESIAN_POINT('',(11.053297063302,3.273288617596,
    2.017037309501));
#7242 = CARTESIAN_POINT('',(11.082543466386,3.202681554674,
    2.017037309501));
#7243 = CARTESIAN_POINT('',(11.11178986504,3.132074502448,2.017037309501
    ));
#7244 = CARTESIAN_POINT('',(11.621930363327,1.900486393708,
    2.017037309501));
#7245 = CARTESIAN_POINT('',(11.874923987305,0.645092022978,
    2.017037309501));
#7246 = CARTESIAN_POINT('',(11.874925732041,-0.645087857169,
    2.017037309501));
#7247 = CARTESIAN_POINT('',(11.621931251104,-1.900484250426,
    2.017037309501));
#7248 = CARTESIAN_POINT('',(11.111789856179,-3.13207452384,
    2.017037309501));
#7249 = CARTESIAN_POINT('',(11.082543453095,-3.202681586762,
    2.017037309501));
#7250 = CARTESIAN_POINT('',(11.053297050011,-3.273288649684,
    2.017037309501));
#7251 = CARTESIAN_POINT('',(11.024050646927,-3.343895712606,
    2.017037309501));
#7252 = CARTESIAN_POINT('',(10.994804243843,-3.414502775528,
    2.017037309501));
#7253 = CARTESIAN_POINT('',(10.994804243843,3.414502775528,
    2.135020857149));
#7254 = CARTESIAN_POINT('',(11.024050655788,3.343895691214,
    2.135020857149));
#7255 = CARTESIAN_POINT('',(11.053297063302,3.273288617596,
    2.135020857149));
#7256 = CARTESIAN_POINT('',(11.082543466386,3.202681554674,
    2.135020857149));
#7257 = CARTESIAN_POINT('',(11.11178986504,3.132074502448,2.135020857149
    ));
#7258 = CARTESIAN_POINT('',(11.621930363327,1.900486393708,
    2.135020857149));
#7259 = CARTESIAN_POINT('',(11.874923987305,0.645092022978,
    2.135020857149));
#7260 = CARTESIAN_POINT('',(11.874925732041,-0.645087857169,
    2.135020857149));
#7261 = CARTESIAN_POINT('',(11.621931251104,-1.900484250426,
    2.135020857149));
#7262 = CARTESIAN_POINT('',(11.111789856179,-3.13207452384,
    2.135020857149));
#7263 = CARTESIAN_POINT('',(11.082543453095,-3.202681586762,
    2.135020857149));
#7264 = CARTESIAN_POINT('',(11.053297050011,-3.273288649684,
    2.135020857149));
#7265 = CARTESIAN_POINT('',(11.024050646927,-3.343895712606,
    2.135020857149));
#7266 = CARTESIAN_POINT('',(10.994804243843,-3.414502775528,
    2.135020857149));
#7267 = ADVANCED_FACE('',(#7268),#7294,.T.);
#7268 = FACE_BOUND('',#7269,.T.);
#7269 = EDGE_LOOP('',(#7270,#7281,#7287,#7288));
#7270 = ORIENTED_EDGE('',*,*,#7271,.T.);
#7271 = EDGE_CURVE('',#7272,#7274,#7276,.T.);
#7272 = VERTEX_POINT('',#7273);
#7273 = CARTESIAN_POINT('',(11.14103626009,-3.061467458921,15.8));
#7274 = VERTEX_POINT('',#7275);
#7275 = CARTESIAN_POINT('',(11.14103626009,3.061467458921,15.8));
#7276 = CIRCLE('',#7277,8.);
#7277 = AXIS2_PLACEMENT_3D('',#7278,#7279,#7280);
#7278 = CARTESIAN_POINT('',(3.75,0.,15.8));
#7279 = DIRECTION('',(0.,0.,-1.));
#7280 = DIRECTION('',(0.923879532511,-0.382683432365,0.));
#7281 = ORIENTED_EDGE('',*,*,#7282,.F.);
#7282 = EDGE_CURVE('',#6919,#7274,#7283,.T.);
#7283 = LINE('',#7284,#7285);
#7284 = CARTESIAN_POINT('',(11.14103626009,3.061467458921,2.));
#7285 = VECTOR('',#7286,1.);
#7286 = DIRECTION('',(0.,0.,1.));
#7287 = ORIENTED_EDGE('',*,*,#6918,.F.);
#7288 = ORIENTED_EDGE('',*,*,#7289,.T.);
#7289 = EDGE_CURVE('',#6906,#7272,#7290,.T.);
#7290 = LINE('',#7291,#7292);
#7291 = CARTESIAN_POINT('',(11.14103626009,-3.061467458921,2.));
#7292 = VECTOR('',#7293,1.);
#7293 = DIRECTION('',(0.,0.,1.));
#7294 = CYLINDRICAL_SURFACE('',#7295,8.);
#7295 = AXIS2_PLACEMENT_3D('',#7296,#7297,#7298);
#7296 = CARTESIAN_POINT('',(3.75,0.,2.));
#7297 = DIRECTION('',(0.,0.,1.));
#7298 = DIRECTION('',(0.923879532511,-0.382683432365,0.));
#7299 = ADVANCED_FACE('',(#7300),#7322,.T.);
#7300 = FACE_BOUND('',#7301,.T.);
#7301 = EDGE_LOOP('',(#7302,#7303,#7304,#7321));
#7302 = ORIENTED_EDGE('',*,*,#7082,.F.);
#7303 = ORIENTED_EDGE('',*,*,#7132,.F.);
#7304 = ORIENTED_EDGE('',*,*,#7305,.T.);
#7305 = EDGE_CURVE('',#7114,#7193,#7306,.T.);
#7306 = B_SPLINE_CURVE_WITH_KNOTS('',5,(#7307,#7308,#7309,#7310,#7311,
    #7312,#7313,#7314,#7315,#7316,#7317,#7318,#7319,#7320),
  .UNSPECIFIED.,.F.,.F.,(6,4,4,6),(-0.38212309917,-4.281655465086E-07,
    6.283185735344,6.665307816687),.UNSPECIFIED.);
#7307 = CARTESIAN_POINT('',(10.994804243843,3.414502775528,
    2.135020857149));
#7308 = CARTESIAN_POINT('',(11.024050655788,3.343895691214,
    2.135020857149));
#7309 = CARTESIAN_POINT('',(11.053297063302,3.273288617596,
    2.135020857149));
#7310 = CARTESIAN_POINT('',(11.082543466386,3.202681554674,
    2.135020857149));
#7311 = CARTESIAN_POINT('',(11.11178986504,3.132074502448,2.135020857149
    ));
#7312 = CARTESIAN_POINT('',(11.621930363327,1.900486393708,
    2.135020857149));
#7313 = CARTESIAN_POINT('',(11.874923987305,0.645092022978,
    2.135020857149));
#7314 = CARTESIAN_POINT('',(11.874925732041,-0.645087857169,
    2.135020857149));
#7315 = CARTESIAN_POINT('',(11.621931251104,-1.900484250426,
    2.135020857149));
#7316 = CARTESIAN_POINT('',(11.111789856179,-3.13207452384,
    2.135020857149));
#7317 = CARTESIAN_POINT('',(11.082543453095,-3.202681586762,
    2.135020857149));
#7318 = CARTESIAN_POINT('',(11.053297050011,-3.273288649684,
    2.135020857149));
#7319 = CARTESIAN_POINT('',(11.024050646927,-3.343895712606,
    2.135020857149));
#7320 = CARTESIAN_POINT('',(10.994804243843,-3.414502775528,
    2.135020857149));
#7321 = ORIENTED_EDGE('',*,*,#7192,.T.);
#7322 = ( BOUNDED_SURFACE() B_SPLINE_SURFACE(2,5,(
    (#7323,#7324,#7325,#7326,#7327,#7328,#7329,#7330,#7331,#7332,#7333
      ,#7334,#7335,#7336)
    ,(#7337,#7338,#7339,#7340,#7341,#7342,#7343,#7344,#7345,#7346,#7347
      ,#7348,#7349,#7350)
    ,(#7351,#7352,#7353,#7354,#7355,#7356,#7357,#7358,#7359,#7360,#7361
      ,#7362,#7363,#7364
)),.UNSPECIFIED.,.F.,.F.,.F.) B_SPLINE_SURFACE_WITH_KNOTS((3,3),(6,4,4,6
    ),(0.,6.283186163509),(-0.38212309917,-4.281655465086E-07,
    6.283185735344,6.665307816687),.UNSPECIFIED.) 
GEOMETRIC_REPRESENTATION_ITEM() RATIONAL_B_SPLINE_SURFACE((
    (1.,1.,1.,1.,1.,1.,1.,1.,1.,1.,1.,1.,1.,1.)
    ,(0.93061798229,0.93061798229,0.93061798229,0.93061798229
      ,0.93061798229,0.93061798229,0.93061798229,0.93061798229
      ,0.93061798229,0.93061798229,0.93061798229,0.93061798229
      ,0.93061798229,0.93061798229)
,(1.,1.,1.,1.,1.,1.,1.,1.,1.,1.,1.,1.,1.,1.
))) REPRESENTATION_ITEM('') SURFACE() );
#7323 = CARTESIAN_POINT('',(10.92055195284,3.383746464902,1.930661594627
    ));
#7324 = CARTESIAN_POINT('',(10.950092181957,3.312430043078,
    1.930661594627));
#7325 = CARTESIAN_POINT('',(10.979485498038,3.241468300698,
    1.930661594627));
#7326 = CARTESIAN_POINT('',(11.008731901084,3.17086123776,1.930661594627
    ));
#7327 = CARTESIAN_POINT('',(11.037831391094,3.100608854265,
    1.930661594627));
#7328 = CARTESIAN_POINT('',(11.542846878889,1.881393613491,
    1.930661594627));
#7329 = CARTESIAN_POINT('',(11.793298869276,0.638611325814,
    1.930661594627));
#7330 = CARTESIAN_POINT('',(11.793300574775,-0.638607268283,
    1.930661594627));
#7331 = CARTESIAN_POINT('',(11.542847775584,-1.881391448677,
    1.930661594627));
#7332 = CARTESIAN_POINT('',(11.037831381238,-3.100608878061,
    1.930661594627));
#7333 = CARTESIAN_POINT('',(11.008731886299,-3.170861273454,
    1.930661594627));
#7334 = CARTESIAN_POINT('',(10.979485483253,-3.241468336392,
    1.930661594627));
#7335 = CARTESIAN_POINT('',(10.9500921721,-3.312430066875,1.930661594627
    ));
#7336 = CARTESIAN_POINT('',(10.92055195284,-3.383746464902,
    1.930661594627));
#7337 = CARTESIAN_POINT('',(10.994804243843,3.414502775528,
    2.017037309501));
#7338 = CARTESIAN_POINT('',(11.024050655788,3.343895691214,
    2.017037309501));
#7339 = CARTESIAN_POINT('',(11.053297063302,3.273288617596,
    2.017037309501));
#7340 = CARTESIAN_POINT('',(11.082543466386,3.202681554674,
    2.017037309501));
#7341 = CARTESIAN_POINT('',(11.11178986504,3.132074502448,2.017037309501
    ));
#7342 = CARTESIAN_POINT('',(11.621930363327,1.900486393708,
    2.017037309501));
#7343 = CARTESIAN_POINT('',(11.874923987305,0.645092022978,
    2.017037309501));
#7344 = CARTESIAN_POINT('',(11.874925732041,-0.645087857169,
    2.017037309501));
#7345 = CARTESIAN_POINT('',(11.621931251104,-1.900484250426,
    2.017037309501));
#7346 = CARTESIAN_POINT('',(11.111789856179,-3.13207452384,
    2.017037309501));
#7347 = CARTESIAN_POINT('',(11.082543453095,-3.202681586762,
    2.017037309501));
#7348 = CARTESIAN_POINT('',(11.053297050011,-3.273288649684,
    2.017037309501));
#7349 = CARTESIAN_POINT('',(11.024050646927,-3.343895712606,
    2.017037309501));
#7350 = CARTESIAN_POINT('',(10.994804243843,-3.414502775528,
    2.017037309501));
#7351 = CARTESIAN_POINT('',(10.994804243843,3.414502775528,
    2.135020857149));
#7352 = CARTESIAN_POINT('',(11.024050655788,3.343895691214,
    2.135020857149));
#7353 = CARTESIAN_POINT('',(11.053297063302,3.273288617596,
    2.135020857149));
#7354 = CARTESIAN_POINT('',(11.082543466386,3.202681554674,
    2.135020857149));
#7355 = CARTESIAN_POINT('',(11.11178986504,3.132074502448,2.135020857149
    ));
#7356 = CARTESIAN_POINT('',(11.621930363327,1.900486393708,
    2.135020857149));
#7357 = CARTESIAN_POINT('',(11.874923987305,0.645092022978,
    2.135020857149));
#7358 = CARTESIAN_POINT('',(11.874925732041,-0.645087857169,
    2.135020857149));
#7359 = CARTESIAN_POINT('',(11.621931251104,-1.900484250426,
    2.135020857149));
#7360 = CARTESIAN_POINT('',(11.111789856179,-3.13207452384,
    2.135020857149));
#7361 = CARTESIAN_POINT('',(11.082543453095,-3.202681586762,
    2.135020857149));
#7362 = CARTESIAN_POINT('',(11.053297050011,-3.273288649684,
    2.135020857149));
#7363 = CARTESIAN_POINT('',(11.024050646927,-3.343895712606,
    2.135020857149));
#7364 = CARTESIAN_POINT('',(10.994804243843,-3.414502775528,
    2.135020857149));
#7365 = ADVANCED_FACE('',(#7366,#7437,#7543,#7649),#7755,.T.);
#7366 = FACE_BOUND('',#7367,.T.);
#7367 = EDGE_LOOP('',(#7368,#7375,#7376,#7377,#7385,#7399,#7408,#7422,
    #7429,#7435,#7436));
#7368 = ORIENTED_EDGE('',*,*,#7369,.T.);
#7369 = EDGE_CURVE('',#7274,#7272,#7370,.T.);
#7370 = CIRCLE('',#7371,8.);
#7371 = AXIS2_PLACEMENT_3D('',#7372,#7373,#7374);
#7372 = CARTESIAN_POINT('',(3.75,0.,15.8));
#7373 = DIRECTION('',(0.,0.,-1.));
#7374 = DIRECTION('',(0.923879532511,0.382683432365,0.));
#7375 = ORIENTED_EDGE('',*,*,#7289,.F.);
#7376 = ORIENTED_EDGE('',*,*,#7207,.F.);
#7377 = ORIENTED_EDGE('',*,*,#7378,.T.);
#7378 = EDGE_CURVE('',#7193,#7379,#7381,.T.);
#7379 = VERTEX_POINT('',#7380);
#7380 = CARTESIAN_POINT('',(11.74609279586,-0.25,2.751));
#7381 = LINE('',#7382,#7383);
#7382 = CARTESIAN_POINT('',(11.74609279586,-0.25,2.));
#7383 = VECTOR('',#7384,1.);
#7384 = DIRECTION('',(0.,0.,1.));
#7385 = ORIENTED_EDGE('',*,*,#7386,.F.);
#7386 = EDGE_CURVE('',#7387,#7379,#7389,.T.);
#7387 = VERTEX_POINT('',#7388);
#7388 = CARTESIAN_POINT('',(11.7499999375,-1.000000000001E-03,3.));
#7389 = B_SPLINE_CURVE_WITH_KNOTS('',8,(#7390,#7391,#7392,#7393,#7394,
    #7395,#7396,#7397,#7398),.UNSPECIFIED.,.F.,.F.,(9,9),(0.,1.),
  .PIECEWISE_BEZIER_KNOTS.);
#7390 = CARTESIAN_POINT('',(11.7499999375,-1.000000000001E-03,3.));
#7391 = CARTESIAN_POINT('',(11.749993076129,-5.58909673587E-02,3.));
#7392 = CARTESIAN_POINT('',(11.749556103948,-0.107730635742,
    2.986170860099));
#7393 = CARTESIAN_POINT('',(11.748773592036,-0.153582470172,
    2.961202627104));
#7394 = CARTESIAN_POINT('',(11.747850112637,-0.191729906813,
    2.927426886684));
#7395 = CARTESIAN_POINT('',(11.747003174003,-0.220873039193,
    2.887222392653));
#7396 = CARTESIAN_POINT('',(11.746394352986,-0.240356869526,
    2.842936823341));
#7397 = CARTESIAN_POINT('',(11.74609279586,-0.25,2.796838636828));
#7398 = CARTESIAN_POINT('',(11.74609279586,-0.25,2.751));
#7399 = ORIENTED_EDGE('',*,*,#7400,.T.);
#7400 = EDGE_CURVE('',#7387,#7401,#7403,.T.);
#7401 = VERTEX_POINT('',#7402);
#7402 = CARTESIAN_POINT('',(11.7499999375,9.999999999991E-04,3.));
#7403 = CIRCLE('',#7404,8.);
#7404 = AXIS2_PLACEMENT_3D('',#7405,#7406,#7407);
#7405 = CARTESIAN_POINT('',(3.75,0.,3.));
#7406 = DIRECTION('',(0.,0.,1.));
#7407 = DIRECTION('',(0.923879532511,0.382683432365,-0.));
#7408 = ORIENTED_EDGE('',*,*,#7409,.F.);
#7409 = EDGE_CURVE('',#7410,#7401,#7412,.T.);
#7410 = VERTEX_POINT('',#7411);
#7411 = CARTESIAN_POINT('',(11.746092805235,0.249999700147,
    2.751386428451));
#7412 = B_SPLINE_CURVE_WITH_KNOTS('',8,(#7413,#7414,#7415,#7416,#7417,
    #7418,#7419,#7420,#7421),.UNSPECIFIED.,.F.,.F.,(9,9),(0.,1.),
  .PIECEWISE_BEZIER_KNOTS.);
#7413 = CARTESIAN_POINT('',(11.746092805235,0.249999700147,
    2.751386428451));
#7414 = CARTESIAN_POINT('',(11.746095028934,0.249928576453,
    2.797215813919));
#7415 = CARTESIAN_POINT('',(11.746398705367,0.240217886461,
    2.843211047016));
#7416 = CARTESIAN_POINT('',(11.747007218851,0.220731366176,
    2.887399760713));
#7417 = CARTESIAN_POINT('',(11.747853066884,0.191595555781,
    2.927556312695));
#7418 = CARTESIAN_POINT('',(11.748776652499,0.153442234324,
    2.961298856919));
#7419 = CARTESIAN_POINT('',(11.749557644647,0.107587354222,
    2.986220058684));
#7420 = CARTESIAN_POINT('',(11.749993088303,5.579357808432E-02,3.));
#7421 = CARTESIAN_POINT('',(11.7499999375,1.000000000001E-03,3.));
#7422 = ORIENTED_EDGE('',*,*,#7423,.F.);
#7423 = EDGE_CURVE('',#7424,#7410,#7426,.T.);
#7424 = VERTEX_POINT('',#7425);
#7425 = CARTESIAN_POINT('',(11.74609279586,0.25,2.751));
#7426 = B_SPLINE_CURVE_WITH_KNOTS('',1,(#7427,#7428),.UNSPECIFIED.,.F.,
  .F.,(2,2),(0.,1.),.PIECEWISE_BEZIER_KNOTS.);
#7427 = CARTESIAN_POINT('',(11.74609279586,0.25,2.751));
#7428 = CARTESIAN_POINT('',(11.746092805235,0.249999700147,
    2.751386428451));
#7429 = ORIENTED_EDGE('',*,*,#7430,.F.);
#7430 = EDGE_CURVE('',#7114,#7424,#7431,.T.);
#7431 = LINE('',#7432,#7433);
#7432 = CARTESIAN_POINT('',(11.74609279586,0.25,2.));
#7433 = VECTOR('',#7434,1.);
#7434 = DIRECTION('',(0.,0.,1.));
#7435 = ORIENTED_EDGE('',*,*,#7113,.F.);
#7436 = ORIENTED_EDGE('',*,*,#7282,.T.);
#7437 = FACE_BOUND('',#7438,.T.);
#7438 = EDGE_LOOP('',(#7439,#7455,#7462,#7470,#7477,#7491,#7500,#7514,
    #7522,#7536));
#7439 = ORIENTED_EDGE('',*,*,#7440,.F.);
#7440 = EDGE_CURVE('',#7441,#7443,#7445,.T.);
#7441 = VERTEX_POINT('',#7442);
#7442 = CARTESIAN_POINT('',(11.746092805235,0.249999700147,
    14.751386428451));
#7443 = VERTEX_POINT('',#7444);
#7444 = CARTESIAN_POINT('',(11.7499999375,9.999999999991E-04,15.));
#7445 = B_SPLINE_CURVE_WITH_KNOTS('',8,(#7446,#7447,#7448,#7449,#7450,
    #7451,#7452,#7453,#7454),.UNSPECIFIED.,.F.,.F.,(9,9),(0.,1.),
  .PIECEWISE_BEZIER_KNOTS.);
#7446 = CARTESIAN_POINT('',(11.746092805235,0.249999700147,
    14.751386428451));
#7447 = CARTESIAN_POINT('',(11.746095028934,0.249928576453,
    14.797215813918));
#7448 = CARTESIAN_POINT('',(11.746398705367,0.240217886461,
    14.843211047015));
#7449 = CARTESIAN_POINT('',(11.747007218851,0.220731366177,
    14.887399760713));
#7450 = CARTESIAN_POINT('',(11.747853066884,0.191595555779,
    14.927556312696));
#7451 = CARTESIAN_POINT('',(11.748776652499,0.153442234325,
    14.961298856918));
#7452 = CARTESIAN_POINT('',(11.749557644647,0.107587354222,
    14.986220058684));
#7453 = CARTESIAN_POINT('',(11.749993088303,5.579357808522E-02,15.));
#7454 = CARTESIAN_POINT('',(11.7499999375,1.000000000001E-03,15.));
#7455 = ORIENTED_EDGE('',*,*,#7456,.F.);
#7456 = EDGE_CURVE('',#7457,#7441,#7459,.T.);
#7457 = VERTEX_POINT('',#7458);
#7458 = CARTESIAN_POINT('',(11.74609279586,0.25,14.751));
#7459 = B_SPLINE_CURVE_WITH_KNOTS('',1,(#7460,#7461),.UNSPECIFIED.,.F.,
  .F.,(2,2),(0.,1.),.PIECEWISE_BEZIER_KNOTS.);
#7460 = CARTESIAN_POINT('',(11.74609279586,0.25,14.751));
#7461 = CARTESIAN_POINT('',(11.746092805235,0.249999700147,
    14.751386428451));
#7462 = ORIENTED_EDGE('',*,*,#7463,.F.);
#7463 = EDGE_CURVE('',#7464,#7457,#7466,.T.);
#7464 = VERTEX_POINT('',#7465);
#7465 = CARTESIAN_POINT('',(11.74609279586,0.25,13.249));
#7466 = LINE('',#7467,#7468);
#7467 = CARTESIAN_POINT('',(11.74609279586,0.25,2.));
#7468 = VECTOR('',#7469,1.);
#7469 = DIRECTION('',(0.,0.,1.));
#7470 = ORIENTED_EDGE('',*,*,#7471,.T.);
#7471 = EDGE_CURVE('',#7464,#7472,#7474,.T.);
#7472 = VERTEX_POINT('',#7473);
#7473 = CARTESIAN_POINT('',(11.746092805235,0.249999700147,
    13.248613571549));
#7474 = B_SPLINE_CURVE_WITH_KNOTS('',1,(#7475,#7476),.UNSPECIFIED.,.F.,
  .F.,(2,2),(0.,1.),.PIECEWISE_BEZIER_KNOTS.);
#7475 = CARTESIAN_POINT('',(11.74609279586,0.25,13.249));
#7476 = CARTESIAN_POINT('',(11.746092805235,0.249999700147,
    13.248613571549));
#7477 = ORIENTED_EDGE('',*,*,#7478,.T.);
#7478 = EDGE_CURVE('',#7472,#7479,#7481,.T.);
#7479 = VERTEX_POINT('',#7480);
#7480 = CARTESIAN_POINT('',(11.7499999375,9.999999999991E-04,13.));
#7481 = B_SPLINE_CURVE_WITH_KNOTS('',8,(#7482,#7483,#7484,#7485,#7486,
    #7487,#7488,#7489,#7490),.UNSPECIFIED.,.F.,.F.,(9,9),(0.,1.),
  .PIECEWISE_BEZIER_KNOTS.);
#7482 = CARTESIAN_POINT('',(11.746092805235,0.249999700147,
    13.248613571549));
#7483 = CARTESIAN_POINT('',(11.746095028934,0.249928576453,
    13.20278418608));
#7484 = CARTESIAN_POINT('',(11.746398705367,0.240217886461,
    13.156788952985));
#7485 = CARTESIAN_POINT('',(11.747007218851,0.220731366176,
    13.112600239285));
#7486 = CARTESIAN_POINT('',(11.747853066884,0.191595555782,
    13.072443687307));
#7487 = CARTESIAN_POINT('',(11.748776652499,0.153442234324,
    13.03870114308));
#7488 = CARTESIAN_POINT('',(11.749557644647,0.107587354222,
    13.013779941316));
#7489 = CARTESIAN_POINT('',(11.749993088303,5.579357808353E-02,13.));
#7490 = CARTESIAN_POINT('',(11.7499999375,1.000000000001E-03,13.));
#7491 = ORIENTED_EDGE('',*,*,#7492,.F.);
#7492 = EDGE_CURVE('',#7493,#7479,#7495,.T.);
#7493 = VERTEX_POINT('',#7494);
#7494 = CARTESIAN_POINT('',(11.7499999375,-1.000000000001E-03,13.));
#7495 = CIRCLE('',#7496,8.);
#7496 = AXIS2_PLACEMENT_3D('',#7497,#7498,#7499);
#7497 = CARTESIAN_POINT('',(3.75,0.,13.));
#7498 = DIRECTION('',(0.,0.,1.));
#7499 = DIRECTION('',(0.923879532511,0.382683432365,-0.));
#7500 = ORIENTED_EDGE('',*,*,#7501,.T.);
#7501 = EDGE_CURVE('',#7493,#7502,#7504,.T.);
#7502 = VERTEX_POINT('',#7503);
#7503 = CARTESIAN_POINT('',(11.74609279586,-0.25,13.249));
#7504 = B_SPLINE_CURVE_WITH_KNOTS('',8,(#7505,#7506,#7507,#7508,#7509,
    #7510,#7511,#7512,#7513),.UNSPECIFIED.,.F.,.F.,(9,9),(0.,1.),
  .PIECEWISE_BEZIER_KNOTS.);
#7505 = CARTESIAN_POINT('',(11.7499999375,-1.000000000001E-03,13.));
#7506 = CARTESIAN_POINT('',(11.749993076129,-5.589096735831E-02,13.));
#7507 = CARTESIAN_POINT('',(11.749556103948,-0.107730635743,
    13.013829139901));
#7508 = CARTESIAN_POINT('',(11.748773592036,-0.153582470172,
    13.038797372896));
#7509 = CARTESIAN_POINT('',(11.747850112637,-0.191729906813,
    13.072573113316));
#7510 = CARTESIAN_POINT('',(11.747003174003,-0.220873039192,
    13.112777607346));
#7511 = CARTESIAN_POINT('',(11.746394352986,-0.240356869526,
    13.15706317666));
#7512 = CARTESIAN_POINT('',(11.74609279586,-0.25,13.203161363172));
#7513 = CARTESIAN_POINT('',(11.74609279586,-0.25,13.249));
#7514 = ORIENTED_EDGE('',*,*,#7515,.T.);
#7515 = EDGE_CURVE('',#7502,#7516,#7518,.T.);
#7516 = VERTEX_POINT('',#7517);
#7517 = CARTESIAN_POINT('',(11.74609279586,-0.25,14.751));
#7518 = LINE('',#7519,#7520);
#7519 = CARTESIAN_POINT('',(11.74609279586,-0.25,2.));
#7520 = VECTOR('',#7521,1.);
#7521 = DIRECTION('',(0.,0.,1.));
#7522 = ORIENTED_EDGE('',*,*,#7523,.F.);
#7523 = EDGE_CURVE('',#7524,#7516,#7526,.T.);
#7524 = VERTEX_POINT('',#7525);
#7525 = CARTESIAN_POINT('',(11.7499999375,-1.000000000001E-03,15.));
#7526 = B_SPLINE_CURVE_WITH_KNOTS('',8,(#7527,#7528,#7529,#7530,#7531,
    #7532,#7533,#7534,#7535),.UNSPECIFIED.,.F.,.F.,(9,9),(0.,1.),
  .PIECEWISE_BEZIER_KNOTS.);
#7527 = CARTESIAN_POINT('',(11.7499999375,-1.000000000001E-03,15.));
#7528 = CARTESIAN_POINT('',(11.749993076129,-5.589096735892E-02,15.));
#7529 = CARTESIAN_POINT('',(11.749556103948,-0.107730635741,
    14.9861708601));
#7530 = CARTESIAN_POINT('',(11.748773592036,-0.153582470174,
    14.961202627103));
#7531 = CARTESIAN_POINT('',(11.747850112637,-0.191729906811,
    14.927426886685));
#7532 = CARTESIAN_POINT('',(11.747003174003,-0.220873039194,
    14.887222392652));
#7533 = CARTESIAN_POINT('',(11.746394352986,-0.240356869525,
    14.842936823342));
#7534 = CARTESIAN_POINT('',(11.74609279586,-0.25,14.796838636827));
#7535 = CARTESIAN_POINT('',(11.74609279586,-0.25,14.751));
#7536 = ORIENTED_EDGE('',*,*,#7537,.T.);
#7537 = EDGE_CURVE('',#7524,#7443,#7538,.T.);
#7538 = CIRCLE('',#7539,8.);
#7539 = AXIS2_PLACEMENT_3D('',#7540,#7541,#7542);
#7540 = CARTESIAN_POINT('',(3.75,0.,15.));
#7541 = DIRECTION('',(0.,0.,1.));
#7542 = DIRECTION('',(0.923879532511,0.382683432365,-0.));
#7543 = FACE_BOUND('',#7544,.T.);
#7544 = EDGE_LOOP('',(#7545,#7561,#7570,#7584,#7592,#7606,#7615,#7629,
    #7636,#7644));
#7545 = ORIENTED_EDGE('',*,*,#7546,.T.);
#7546 = EDGE_CURVE('',#7547,#7549,#7551,.T.);
#7547 = VERTEX_POINT('',#7548);
#7548 = CARTESIAN_POINT('',(11.746092805235,0.249999700147,
    9.248613571549));
#7549 = VERTEX_POINT('',#7550);
#7550 = CARTESIAN_POINT('',(11.7499999375,9.999999999991E-04,9.));
#7551 = B_SPLINE_CURVE_WITH_KNOTS('',8,(#7552,#7553,#7554,#7555,#7556,
    #7557,#7558,#7559,#7560),.UNSPECIFIED.,.F.,.F.,(9,9),(0.,1.),
  .PIECEWISE_BEZIER_KNOTS.);
#7552 = CARTESIAN_POINT('',(11.746092805235,0.249999700147,
    9.248613571549));
#7553 = CARTESIAN_POINT('',(11.746095028934,0.249928576453,
    9.202784186079));
#7554 = CARTESIAN_POINT('',(11.746398705367,0.240217886461,
    9.156788952986));
#7555 = CARTESIAN_POINT('',(11.747007218851,0.220731366177,
    9.112600239286));
#7556 = CARTESIAN_POINT('',(11.747853066884,0.191595555781,
    9.072443687306));
#7557 = CARTESIAN_POINT('',(11.748776652499,0.153442234325,
    9.038701143081));
#7558 = CARTESIAN_POINT('',(11.749557644647,0.107587354222,
    9.013779941316));
#7559 = CARTESIAN_POINT('',(11.749993088303,5.579357808342E-02,9.));
#7560 = CARTESIAN_POINT('',(11.7499999375,1.000000000001E-03,9.));
#7561 = ORIENTED_EDGE('',*,*,#7562,.F.);
#7562 = EDGE_CURVE('',#7563,#7549,#7565,.T.);
#7563 = VERTEX_POINT('',#7564);
#7564 = CARTESIAN_POINT('',(11.7499999375,-1.000000000001E-03,9.));
#7565 = CIRCLE('',#7566,8.);
#7566 = AXIS2_PLACEMENT_3D('',#7567,#7568,#7569);
#7567 = CARTESIAN_POINT('',(3.75,0.,9.));
#7568 = DIRECTION('',(0.,0.,1.));
#7569 = DIRECTION('',(0.923879532511,0.382683432365,-0.));
#7570 = ORIENTED_EDGE('',*,*,#7571,.T.);
#7571 = EDGE_CURVE('',#7563,#7572,#7574,.T.);
#7572 = VERTEX_POINT('',#7573);
#7573 = CARTESIAN_POINT('',(11.74609279586,-0.25,9.249));
#7574 = B_SPLINE_CURVE_WITH_KNOTS('',8,(#7575,#7576,#7577,#7578,#7579,
    #7580,#7581,#7582,#7583),.UNSPECIFIED.,.F.,.F.,(9,9),(0.,1.),
  .PIECEWISE_BEZIER_KNOTS.);
#7575 = CARTESIAN_POINT('',(11.7499999375,-1.000000000001E-03,9.));
#7576 = CARTESIAN_POINT('',(11.749993076129,-5.589096735842E-02,9.));
#7577 = CARTESIAN_POINT('',(11.749556103948,-0.107730635742,9.0138291399
    ));
#7578 = CARTESIAN_POINT('',(11.748773592036,-0.153582470173,
    9.038797372896));
#7579 = CARTESIAN_POINT('',(11.747850112637,-0.191729906811,
    9.072573113316));
#7580 = CARTESIAN_POINT('',(11.747003174003,-0.220873039193,
    9.112777607346));
#7581 = CARTESIAN_POINT('',(11.746394352986,-0.240356869526,
    9.15706317666));
#7582 = CARTESIAN_POINT('',(11.74609279586,-0.25,9.203161363172));
#7583 = CARTESIAN_POINT('',(11.74609279586,-0.25,9.249));
#7584 = ORIENTED_EDGE('',*,*,#7585,.T.);
#7585 = EDGE_CURVE('',#7572,#7586,#7588,.T.);
#7586 = VERTEX_POINT('',#7587);
#7587 = CARTESIAN_POINT('',(11.74609279586,-0.25,10.751));
#7588 = LINE('',#7589,#7590);
#7589 = CARTESIAN_POINT('',(11.74609279586,-0.25,2.));
#7590 = VECTOR('',#7591,1.);
#7591 = DIRECTION('',(0.,0.,1.));
#7592 = ORIENTED_EDGE('',*,*,#7593,.F.);
#7593 = EDGE_CURVE('',#7594,#7586,#7596,.T.);
#7594 = VERTEX_POINT('',#7595);
#7595 = CARTESIAN_POINT('',(11.7499999375,-1.000000000001E-03,11.));
#7596 = B_SPLINE_CURVE_WITH_KNOTS('',8,(#7597,#7598,#7599,#7600,#7601,
    #7602,#7603,#7604,#7605),.UNSPECIFIED.,.F.,.F.,(9,9),(0.,1.),
  .PIECEWISE_BEZIER_KNOTS.);
#7597 = CARTESIAN_POINT('',(11.7499999375,-1.000000000001E-03,11.));
#7598 = CARTESIAN_POINT('',(11.749993076129,-5.589096735892E-02,11.));
#7599 = CARTESIAN_POINT('',(11.749556103948,-0.107730635741,
    10.9861708601));
#7600 = CARTESIAN_POINT('',(11.748773592036,-0.153582470174,
    10.961202627103));
#7601 = CARTESIAN_POINT('',(11.747850112637,-0.191729906811,
    10.927426886685));
#7602 = CARTESIAN_POINT('',(11.747003174003,-0.220873039194,
    10.887222392652));
#7603 = CARTESIAN_POINT('',(11.746394352986,-0.240356869525,
    10.842936823342));
#7604 = CARTESIAN_POINT('',(11.74609279586,-0.25,10.796838636827));
#7605 = CARTESIAN_POINT('',(11.74609279586,-0.25,10.751));
#7606 = ORIENTED_EDGE('',*,*,#7607,.T.);
#7607 = EDGE_CURVE('',#7594,#7608,#7610,.T.);
#7608 = VERTEX_POINT('',#7609);
#7609 = CARTESIAN_POINT('',(11.7499999375,9.999999999991E-04,11.));
#7610 = CIRCLE('',#7611,8.);
#7611 = AXIS2_PLACEMENT_3D('',#7612,#7613,#7614);
#7612 = CARTESIAN_POINT('',(3.75,0.,11.));
#7613 = DIRECTION('',(0.,0.,1.));
#7614 = DIRECTION('',(0.923879532511,0.382683432365,-0.));
#7615 = ORIENTED_EDGE('',*,*,#7616,.F.);
#7616 = EDGE_CURVE('',#7617,#7608,#7619,.T.);
#7617 = VERTEX_POINT('',#7618);
#7618 = CARTESIAN_POINT('',(11.746092805235,0.249999700147,
    10.751386428451));
#7619 = B_SPLINE_CURVE_WITH_KNOTS('',8,(#7620,#7621,#7622,#7623,#7624,
    #7625,#7626,#7627,#7628),.UNSPECIFIED.,.F.,.F.,(9,9),(0.,1.),
  .PIECEWISE_BEZIER_KNOTS.);
#7620 = CARTESIAN_POINT('',(11.746092805235,0.249999700147,
    10.751386428451));
#7621 = CARTESIAN_POINT('',(11.746095028934,0.249928576453,
    10.797215813918));
#7622 = CARTESIAN_POINT('',(11.746398705367,0.240217886461,
    10.843211047015));
#7623 = CARTESIAN_POINT('',(11.747007218851,0.220731366177,
    10.887399760713));
#7624 = CARTESIAN_POINT('',(11.747853066884,0.191595555779,
    10.927556312696));
#7625 = CARTESIAN_POINT('',(11.748776652499,0.153442234325,
    10.961298856918));
#7626 = CARTESIAN_POINT('',(11.749557644647,0.107587354222,
    10.986220058684));
#7627 = CARTESIAN_POINT('',(11.749993088303,5.579357808522E-02,11.));
#7628 = CARTESIAN_POINT('',(11.7499999375,1.000000000001E-03,11.));
#7629 = ORIENTED_EDGE('',*,*,#7630,.F.);
#7630 = EDGE_CURVE('',#7631,#7617,#7633,.T.);
#7631 = VERTEX_POINT('',#7632);
#7632 = CARTESIAN_POINT('',(11.74609279586,0.25,10.751));
#7633 = B_SPLINE_CURVE_WITH_KNOTS('',1,(#7634,#7635),.UNSPECIFIED.,.F.,
  .F.,(2,2),(0.,1.),.PIECEWISE_BEZIER_KNOTS.);
#7634 = CARTESIAN_POINT('',(11.74609279586,0.25,10.751));
#7635 = CARTESIAN_POINT('',(11.746092805235,0.249999700147,
    10.751386428451));
#7636 = ORIENTED_EDGE('',*,*,#7637,.F.);
#7637 = EDGE_CURVE('',#7638,#7631,#7640,.T.);
#7638 = VERTEX_POINT('',#7639);
#7639 = CARTESIAN_POINT('',(11.74609279586,0.25,9.249));
#7640 = LINE('',#7641,#7642);
#7641 = CARTESIAN_POINT('',(11.74609279586,0.25,2.));
#7642 = VECTOR('',#7643,1.);
#7643 = DIRECTION('',(0.,0.,1.));
#7644 = ORIENTED_EDGE('',*,*,#7645,.T.);
#7645 = EDGE_CURVE('',#7638,#7547,#7646,.T.);
#7646 = B_SPLINE_CURVE_WITH_KNOTS('',1,(#7647,#7648),.UNSPECIFIED.,.F.,
  .F.,(2,2),(0.,1.),.PIECEWISE_BEZIER_KNOTS.);
#7647 = CARTESIAN_POINT('',(11.74609279586,0.25,9.249));
#7648 = CARTESIAN_POINT('',(11.746092805235,0.249999700147,
    9.248613571549));
#7649 = FACE_BOUND('',#7650,.T.);
#7650 = EDGE_LOOP('',(#7651,#7667,#7676,#7690,#7698,#7712,#7721,#7735,
    #7742,#7750));
#7651 = ORIENTED_EDGE('',*,*,#7652,.T.);
#7652 = EDGE_CURVE('',#7653,#7655,#7657,.T.);
#7653 = VERTEX_POINT('',#7654);
#7654 = CARTESIAN_POINT('',(11.746092805235,0.249999700147,
    5.248613571549));
#7655 = VERTEX_POINT('',#7656);
#7656 = CARTESIAN_POINT('',(11.7499999375,9.999999999991E-04,5.));
#7657 = B_SPLINE_CURVE_WITH_KNOTS('',8,(#7658,#7659,#7660,#7661,#7662,
    #7663,#7664,#7665,#7666),.UNSPECIFIED.,.F.,.F.,(9,9),(0.,1.),
  .PIECEWISE_BEZIER_KNOTS.);
#7658 = CARTESIAN_POINT('',(11.746092805235,0.249999700147,
    5.248613571549));
#7659 = CARTESIAN_POINT('',(11.746095028934,0.249928576453,
    5.202784186079));
#7660 = CARTESIAN_POINT('',(11.746398705367,0.240217886461,
    5.156788952985));
#7661 = CARTESIAN_POINT('',(11.747007218851,0.220731366176,
    5.112600239287));
#7662 = CARTESIAN_POINT('',(11.747853066884,0.191595555782,
    5.072443687307));
#7663 = CARTESIAN_POINT('',(11.748776652499,0.153442234325,5.03870114308
    ));
#7664 = CARTESIAN_POINT('',(11.749557644647,0.107587354221,
    5.013779941316));
#7665 = CARTESIAN_POINT('',(11.749993088303,5.579357808302E-02,5.));
#7666 = CARTESIAN_POINT('',(11.7499999375,1.000000000001E-03,5.));
#7667 = ORIENTED_EDGE('',*,*,#7668,.F.);
#7668 = EDGE_CURVE('',#7669,#7655,#7671,.T.);
#7669 = VERTEX_POINT('',#7670);
#7670 = CARTESIAN_POINT('',(11.7499999375,-1.000000000001E-03,5.));
#7671 = CIRCLE('',#7672,8.);
#7672 = AXIS2_PLACEMENT_3D('',#7673,#7674,#7675);
#7673 = CARTESIAN_POINT('',(3.75,0.,5.));
#7674 = DIRECTION('',(0.,0.,1.));
#7675 = DIRECTION('',(0.923879532511,0.382683432365,-0.));
#7676 = ORIENTED_EDGE('',*,*,#7677,.T.);
#7677 = EDGE_CURVE('',#7669,#7678,#7680,.T.);
#7678 = VERTEX_POINT('',#7679);
#7679 = CARTESIAN_POINT('',(11.74609279586,-0.25,5.249));
#7680 = B_SPLINE_CURVE_WITH_KNOTS('',8,(#7681,#7682,#7683,#7684,#7685,
    #7686,#7687,#7688,#7689),.UNSPECIFIED.,.F.,.F.,(9,9),(0.,1.),
  .PIECEWISE_BEZIER_KNOTS.);
#7681 = CARTESIAN_POINT('',(11.7499999375,-1.000000000001E-03,5.));
#7682 = CARTESIAN_POINT('',(11.749993076129,-5.589096735842E-02,5.));
#7683 = CARTESIAN_POINT('',(11.749556103948,-0.107730635742,
    5.013829139901));
#7684 = CARTESIAN_POINT('',(11.748773592036,-0.153582470172,
    5.038797372896));
#7685 = CARTESIAN_POINT('',(11.747850112637,-0.191729906813,
    5.072573113317));
#7686 = CARTESIAN_POINT('',(11.747003174003,-0.220873039192,
    5.112777607346));
#7687 = CARTESIAN_POINT('',(11.746394352986,-0.240356869526,
    5.157063176659));
#7688 = CARTESIAN_POINT('',(11.74609279586,-0.25,5.203161363172));
#7689 = CARTESIAN_POINT('',(11.74609279586,-0.25,5.249));
#7690 = ORIENTED_EDGE('',*,*,#7691,.T.);
#7691 = EDGE_CURVE('',#7678,#7692,#7694,.T.);
#7692 = VERTEX_POINT('',#7693);
#7693 = CARTESIAN_POINT('',(11.74609279586,-0.25,6.751));
#7694 = LINE('',#7695,#7696);
#7695 = CARTESIAN_POINT('',(11.74609279586,-0.25,2.));
#7696 = VECTOR('',#7697,1.);
#7697 = DIRECTION('',(0.,0.,1.));
#7698 = ORIENTED_EDGE('',*,*,#7699,.F.);
#7699 = EDGE_CURVE('',#7700,#7692,#7702,.T.);
#7700 = VERTEX_POINT('',#7701);
#7701 = CARTESIAN_POINT('',(11.7499999375,-1.000000000001E-03,7.));
#7702 = B_SPLINE_CURVE_WITH_KNOTS('',8,(#7703,#7704,#7705,#7706,#7707,
    #7708,#7709,#7710,#7711),.UNSPECIFIED.,.F.,.F.,(9,9),(0.,1.),
  .PIECEWISE_BEZIER_KNOTS.);
#7703 = CARTESIAN_POINT('',(11.7499999375,-1.000000000001E-03,7.));
#7704 = CARTESIAN_POINT('',(11.749993076129,-5.589096735814E-02,7.));
#7705 = CARTESIAN_POINT('',(11.749556103948,-0.107730635743,
    6.986170860099));
#7706 = CARTESIAN_POINT('',(11.748773592036,-0.153582470171,
    6.961202627105));
#7707 = CARTESIAN_POINT('',(11.747850112637,-0.191729906814,
    6.927426886683));
#7708 = CARTESIAN_POINT('',(11.747003174003,-0.220873039192,
    6.887222392655));
#7709 = CARTESIAN_POINT('',(11.746394352986,-0.240356869526,
    6.84293682334));
#7710 = CARTESIAN_POINT('',(11.74609279586,-0.25,6.796838636828));
#7711 = CARTESIAN_POINT('',(11.74609279586,-0.25,6.751));
#7712 = ORIENTED_EDGE('',*,*,#7713,.T.);
#7713 = EDGE_CURVE('',#7700,#7714,#7716,.T.);
#7714 = VERTEX_POINT('',#7715);
#7715 = CARTESIAN_POINT('',(11.7499999375,9.999999999991E-04,7.));
#7716 = CIRCLE('',#7717,8.);
#7717 = AXIS2_PLACEMENT_3D('',#7718,#7719,#7720);
#7718 = CARTESIAN_POINT('',(3.75,0.,7.));
#7719 = DIRECTION('',(0.,0.,1.));
#7720 = DIRECTION('',(0.923879532511,0.382683432365,-0.));
#7721 = ORIENTED_EDGE('',*,*,#7722,.F.);
#7722 = EDGE_CURVE('',#7723,#7714,#7725,.T.);
#7723 = VERTEX_POINT('',#7724);
#7724 = CARTESIAN_POINT('',(11.746092805235,0.249999700147,
    6.751386428451));
#7725 = B_SPLINE_CURVE_WITH_KNOTS('',8,(#7726,#7727,#7728,#7729,#7730,
    #7731,#7732,#7733,#7734),.UNSPECIFIED.,.F.,.F.,(9,9),(0.,1.),
  .PIECEWISE_BEZIER_KNOTS.);
#7726 = CARTESIAN_POINT('',(11.746092805235,0.249999700147,
    6.751386428451));
#7727 = CARTESIAN_POINT('',(11.746095028934,0.249928576453,6.79721581392
    ));
#7728 = CARTESIAN_POINT('',(11.746398705367,0.240217886461,
    6.843211047015));
#7729 = CARTESIAN_POINT('',(11.747007218851,0.220731366176,
    6.887399760713));
#7730 = CARTESIAN_POINT('',(11.747853066884,0.191595555781,
    6.927556312694));
#7731 = CARTESIAN_POINT('',(11.748776652499,0.153442234325,6.96129885692
    ));
#7732 = CARTESIAN_POINT('',(11.749557644647,0.107587354221,
    6.986220058684));
#7733 = CARTESIAN_POINT('',(11.749993088303,5.5793578084E-02,7.));
#7734 = CARTESIAN_POINT('',(11.7499999375,1.000000000001E-03,7.));
#7735 = ORIENTED_EDGE('',*,*,#7736,.F.);
#7736 = EDGE_CURVE('',#7737,#7723,#7739,.T.);
#7737 = VERTEX_POINT('',#7738);
#7738 = CARTESIAN_POINT('',(11.74609279586,0.25,6.751));
#7739 = B_SPLINE_CURVE_WITH_KNOTS('',1,(#7740,#7741),.UNSPECIFIED.,.F.,
  .F.,(2,2),(0.,1.),.PIECEWISE_BEZIER_KNOTS.);
#7740 = CARTESIAN_POINT('',(11.74609279586,0.25,6.751));
#7741 = CARTESIAN_POINT('',(11.746092805235,0.249999700147,
    6.751386428451));
#7742 = ORIENTED_EDGE('',*,*,#7743,.F.);
#7743 = EDGE_CURVE('',#7744,#7737,#7746,.T.);
#7744 = VERTEX_POINT('',#7745);
#7745 = CARTESIAN_POINT('',(11.74609279586,0.25,5.249));
#7746 = LINE('',#7747,#7748);
#7747 = CARTESIAN_POINT('',(11.74609279586,0.25,2.));
#7748 = VECTOR('',#7749,1.);
#7749 = DIRECTION('',(0.,0.,1.));
#7750 = ORIENTED_EDGE('',*,*,#7751,.T.);
#7751 = EDGE_CURVE('',#7744,#7653,#7752,.T.);
#7752 = B_SPLINE_CURVE_WITH_KNOTS('',1,(#7753,#7754),.UNSPECIFIED.,.F.,
  .F.,(2,2),(0.,1.),.PIECEWISE_BEZIER_KNOTS.);
#7753 = CARTESIAN_POINT('',(11.74609279586,0.25,5.249));
#7754 = CARTESIAN_POINT('',(11.746092805235,0.249999700147,
    5.248613571549));
#7755 = CYLINDRICAL_SURFACE('',#7756,8.);
#7756 = AXIS2_PLACEMENT_3D('',#7757,#7758,#7759);
#7757 = CARTESIAN_POINT('',(3.75,0.,2.));
#7758 = DIRECTION('',(0.,0.,1.));
#7759 = DIRECTION('',(0.923879532511,0.382683432365,-0.));
#7760 = ADVANCED_FACE('',(#7761),#7789,.T.);
#7761 = FACE_BOUND('',#7762,.T.);
#7762 = EDGE_LOOP('',(#7763,#7772,#7781,#7788));
#7763 = ORIENTED_EDGE('',*,*,#7764,.T.);
#7764 = EDGE_CURVE('',#7272,#7765,#7767,.T.);
#7765 = VERTEX_POINT('',#7766);
#7766 = CARTESIAN_POINT('',(10.956260353588,-2.984930772448,16.));
#7767 = CIRCLE('',#7768,0.2);
#7768 = AXIS2_PLACEMENT_3D('',#7769,#7770,#7771);
#7769 = CARTESIAN_POINT('',(10.956260353588,-2.984930772448,15.8));
#7770 = DIRECTION('',(-0.382683432365,-0.923879532511,0.));
#7771 = DIRECTION('',(0.923879532511,-0.382683432365,0.));
#7772 = ORIENTED_EDGE('',*,*,#7773,.T.);
#7773 = EDGE_CURVE('',#7765,#7774,#7776,.T.);
#7774 = VERTEX_POINT('',#7775);
#7775 = CARTESIAN_POINT('',(10.956260353588,2.984930772448,16.));
#7776 = CIRCLE('',#7777,7.8);
#7777 = AXIS2_PLACEMENT_3D('',#7778,#7779,#7780);
#7778 = CARTESIAN_POINT('',(3.75,0.,16.));
#7779 = DIRECTION('',(0.,0.,-1.));
#7780 = DIRECTION('',(0.923879532511,-0.382683432365,0.));
#7781 = ORIENTED_EDGE('',*,*,#7782,.F.);
#7782 = EDGE_CURVE('',#7274,#7774,#7783,.T.);
#7783 = CIRCLE('',#7784,0.2);
#7784 = AXIS2_PLACEMENT_3D('',#7785,#7786,#7787);
#7785 = CARTESIAN_POINT('',(10.956260353588,2.984930772448,15.8));
#7786 = DIRECTION('',(0.382683432365,-0.923879532511,0.));
#7787 = DIRECTION('',(0.923879532511,0.382683432365,0.));
#7788 = ORIENTED_EDGE('',*,*,#7271,.F.);
#7789 = TOROIDAL_SURFACE('',#7790,7.8,0.2);
#7790 = AXIS2_PLACEMENT_3D('',#7791,#7792,#7793);
#7791 = CARTESIAN_POINT('',(3.75,0.,15.8));
#7792 = DIRECTION('',(0.,0.,1.));
#7793 = DIRECTION('',(0.923879532511,-0.382683432365,0.));
#7794 = ADVANCED_FACE('',(#7795),#7804,.T.);
#7795 = FACE_BOUND('',#7796,.T.);
#7796 = EDGE_LOOP('',(#7797,#7798,#7799,#7800,#7801,#7802,#7803));
#7797 = ORIENTED_EDGE('',*,*,#7423,.T.);
#7798 = ORIENTED_EDGE('',*,*,#7409,.T.);
#7799 = ORIENTED_EDGE('',*,*,#7400,.F.);
#7800 = ORIENTED_EDGE('',*,*,#7386,.T.);
#7801 = ORIENTED_EDGE('',*,*,#7378,.F.);
#7802 = ORIENTED_EDGE('',*,*,#7305,.F.);
#7803 = ORIENTED_EDGE('',*,*,#7430,.T.);
#7804 = CYLINDRICAL_SURFACE('',#7805,8.);
#7805 = AXIS2_PLACEMENT_3D('',#7806,#7807,#7808);
#7806 = CARTESIAN_POINT('',(3.75,0.,2.));
#7807 = DIRECTION('',(0.,0.,1.));
#7808 = DIRECTION('',(0.923879532511,0.382683432365,-0.));
#7809 = ADVANCED_FACE('',(#7810),#7822,.T.);
#7810 = FACE_BOUND('',#7811,.T.);
#7811 = EDGE_LOOP('',(#7812,#7813,#7820,#7821));
#7812 = ORIENTED_EDGE('',*,*,#7782,.T.);
#7813 = ORIENTED_EDGE('',*,*,#7814,.T.);
#7814 = EDGE_CURVE('',#7774,#7765,#7815,.T.);
#7815 = CIRCLE('',#7816,7.8);
#7816 = AXIS2_PLACEMENT_3D('',#7817,#7818,#7819);
#7817 = CARTESIAN_POINT('',(3.75,0.,16.));
#7818 = DIRECTION('',(0.,0.,-1.));
#7819 = DIRECTION('',(0.923879532511,0.382683432365,0.));
#7820 = ORIENTED_EDGE('',*,*,#7764,.F.);
#7821 = ORIENTED_EDGE('',*,*,#7369,.F.);
#7822 = TOROIDAL_SURFACE('',#7823,7.8,0.2);
#7823 = AXIS2_PLACEMENT_3D('',#7824,#7825,#7826);
#7824 = CARTESIAN_POINT('',(3.75,0.,15.8));
#7825 = DIRECTION('',(0.,0.,1.));
#7826 = DIRECTION('',(0.923879532511,0.382683432365,-0.));
#7827 = ADVANCED_FACE('',(#7828),#7840,.T.);
#7828 = FACE_BOUND('',#7829,.T.);
#7829 = EDGE_LOOP('',(#7830,#7831,#7832,#7833,#7834,#7835,#7836,#7837,
    #7838,#7839));
#7830 = ORIENTED_EDGE('',*,*,#7456,.T.);
#7831 = ORIENTED_EDGE('',*,*,#7440,.T.);
#7832 = ORIENTED_EDGE('',*,*,#7537,.F.);
#7833 = ORIENTED_EDGE('',*,*,#7523,.T.);
#7834 = ORIENTED_EDGE('',*,*,#7515,.F.);
#7835 = ORIENTED_EDGE('',*,*,#7501,.F.);
#7836 = ORIENTED_EDGE('',*,*,#7492,.T.);
#7837 = ORIENTED_EDGE('',*,*,#7478,.F.);
#7838 = ORIENTED_EDGE('',*,*,#7471,.F.);
#7839 = ORIENTED_EDGE('',*,*,#7463,.T.);
#7840 = CYLINDRICAL_SURFACE('',#7841,8.);
#7841 = AXIS2_PLACEMENT_3D('',#7842,#7843,#7844);
#7842 = CARTESIAN_POINT('',(3.75,0.,2.));
#7843 = DIRECTION('',(0.,0.,1.));
#7844 = DIRECTION('',(0.923879532511,0.382683432365,-0.));
#7845 = ADVANCED_FACE('',(#7846),#7858,.T.);
#7846 = FACE_BOUND('',#7847,.T.);
#7847 = EDGE_LOOP('',(#7848,#7849,#7850,#7851,#7852,#7853,#7854,#7855,
    #7856,#7857));
#7848 = ORIENTED_EDGE('',*,*,#7630,.T.);
#7849 = ORIENTED_EDGE('',*,*,#7616,.T.);
#7850 = ORIENTED_EDGE('',*,*,#7607,.F.);
#7851 = ORIENTED_EDGE('',*,*,#7593,.T.);
#7852 = ORIENTED_EDGE('',*,*,#7585,.F.);
#7853 = ORIENTED_EDGE('',*,*,#7571,.F.);
#7854 = ORIENTED_EDGE('',*,*,#7562,.T.);
#7855 = ORIENTED_EDGE('',*,*,#7546,.F.);
#7856 = ORIENTED_EDGE('',*,*,#7645,.F.);
#7857 = ORIENTED_EDGE('',*,*,#7637,.T.);
#7858 = CYLINDRICAL_SURFACE('',#7859,8.);
#7859 = AXIS2_PLACEMENT_3D('',#7860,#7861,#7862);
#7860 = CARTESIAN_POINT('',(3.75,0.,2.));
#7861 = DIRECTION('',(0.,0.,1.));
#7862 = DIRECTION('',(0.923879532511,0.382683432365,-0.));
#7863 = ADVANCED_FACE('',(#7864),#7876,.T.);
#7864 = FACE_BOUND('',#7865,.T.);
#7865 = EDGE_LOOP('',(#7866,#7867,#7868,#7869,#7870,#7871,#7872,#7873,
    #7874,#7875));
#7866 = ORIENTED_EDGE('',*,*,#7736,.T.);
#7867 = ORIENTED_EDGE('',*,*,#7722,.T.);
#7868 = ORIENTED_EDGE('',*,*,#7713,.F.);
#7869 = ORIENTED_EDGE('',*,*,#7699,.T.);
#7870 = ORIENTED_EDGE('',*,*,#7691,.F.);
#7871 = ORIENTED_EDGE('',*,*,#7677,.F.);
#7872 = ORIENTED_EDGE('',*,*,#7668,.T.);
#7873 = ORIENTED_EDGE('',*,*,#7652,.F.);
#7874 = ORIENTED_EDGE('',*,*,#7751,.F.);
#7875 = ORIENTED_EDGE('',*,*,#7743,.T.);
#7876 = CYLINDRICAL_SURFACE('',#7877,8.);
#7877 = AXIS2_PLACEMENT_3D('',#7878,#7879,#7880);
#7878 = CARTESIAN_POINT('',(3.75,0.,2.));
#7879 = DIRECTION('',(0.,0.,1.));
#7880 = DIRECTION('',(0.923879532511,0.382683432365,-0.));
#7881 = ADVANCED_FACE('',(#7882),#7908,.F.);
#7882 = FACE_BOUND('',#7883,.F.);
#7883 = EDGE_LOOP('',(#7884,#7885,#7893,#7902));
#7884 = ORIENTED_EDGE('',*,*,#7773,.T.);
#7885 = ORIENTED_EDGE('',*,*,#7886,.T.);
#7886 = EDGE_CURVE('',#7774,#7887,#7889,.T.);
#7887 = VERTEX_POINT('',#7888);
#7888 = CARTESIAN_POINT('',(8.923725382063,2.143027221245,16.));
#7889 = LINE('',#7890,#7891);
#7890 = CARTESIAN_POINT('',(10.956260353588,2.984930772448,16.));
#7891 = VECTOR('',#7892,1.);
#7892 = DIRECTION('',(-0.923879532511,-0.382683432365,0.));
#7893 = ORIENTED_EDGE('',*,*,#7894,.F.);
#7894 = EDGE_CURVE('',#7895,#7887,#7897,.T.);
#7895 = VERTEX_POINT('',#7896);
#7896 = CARTESIAN_POINT('',(8.923725382063,-2.143027221245,16.));
#7897 = CIRCLE('',#7898,5.6);
#7898 = AXIS2_PLACEMENT_3D('',#7899,#7900,#7901);
#7899 = CARTESIAN_POINT('',(3.75,0.,16.));
#7900 = DIRECTION('',(0.,0.,-1.));
#7901 = DIRECTION('',(0.923879532511,-0.382683432365,0.));
#7902 = ORIENTED_EDGE('',*,*,#7903,.F.);
#7903 = EDGE_CURVE('',#7765,#7895,#7904,.T.);
#7904 = LINE('',#7905,#7906);
#7905 = CARTESIAN_POINT('',(10.956260353588,-2.984930772448,16.));
#7906 = VECTOR('',#7907,1.);
#7907 = DIRECTION('',(-0.923879532511,0.382683432365,0.));
#7908 = PLANE('',#7909);
#7909 = AXIS2_PLACEMENT_3D('',#7910,#7911,#7912);
#7910 = CARTESIAN_POINT('',(3.75,0.,16.));
#7911 = DIRECTION('',(0.,0.,-1.));
#7912 = DIRECTION('',(0.923879532511,-0.382683432365,0.));
#7913 = ADVANCED_FACE('',(#7914),#7926,.F.);
#7914 = FACE_BOUND('',#7915,.F.);
#7915 = EDGE_LOOP('',(#7916,#7917,#7918,#7925));
#7916 = ORIENTED_EDGE('',*,*,#7814,.T.);
#7917 = ORIENTED_EDGE('',*,*,#7903,.T.);
#7918 = ORIENTED_EDGE('',*,*,#7919,.F.);
#7919 = EDGE_CURVE('',#7887,#7895,#7920,.T.);
#7920 = CIRCLE('',#7921,5.6);
#7921 = AXIS2_PLACEMENT_3D('',#7922,#7923,#7924);
#7922 = CARTESIAN_POINT('',(3.75,0.,16.));
#7923 = DIRECTION('',(0.,0.,-1.));
#7924 = DIRECTION('',(0.923879532511,0.382683432365,0.));
#7925 = ORIENTED_EDGE('',*,*,#7886,.F.);
#7926 = PLANE('',#7927);
#7927 = AXIS2_PLACEMENT_3D('',#7928,#7929,#7930);
#7928 = CARTESIAN_POINT('',(3.75,0.,16.));
#7929 = DIRECTION('',(0.,0.,-1.));
#7930 = DIRECTION('',(0.923879532511,0.382683432365,0.));
#7931 = ADVANCED_FACE('',(#7932),#8069,.F.);
#7932 = FACE_BOUND('',#7933,.F.);
#7933 = EDGE_LOOP('',(#7934,#7942,#7943,#7951,#7960,#7968,#7977,#7985,
    #7994,#8002,#8011,#8020,#8028,#8037,#8045,#8054,#8062));
#7934 = ORIENTED_EDGE('',*,*,#7935,.F.);
#7935 = EDGE_CURVE('',#7895,#7936,#7938,.T.);
#7936 = VERTEX_POINT('',#7937);
#7937 = CARTESIAN_POINT('',(8.923725382063,-2.143027221244,15.9));
#7938 = LINE('',#7939,#7940);
#7939 = CARTESIAN_POINT('',(8.923725382063,-2.143027221245,16.));
#7940 = VECTOR('',#7941,1.);
#7941 = DIRECTION('',(0.,0.,-1.));
#7942 = ORIENTED_EDGE('',*,*,#7894,.T.);
#7943 = ORIENTED_EDGE('',*,*,#7944,.T.);
#7944 = EDGE_CURVE('',#7887,#7945,#7947,.T.);
#7945 = VERTEX_POINT('',#7946);
#7946 = CARTESIAN_POINT('',(8.923725382063,2.143027221244,15.9));
#7947 = LINE('',#7948,#7949);
#7948 = CARTESIAN_POINT('',(8.923725382063,2.143027221245,16.));
#7949 = VECTOR('',#7950,1.);
#7950 = DIRECTION('',(0.,0.,-1.));
#7951 = ORIENTED_EDGE('',*,*,#7952,.T.);
#7952 = EDGE_CURVE('',#7945,#7953,#7955,.T.);
#7953 = VERTEX_POINT('',#7954);
#7954 = CARTESIAN_POINT('',(3.8,5.599776781265,15.9));
#7955 = CIRCLE('',#7956,5.6);
#7956 = AXIS2_PLACEMENT_3D('',#7957,#7958,#7959);
#7957 = CARTESIAN_POINT('',(3.75,0.,15.9));
#7958 = DIRECTION('',(0.,0.,1.));
#7959 = DIRECTION('',(-1.,1.224646799147E-16,0.));
#7960 = ORIENTED_EDGE('',*,*,#7961,.T.);
#7961 = EDGE_CURVE('',#7953,#7962,#7964,.T.);
#7962 = VERTEX_POINT('',#7963);
#7963 = CARTESIAN_POINT('',(3.8,5.599776781265,15.8));
#7964 = LINE('',#7965,#7966);
#7965 = CARTESIAN_POINT('',(3.8,5.599776781265,15.7));
#7966 = VECTOR('',#7967,1.);
#7967 = DIRECTION('',(0.,0.,-1.));
#7968 = ORIENTED_EDGE('',*,*,#7969,.F.);
#7969 = EDGE_CURVE('',#7970,#7962,#7972,.T.);
#7970 = VERTEX_POINT('',#7971);
#7971 = CARTESIAN_POINT('',(3.7,5.599776781265,15.8));
#7972 = CIRCLE('',#7973,5.6);
#7973 = AXIS2_PLACEMENT_3D('',#7974,#7975,#7976);
#7974 = CARTESIAN_POINT('',(3.75,0.,15.8));
#7975 = DIRECTION('',(0.,0.,-1.));
#7976 = DIRECTION('',(-1.,1.224646799147E-16,0.));
#7977 = ORIENTED_EDGE('',*,*,#7978,.F.);
#7978 = EDGE_CURVE('',#7979,#7970,#7981,.T.);
#7979 = VERTEX_POINT('',#7980);
#7980 = CARTESIAN_POINT('',(3.7,5.599776781265,15.9));
#7981 = LINE('',#7982,#7983);
#7982 = CARTESIAN_POINT('',(3.7,5.599776781265,15.7));
#7983 = VECTOR('',#7984,1.);
#7984 = DIRECTION('',(0.,0.,-1.));
#7985 = ORIENTED_EDGE('',*,*,#7986,.T.);
#7986 = EDGE_CURVE('',#7979,#7987,#7989,.T.);
#7987 = VERTEX_POINT('',#7988);
#7988 = CARTESIAN_POINT('',(-1.849776781265,4.999999999998E-02,15.9));
#7989 = CIRCLE('',#7990,5.6);
#7990 = AXIS2_PLACEMENT_3D('',#7991,#7992,#7993);
#7991 = CARTESIAN_POINT('',(3.75,0.,15.9));
#7992 = DIRECTION('',(0.,0.,1.));
#7993 = DIRECTION('',(-1.,1.224646799147E-16,0.));
#7994 = ORIENTED_EDGE('',*,*,#7995,.T.);
#7995 = EDGE_CURVE('',#7987,#7996,#7998,.T.);
#7996 = VERTEX_POINT('',#7997);
#7997 = CARTESIAN_POINT('',(-1.849776781265,5.E-02,15.8));
#7998 = LINE('',#7999,#8000);
#7999 = CARTESIAN_POINT('',(-1.849776781265,5.E-02,15.7));
#8000 = VECTOR('',#8001,1.);
#8001 = DIRECTION('',(0.,0.,-1.));
#8002 = ORIENTED_EDGE('',*,*,#8003,.F.);
#8003 = EDGE_CURVE('',#8004,#7996,#8006,.T.);
#8004 = VERTEX_POINT('',#8005);
#8005 = CARTESIAN_POINT('',(-1.85,6.858022075225E-16,15.8));
#8006 = CIRCLE('',#8007,5.6);
#8007 = AXIS2_PLACEMENT_3D('',#8008,#8009,#8010);
#8008 = CARTESIAN_POINT('',(3.75,0.,15.8));
#8009 = DIRECTION('',(0.,0.,-1.));
#8010 = DIRECTION('',(-1.,1.224646799147E-16,0.));
#8011 = ORIENTED_EDGE('',*,*,#8012,.F.);
#8012 = EDGE_CURVE('',#8013,#8004,#8015,.T.);
#8013 = VERTEX_POINT('',#8014);
#8014 = CARTESIAN_POINT('',(-1.849776781265,-5.E-02,15.8));
#8015 = CIRCLE('',#8016,5.6);
#8016 = AXIS2_PLACEMENT_3D('',#8017,#8018,#8019);
#8017 = CARTESIAN_POINT('',(3.75,0.,15.8));
#8018 = DIRECTION('',(0.,0.,-1.));
#8019 = DIRECTION('',(-1.,1.224646799147E-16,0.));
#8020 = ORIENTED_EDGE('',*,*,#8021,.F.);
#8021 = EDGE_CURVE('',#8022,#8013,#8024,.T.);
#8022 = VERTEX_POINT('',#8023);
#8023 = CARTESIAN_POINT('',(-1.849776781265,-4.999999999998E-02,15.9));
#8024 = LINE('',#8025,#8026);
#8025 = CARTESIAN_POINT('',(-1.849776781265,-5.E-02,15.7));
#8026 = VECTOR('',#8027,1.);
#8027 = DIRECTION('',(0.,0.,-1.));
#8028 = ORIENTED_EDGE('',*,*,#8029,.T.);
#8029 = EDGE_CURVE('',#8022,#8030,#8032,.T.);
#8030 = VERTEX_POINT('',#8031);
#8031 = CARTESIAN_POINT('',(3.7,-5.599776781265,15.9));
#8032 = CIRCLE('',#8033,5.6);
#8033 = AXIS2_PLACEMENT_3D('',#8034,#8035,#8036);
#8034 = CARTESIAN_POINT('',(3.75,0.,15.9));
#8035 = DIRECTION('',(0.,0.,1.));
#8036 = DIRECTION('',(-1.,1.224646799147E-16,0.));
#8037 = ORIENTED_EDGE('',*,*,#8038,.T.);
#8038 = EDGE_CURVE('',#8030,#8039,#8041,.T.);
#8039 = VERTEX_POINT('',#8040);
#8040 = CARTESIAN_POINT('',(3.7,-5.599776781265,15.8));
#8041 = LINE('',#8042,#8043);
#8042 = CARTESIAN_POINT('',(3.7,-5.599776781265,15.7));
#8043 = VECTOR('',#8044,1.);
#8044 = DIRECTION('',(0.,0.,-1.));
#8045 = ORIENTED_EDGE('',*,*,#8046,.F.);
#8046 = EDGE_CURVE('',#8047,#8039,#8049,.T.);
#8047 = VERTEX_POINT('',#8048);
#8048 = CARTESIAN_POINT('',(3.8,-5.599776781265,15.8));
#8049 = CIRCLE('',#8050,5.6);
#8050 = AXIS2_PLACEMENT_3D('',#8051,#8052,#8053);
#8051 = CARTESIAN_POINT('',(3.75,0.,15.8));
#8052 = DIRECTION('',(0.,0.,-1.));
#8053 = DIRECTION('',(-1.,1.224646799147E-16,0.));
#8054 = ORIENTED_EDGE('',*,*,#8055,.F.);
#8055 = EDGE_CURVE('',#8056,#8047,#8058,.T.);
#8056 = VERTEX_POINT('',#8057);
#8057 = CARTESIAN_POINT('',(3.8,-5.599776781265,15.9));
#8058 = LINE('',#8059,#8060);
#8059 = CARTESIAN_POINT('',(3.8,-5.599776781265,15.7));
#8060 = VECTOR('',#8061,1.);
#8061 = DIRECTION('',(0.,0.,-1.));
#8062 = ORIENTED_EDGE('',*,*,#8063,.T.);
#8063 = EDGE_CURVE('',#8056,#7936,#8064,.T.);
#8064 = CIRCLE('',#8065,5.6);
#8065 = AXIS2_PLACEMENT_3D('',#8066,#8067,#8068);
#8066 = CARTESIAN_POINT('',(3.75,0.,15.9));
#8067 = DIRECTION('',(0.,0.,1.));
#8068 = DIRECTION('',(-1.,1.224646799147E-16,0.));
#8069 = CYLINDRICAL_SURFACE('',#8070,5.6);
#8070 = AXIS2_PLACEMENT_3D('',#8071,#8072,#8073);
#8071 = CARTESIAN_POINT('',(3.75,0.,16.));
#8072 = DIRECTION('',(0.,0.,-1.));
#8073 = DIRECTION('',(0.923879532511,-0.382683432365,0.));
#8074 = ADVANCED_FACE('',(#8075),#8121,.F.);
#8075 = FACE_BOUND('',#8076,.F.);
#8076 = EDGE_LOOP('',(#8077,#8078,#8079,#8080,#8089,#8097,#8106,#8114));
#8077 = ORIENTED_EDGE('',*,*,#7944,.F.);
#8078 = ORIENTED_EDGE('',*,*,#7919,.T.);
#8079 = ORIENTED_EDGE('',*,*,#7935,.T.);
#8080 = ORIENTED_EDGE('',*,*,#8081,.T.);
#8081 = EDGE_CURVE('',#7936,#8082,#8084,.T.);
#8082 = VERTEX_POINT('',#8083);
#8083 = CARTESIAN_POINT('',(9.349776781265,-5.000000000015E-02,15.9));
#8084 = CIRCLE('',#8085,5.6);
#8085 = AXIS2_PLACEMENT_3D('',#8086,#8087,#8088);
#8086 = CARTESIAN_POINT('',(3.75,0.,15.9));
#8087 = DIRECTION('',(0.,0.,1.));
#8088 = DIRECTION('',(-1.,1.224646799147E-16,0.));
#8089 = ORIENTED_EDGE('',*,*,#8090,.T.);
#8090 = EDGE_CURVE('',#8082,#8091,#8093,.T.);
#8091 = VERTEX_POINT('',#8092);
#8092 = CARTESIAN_POINT('',(9.349776781265,-5.E-02,15.8));
#8093 = LINE('',#8094,#8095);
#8094 = CARTESIAN_POINT('',(9.349776781265,-5.E-02,15.7));
#8095 = VECTOR('',#8096,1.);
#8096 = DIRECTION('',(0.,0.,-1.));
#8097 = ORIENTED_EDGE('',*,*,#8098,.F.);
#8098 = EDGE_CURVE('',#8099,#8091,#8101,.T.);
#8099 = VERTEX_POINT('',#8100);
#8100 = CARTESIAN_POINT('',(9.349776781265,5.E-02,15.8));
#8101 = CIRCLE('',#8102,5.6);
#8102 = AXIS2_PLACEMENT_3D('',#8103,#8104,#8105);
#8103 = CARTESIAN_POINT('',(3.75,0.,15.8));
#8104 = DIRECTION('',(0.,0.,-1.));
#8105 = DIRECTION('',(-1.,1.224646799147E-16,0.));
#8106 = ORIENTED_EDGE('',*,*,#8107,.F.);
#8107 = EDGE_CURVE('',#8108,#8099,#8110,.T.);
#8108 = VERTEX_POINT('',#8109);
#8109 = CARTESIAN_POINT('',(9.349776781265,5.000000000015E-02,15.9));
#8110 = LINE('',#8111,#8112);
#8111 = CARTESIAN_POINT('',(9.349776781265,5.E-02,15.7));
#8112 = VECTOR('',#8113,1.);
#8113 = DIRECTION('',(0.,0.,-1.));
#8114 = ORIENTED_EDGE('',*,*,#8115,.T.);
#8115 = EDGE_CURVE('',#8108,#7945,#8116,.T.);
#8116 = CIRCLE('',#8117,5.6);
#8117 = AXIS2_PLACEMENT_3D('',#8118,#8119,#8120);
#8118 = CARTESIAN_POINT('',(3.75,0.,15.9));
#8119 = DIRECTION('',(0.,0.,1.));
#8120 = DIRECTION('',(-1.,1.224646799147E-16,0.));
#8121 = CYLINDRICAL_SURFACE('',#8122,5.6);
#8122 = AXIS2_PLACEMENT_3D('',#8123,#8124,#8125);
#8123 = CARTESIAN_POINT('',(3.75,0.,16.));
#8124 = DIRECTION('',(0.,0.,-1.));
#8125 = DIRECTION('',(0.923879532511,0.382683432365,0.));
#8126 = ADVANCED_FACE('',(#8127),#8145,.T.);
#8127 = FACE_BOUND('',#8128,.T.);
#8128 = EDGE_LOOP('',(#8129,#8137,#8138,#8139));
#8129 = ORIENTED_EDGE('',*,*,#8130,.F.);
#8130 = EDGE_CURVE('',#8056,#8131,#8133,.T.);
#8131 = VERTEX_POINT('',#8132);
#8132 = CARTESIAN_POINT('',(3.8,-5.E-02,15.9));
#8133 = LINE('',#8134,#8135);
#8134 = CARTESIAN_POINT('',(3.8,-16.05,15.9));
#8135 = VECTOR('',#8136,1.);
#8136 = DIRECTION('',(1.224646799147E-16,1.,0.));
#8137 = ORIENTED_EDGE('',*,*,#8063,.T.);
#8138 = ORIENTED_EDGE('',*,*,#8081,.T.);
#8139 = ORIENTED_EDGE('',*,*,#8140,.F.);
#8140 = EDGE_CURVE('',#8131,#8082,#8141,.T.);
#8141 = LINE('',#8142,#8143);
#8142 = CARTESIAN_POINT('',(3.8,-5.E-02,15.9));
#8143 = VECTOR('',#8144,1.);
#8144 = DIRECTION('',(1.,0.,-0.));
#8145 = PLANE('',#8146);
#8146 = AXIS2_PLACEMENT_3D('',#8147,#8148,#8149);
#8147 = CARTESIAN_POINT('',(3.75,0.,15.9));
#8148 = DIRECTION('',(0.,0.,1.));
#8149 = DIRECTION('',(-1.,1.224646799147E-16,0.));
#8150 = ADVANCED_FACE('',(#8151),#8169,.F.);
#8151 = FACE_BOUND('',#8152,.F.);
#8152 = EDGE_LOOP('',(#8153,#8154,#8155,#8163));
#8153 = ORIENTED_EDGE('',*,*,#8130,.F.);
#8154 = ORIENTED_EDGE('',*,*,#8055,.T.);
#8155 = ORIENTED_EDGE('',*,*,#8156,.T.);
#8156 = EDGE_CURVE('',#8047,#8157,#8159,.T.);
#8157 = VERTEX_POINT('',#8158);
#8158 = CARTESIAN_POINT('',(3.8,-5.E-02,15.8));
#8159 = LINE('',#8160,#8161);
#8160 = CARTESIAN_POINT('',(3.8,-16.05,15.8));
#8161 = VECTOR('',#8162,1.);
#8162 = DIRECTION('',(1.224646799147E-16,1.,0.));
#8163 = ORIENTED_EDGE('',*,*,#8164,.F.);
#8164 = EDGE_CURVE('',#8131,#8157,#8165,.T.);
#8165 = LINE('',#8166,#8167);
#8166 = CARTESIAN_POINT('',(3.8,-5.E-02,15.9));
#8167 = VECTOR('',#8168,1.);
#8168 = DIRECTION('',(0.,0.,-1.));
#8169 = PLANE('',#8170);
#8170 = AXIS2_PLACEMENT_3D('',#8171,#8172,#8173);
#8171 = CARTESIAN_POINT('',(3.8,-16.05,15.9));
#8172 = DIRECTION('',(1.,0.,-0.));
#8173 = DIRECTION('',(0.,1.,0.));
#8174 = ADVANCED_FACE('',(#8175),#8193,.T.);
#8175 = FACE_BOUND('',#8176,.T.);
#8176 = EDGE_LOOP('',(#8177,#8178,#8179,#8187));
#8177 = ORIENTED_EDGE('',*,*,#8115,.T.);
#8178 = ORIENTED_EDGE('',*,*,#7952,.T.);
#8179 = ORIENTED_EDGE('',*,*,#8180,.F.);
#8180 = EDGE_CURVE('',#8181,#7953,#8183,.T.);
#8181 = VERTEX_POINT('',#8182);
#8182 = CARTESIAN_POINT('',(3.8,5.E-02,15.9));
#8183 = LINE('',#8184,#8185);
#8184 = CARTESIAN_POINT('',(3.8,5.E-02,15.9));
#8185 = VECTOR('',#8186,1.);
#8186 = DIRECTION('',(1.224646799147E-16,1.,0.));
#8187 = ORIENTED_EDGE('',*,*,#8188,.F.);
#8188 = EDGE_CURVE('',#8108,#8181,#8189,.T.);
#8189 = LINE('',#8190,#8191);
#8190 = CARTESIAN_POINT('',(19.8,5.E-02,15.9));
#8191 = VECTOR('',#8192,1.);
#8192 = DIRECTION('',(-1.,1.224646799147E-16,0.));
#8193 = PLANE('',#8194);
#8194 = AXIS2_PLACEMENT_3D('',#8195,#8196,#8197);
#8195 = CARTESIAN_POINT('',(3.75,0.,15.9));
#8196 = DIRECTION('',(0.,0.,1.));
#8197 = DIRECTION('',(-1.,1.224646799147E-16,0.));
#8198 = ADVANCED_FACE('',(#8199),#8255,.T.);
#8199 = FACE_BOUND('',#8200,.T.);
#8200 = EDGE_LOOP('',(#8201,#8209,#8215,#8216,#8217,#8223,#8224,#8232,
    #8238,#8239,#8247,#8253,#8254));
#8201 = ORIENTED_EDGE('',*,*,#8202,.T.);
#8202 = EDGE_CURVE('',#8013,#8203,#8205,.T.);
#8203 = VERTEX_POINT('',#8204);
#8204 = CARTESIAN_POINT('',(3.7,-5.E-02,15.8));
#8205 = LINE('',#8206,#8207);
#8206 = CARTESIAN_POINT('',(-12.3,-5.E-02,15.8));
#8207 = VECTOR('',#8208,1.);
#8208 = DIRECTION('',(1.,0.,-0.));
#8209 = ORIENTED_EDGE('',*,*,#8210,.T.);
#8210 = EDGE_CURVE('',#8203,#8039,#8211,.T.);
#8211 = LINE('',#8212,#8213);
#8212 = CARTESIAN_POINT('',(3.7,-5.E-02,15.8));
#8213 = VECTOR('',#8214,1.);
#8214 = DIRECTION('',(-1.224646799147E-16,-1.,0.));
#8215 = ORIENTED_EDGE('',*,*,#8046,.F.);
#8216 = ORIENTED_EDGE('',*,*,#8156,.T.);
#8217 = ORIENTED_EDGE('',*,*,#8218,.T.);
#8218 = EDGE_CURVE('',#8157,#8091,#8219,.T.);
#8219 = LINE('',#8220,#8221);
#8220 = CARTESIAN_POINT('',(3.8,-5.E-02,15.8));
#8221 = VECTOR('',#8222,1.);
#8222 = DIRECTION('',(1.,0.,-0.));
#8223 = ORIENTED_EDGE('',*,*,#8098,.F.);
#8224 = ORIENTED_EDGE('',*,*,#8225,.T.);
#8225 = EDGE_CURVE('',#8099,#8226,#8228,.T.);
#8226 = VERTEX_POINT('',#8227);
#8227 = CARTESIAN_POINT('',(3.8,5.E-02,15.8));
#8228 = LINE('',#8229,#8230);
#8229 = CARTESIAN_POINT('',(19.8,5.E-02,15.8));
#8230 = VECTOR('',#8231,1.);
#8231 = DIRECTION('',(-1.,1.224646799147E-16,0.));
#8232 = ORIENTED_EDGE('',*,*,#8233,.T.);
#8233 = EDGE_CURVE('',#8226,#7962,#8234,.T.);
#8234 = LINE('',#8235,#8236);
#8235 = CARTESIAN_POINT('',(3.8,5.E-02,15.8));
#8236 = VECTOR('',#8237,1.);
#8237 = DIRECTION('',(1.224646799147E-16,1.,0.));
#8238 = ORIENTED_EDGE('',*,*,#7969,.F.);
#8239 = ORIENTED_EDGE('',*,*,#8240,.T.);
#8240 = EDGE_CURVE('',#7970,#8241,#8243,.T.);
#8241 = VERTEX_POINT('',#8242);
#8242 = CARTESIAN_POINT('',(3.7,5.E-02,15.8));
#8243 = LINE('',#8244,#8245);
#8244 = CARTESIAN_POINT('',(3.7,16.05,15.8));
#8245 = VECTOR('',#8246,1.);
#8246 = DIRECTION('',(-1.224646799147E-16,-1.,0.));
#8247 = ORIENTED_EDGE('',*,*,#8248,.T.);
#8248 = EDGE_CURVE('',#8241,#7996,#8249,.T.);
#8249 = LINE('',#8250,#8251);
#8250 = CARTESIAN_POINT('',(3.7,5.E-02,15.8));
#8251 = VECTOR('',#8252,1.);
#8252 = DIRECTION('',(-1.,1.224646799147E-16,0.));
#8253 = ORIENTED_EDGE('',*,*,#8003,.F.);
#8254 = ORIENTED_EDGE('',*,*,#8012,.F.);
#8255 = PLANE('',#8256);
#8256 = AXIS2_PLACEMENT_3D('',#8257,#8258,#8259);
#8257 = CARTESIAN_POINT('',(3.75,0.,15.8));
#8258 = DIRECTION('',(0.,0.,1.));
#8259 = DIRECTION('',(-1.,1.224646799147E-16,0.));
#8260 = ADVANCED_FACE('',(#8261),#8272,.F.);
#8261 = FACE_BOUND('',#8262,.F.);
#8262 = EDGE_LOOP('',(#8263,#8264,#8270,#8271));
#8263 = ORIENTED_EDGE('',*,*,#8180,.F.);
#8264 = ORIENTED_EDGE('',*,*,#8265,.T.);
#8265 = EDGE_CURVE('',#8181,#8226,#8266,.T.);
#8266 = LINE('',#8267,#8268);
#8267 = CARTESIAN_POINT('',(3.8,5.E-02,15.9));
#8268 = VECTOR('',#8269,1.);
#8269 = DIRECTION('',(0.,0.,-1.));
#8270 = ORIENTED_EDGE('',*,*,#8233,.T.);
#8271 = ORIENTED_EDGE('',*,*,#7961,.F.);
#8272 = PLANE('',#8273);
#8273 = AXIS2_PLACEMENT_3D('',#8274,#8275,#8276);
#8274 = CARTESIAN_POINT('',(3.8,5.E-02,15.9));
#8275 = DIRECTION('',(1.,0.,-0.));
#8276 = DIRECTION('',(0.,1.,0.));
#8277 = ADVANCED_FACE('',(#8278),#8296,.F.);
#8278 = FACE_BOUND('',#8279,.F.);
#8279 = EDGE_LOOP('',(#8280,#8288,#8294,#8295));
#8280 = ORIENTED_EDGE('',*,*,#8281,.F.);
#8281 = EDGE_CURVE('',#8282,#8030,#8284,.T.);
#8282 = VERTEX_POINT('',#8283);
#8283 = CARTESIAN_POINT('',(3.7,-5.E-02,15.9));
#8284 = LINE('',#8285,#8286);
#8285 = CARTESIAN_POINT('',(3.7,-5.E-02,15.9));
#8286 = VECTOR('',#8287,1.);
#8287 = DIRECTION('',(-1.224646799147E-16,-1.,0.));
#8288 = ORIENTED_EDGE('',*,*,#8289,.T.);
#8289 = EDGE_CURVE('',#8282,#8203,#8290,.T.);
#8290 = LINE('',#8291,#8292);
#8291 = CARTESIAN_POINT('',(3.7,-5.E-02,15.9));
#8292 = VECTOR('',#8293,1.);
#8293 = DIRECTION('',(0.,0.,-1.));
#8294 = ORIENTED_EDGE('',*,*,#8210,.T.);
#8295 = ORIENTED_EDGE('',*,*,#8038,.F.);
#8296 = PLANE('',#8297);
#8297 = AXIS2_PLACEMENT_3D('',#8298,#8299,#8300);
#8298 = CARTESIAN_POINT('',(3.7,-5.E-02,15.9));
#8299 = DIRECTION('',(-1.,1.224646799147E-16,0.));
#8300 = DIRECTION('',(-1.224646799147E-16,-1.,0.));
#8301 = ADVANCED_FACE('',(#8302),#8312,.T.);
#8302 = FACE_BOUND('',#8303,.T.);
#8303 = EDGE_LOOP('',(#8304,#8310,#8311));
#8304 = ORIENTED_EDGE('',*,*,#8305,.F.);
#8305 = EDGE_CURVE('',#8022,#8282,#8306,.T.);
#8306 = LINE('',#8307,#8308);
#8307 = CARTESIAN_POINT('',(-12.3,-5.E-02,15.9));
#8308 = VECTOR('',#8309,1.);
#8309 = DIRECTION('',(1.,0.,-0.));
#8310 = ORIENTED_EDGE('',*,*,#8029,.T.);
#8311 = ORIENTED_EDGE('',*,*,#8281,.F.);
#8312 = PLANE('',#8313);
#8313 = AXIS2_PLACEMENT_3D('',#8314,#8315,#8316);
#8314 = CARTESIAN_POINT('',(3.75,0.,15.9));
#8315 = DIRECTION('',(0.,0.,1.));
#8316 = DIRECTION('',(-1.,1.224646799147E-16,0.));
#8317 = ADVANCED_FACE('',(#8318),#8336,.F.);
#8318 = FACE_BOUND('',#8319,.F.);
#8319 = EDGE_LOOP('',(#8320,#8328,#8329,#8330));
#8320 = ORIENTED_EDGE('',*,*,#8321,.F.);
#8321 = EDGE_CURVE('',#7979,#8322,#8324,.T.);
#8322 = VERTEX_POINT('',#8323);
#8323 = CARTESIAN_POINT('',(3.7,5.E-02,15.9));
#8324 = LINE('',#8325,#8326);
#8325 = CARTESIAN_POINT('',(3.7,16.05,15.9));
#8326 = VECTOR('',#8327,1.);
#8327 = DIRECTION('',(-1.224646799147E-16,-1.,0.));
#8328 = ORIENTED_EDGE('',*,*,#7978,.T.);
#8329 = ORIENTED_EDGE('',*,*,#8240,.T.);
#8330 = ORIENTED_EDGE('',*,*,#8331,.F.);
#8331 = EDGE_CURVE('',#8322,#8241,#8332,.T.);
#8332 = LINE('',#8333,#8334);
#8333 = CARTESIAN_POINT('',(3.7,5.E-02,15.9));
#8334 = VECTOR('',#8335,1.);
#8335 = DIRECTION('',(0.,0.,-1.));
#8336 = PLANE('',#8337);
#8337 = AXIS2_PLACEMENT_3D('',#8338,#8339,#8340);
#8338 = CARTESIAN_POINT('',(3.7,16.05,15.9));
#8339 = DIRECTION('',(-1.,1.224646799147E-16,0.));
#8340 = DIRECTION('',(-1.224646799147E-16,-1.,0.));
#8341 = ADVANCED_FACE('',(#8342),#8348,.F.);
#8342 = FACE_BOUND('',#8343,.F.);
#8343 = EDGE_LOOP('',(#8344,#8345,#8346,#8347));
#8344 = ORIENTED_EDGE('',*,*,#8305,.F.);
#8345 = ORIENTED_EDGE('',*,*,#8021,.T.);
#8346 = ORIENTED_EDGE('',*,*,#8202,.T.);
#8347 = ORIENTED_EDGE('',*,*,#8289,.F.);
#8348 = PLANE('',#8349);
#8349 = AXIS2_PLACEMENT_3D('',#8350,#8351,#8352);
#8350 = CARTESIAN_POINT('',(-12.3,-5.E-02,15.9));
#8351 = DIRECTION('',(-1.224646799147E-16,-1.,0.));
#8352 = DIRECTION('',(1.,-1.224646799147E-16,0.));
#8353 = ADVANCED_FACE('',(#8354),#8364,.T.);
#8354 = FACE_BOUND('',#8355,.T.);
#8355 = EDGE_LOOP('',(#8356,#8357,#8363));
#8356 = ORIENTED_EDGE('',*,*,#7986,.T.);
#8357 = ORIENTED_EDGE('',*,*,#8358,.F.);
#8358 = EDGE_CURVE('',#8322,#7987,#8359,.T.);
#8359 = LINE('',#8360,#8361);
#8360 = CARTESIAN_POINT('',(3.7,5.E-02,15.9));
#8361 = VECTOR('',#8362,1.);
#8362 = DIRECTION('',(-1.,1.224646799147E-16,0.));
#8363 = ORIENTED_EDGE('',*,*,#8321,.F.);
#8364 = PLANE('',#8365);
#8365 = AXIS2_PLACEMENT_3D('',#8366,#8367,#8368);
#8366 = CARTESIAN_POINT('',(3.75,0.,15.9));
#8367 = DIRECTION('',(0.,0.,1.));
#8368 = DIRECTION('',(-1.,1.224646799147E-16,0.));
#8369 = ADVANCED_FACE('',(#8370),#8376,.F.);
#8370 = FACE_BOUND('',#8371,.F.);
#8371 = EDGE_LOOP('',(#8372,#8373,#8374,#8375));
#8372 = ORIENTED_EDGE('',*,*,#8358,.F.);
#8373 = ORIENTED_EDGE('',*,*,#8331,.T.);
#8374 = ORIENTED_EDGE('',*,*,#8248,.T.);
#8375 = ORIENTED_EDGE('',*,*,#7995,.F.);
#8376 = PLANE('',#8377);
#8377 = AXIS2_PLACEMENT_3D('',#8378,#8379,#8380);
#8378 = CARTESIAN_POINT('',(3.7,5.E-02,15.9));
#8379 = DIRECTION('',(1.224646799147E-16,1.,0.));
#8380 = DIRECTION('',(-1.,1.224646799147E-16,0.));
#8381 = ADVANCED_FACE('',(#8382),#8388,.F.);
#8382 = FACE_BOUND('',#8383,.F.);
#8383 = EDGE_LOOP('',(#8384,#8385,#8386,#8387));
#8384 = ORIENTED_EDGE('',*,*,#8188,.F.);
#8385 = ORIENTED_EDGE('',*,*,#8107,.T.);
#8386 = ORIENTED_EDGE('',*,*,#8225,.T.);
#8387 = ORIENTED_EDGE('',*,*,#8265,.F.);
#8388 = PLANE('',#8389);
#8389 = AXIS2_PLACEMENT_3D('',#8390,#8391,#8392);
#8390 = CARTESIAN_POINT('',(19.8,5.E-02,15.9));
#8391 = DIRECTION('',(1.224646799147E-16,1.,0.));
#8392 = DIRECTION('',(-1.,1.224646799147E-16,0.));
#8393 = ADVANCED_FACE('',(#8394),#8400,.F.);
#8394 = FACE_BOUND('',#8395,.F.);
#8395 = EDGE_LOOP('',(#8396,#8397,#8398,#8399));
#8396 = ORIENTED_EDGE('',*,*,#8140,.F.);
#8397 = ORIENTED_EDGE('',*,*,#8164,.T.);
#8398 = ORIENTED_EDGE('',*,*,#8218,.T.);
#8399 = ORIENTED_EDGE('',*,*,#8090,.F.);
#8400 = PLANE('',#8401);
#8401 = AXIS2_PLACEMENT_3D('',#8402,#8403,#8404);
#8402 = CARTESIAN_POINT('',(3.8,-5.E-02,15.9));
#8403 = DIRECTION('',(-1.224646799147E-16,-1.,0.));
#8404 = DIRECTION('',(1.,-1.224646799147E-16,0.));
#8405 = ORIENTED_CLOSED_SHELL('',*,#8406,.F.);
#8406 = CLOSED_SHELL('',(#8407,#8440,#8472,#8489,#8516));
#8407 = ADVANCED_FACE('',(#8408),#8435,.T.);
#8408 = FACE_BOUND('',#8409,.T.);
#8409 = EDGE_LOOP('',(#8410,#8421,#8429));
#8410 = ORIENTED_EDGE('',*,*,#8411,.T.);
#8411 = EDGE_CURVE('',#8412,#8414,#8416,.T.);
#8412 = VERTEX_POINT('',#8413);
#8413 = CARTESIAN_POINT('',(8.923725382063,2.143027221245,15.6));
#8414 = VERTEX_POINT('',#8415);
#8415 = CARTESIAN_POINT('',(8.923725382063,-2.143027221245,15.6));
#8416 = CIRCLE('',#8417,5.6);
#8417 = AXIS2_PLACEMENT_3D('',#8418,#8419,#8420);
#8418 = CARTESIAN_POINT('',(3.75,0.,15.6));
#8419 = DIRECTION('',(0.,0.,-1.));
#8420 = DIRECTION('',(0.923879532511,0.382683432365,0.));
#8421 = ORIENTED_EDGE('',*,*,#8422,.T.);
#8422 = EDGE_CURVE('',#8414,#8423,#8425,.T.);
#8423 = VERTEX_POINT('',#8424);
#8424 = CARTESIAN_POINT('',(3.75,0.,15.6));
#8425 = LINE('',#8426,#8427);
#8426 = CARTESIAN_POINT('',(8.923725382063,-2.143027221245,15.6));
#8427 = VECTOR('',#8428,1.);
#8428 = DIRECTION('',(-0.923879532511,0.382683432365,0.));
#8429 = ORIENTED_EDGE('',*,*,#8430,.F.);
#8430 = EDGE_CURVE('',#8412,#8423,#8431,.T.);
#8431 = LINE('',#8432,#8433);
#8432 = CARTESIAN_POINT('',(8.923725382063,2.143027221245,15.6));
#8433 = VECTOR('',#8434,1.);
#8434 = DIRECTION('',(-0.923879532511,-0.382683432365,0.));
#8435 = PLANE('',#8436);
#8436 = AXIS2_PLACEMENT_3D('',#8437,#8438,#8439);
#8437 = CARTESIAN_POINT('',(3.75,0.,15.6));
#8438 = DIRECTION('',(0.,0.,-1.));
#8439 = DIRECTION('',(0.923879532511,0.382683432365,0.));
#8440 = ADVANCED_FACE('',(#8441),#8467,.T.);
#8441 = FACE_BOUND('',#8442,.T.);
#8442 = EDGE_LOOP('',(#8443,#8451,#8460,#8466));
#8443 = ORIENTED_EDGE('',*,*,#8444,.F.);
#8444 = EDGE_CURVE('',#8445,#8412,#8447,.T.);
#8445 = VERTEX_POINT('',#8446);
#8446 = CARTESIAN_POINT('',(8.923725382063,2.143027221244,15.7));
#8447 = LINE('',#8448,#8449);
#8448 = CARTESIAN_POINT('',(8.923725382063,2.143027221245,16.));
#8449 = VECTOR('',#8450,1.);
#8450 = DIRECTION('',(0.,0.,-1.));
#8451 = ORIENTED_EDGE('',*,*,#8452,.F.);
#8452 = EDGE_CURVE('',#8453,#8445,#8455,.T.);
#8453 = VERTEX_POINT('',#8454);
#8454 = CARTESIAN_POINT('',(8.923725382063,-2.143027221244,15.7));
#8455 = CIRCLE('',#8456,5.6);
#8456 = AXIS2_PLACEMENT_3D('',#8457,#8458,#8459);
#8457 = CARTESIAN_POINT('',(3.75,0.,15.7));
#8458 = DIRECTION('',(0.,0.,1.));
#8459 = DIRECTION('',(-1.,1.224646799147E-16,0.));
#8460 = ORIENTED_EDGE('',*,*,#8461,.T.);
#8461 = EDGE_CURVE('',#8453,#8414,#8462,.T.);
#8462 = LINE('',#8463,#8464);
#8463 = CARTESIAN_POINT('',(8.923725382063,-2.143027221245,16.));
#8464 = VECTOR('',#8465,1.);
#8465 = DIRECTION('',(0.,0.,-1.));
#8466 = ORIENTED_EDGE('',*,*,#8411,.F.);
#8467 = CYLINDRICAL_SURFACE('',#8468,5.6);
#8468 = AXIS2_PLACEMENT_3D('',#8469,#8470,#8471);
#8469 = CARTESIAN_POINT('',(3.75,0.,16.));
#8470 = DIRECTION('',(0.,0.,-1.));
#8471 = DIRECTION('',(0.923879532511,0.382683432365,0.));
#8472 = ADVANCED_FACE('',(#8473),#8484,.T.);
#8473 = FACE_BOUND('',#8474,.T.);
#8474 = EDGE_LOOP('',(#8475,#8482,#8483));
#8475 = ORIENTED_EDGE('',*,*,#8476,.T.);
#8476 = EDGE_CURVE('',#8414,#8412,#8477,.T.);
#8477 = CIRCLE('',#8478,5.6);
#8478 = AXIS2_PLACEMENT_3D('',#8479,#8480,#8481);
#8479 = CARTESIAN_POINT('',(3.75,0.,15.6));
#8480 = DIRECTION('',(0.,0.,-1.));
#8481 = DIRECTION('',(0.923879532511,-0.382683432365,0.));
#8482 = ORIENTED_EDGE('',*,*,#8430,.T.);
#8483 = ORIENTED_EDGE('',*,*,#8422,.F.);
#8484 = PLANE('',#8485);
#8485 = AXIS2_PLACEMENT_3D('',#8486,#8487,#8488);
#8486 = CARTESIAN_POINT('',(3.75,0.,15.6));
#8487 = DIRECTION('',(0.,0.,-1.));
#8488 = DIRECTION('',(0.923879532511,-0.382683432365,0.));
#8489 = ADVANCED_FACE('',(#8490),#8511,.T.);
#8490 = FACE_BOUND('',#8491,.T.);
#8491 = EDGE_LOOP('',(#8492,#8493,#8502,#8509,#8510));
#8492 = ORIENTED_EDGE('',*,*,#8461,.F.);
#8493 = ORIENTED_EDGE('',*,*,#8494,.F.);
#8494 = EDGE_CURVE('',#8495,#8453,#8497,.T.);
#8495 = VERTEX_POINT('',#8496);
#8496 = CARTESIAN_POINT('',(-1.85,6.858022075225E-16,15.7));
#8497 = CIRCLE('',#8498,5.6);
#8498 = AXIS2_PLACEMENT_3D('',#8499,#8500,#8501);
#8499 = CARTESIAN_POINT('',(3.75,0.,15.7));
#8500 = DIRECTION('',(0.,0.,1.));
#8501 = DIRECTION('',(-1.,1.224646799147E-16,0.));
#8502 = ORIENTED_EDGE('',*,*,#8503,.F.);
#8503 = EDGE_CURVE('',#8445,#8495,#8504,.T.);
#8504 = CIRCLE('',#8505,5.6);
#8505 = AXIS2_PLACEMENT_3D('',#8506,#8507,#8508);
#8506 = CARTESIAN_POINT('',(3.75,0.,15.7));
#8507 = DIRECTION('',(0.,0.,1.));
#8508 = DIRECTION('',(-1.,1.224646799147E-16,0.));
#8509 = ORIENTED_EDGE('',*,*,#8444,.T.);
#8510 = ORIENTED_EDGE('',*,*,#8476,.F.);
#8511 = CYLINDRICAL_SURFACE('',#8512,5.6);
#8512 = AXIS2_PLACEMENT_3D('',#8513,#8514,#8515);
#8513 = CARTESIAN_POINT('',(3.75,0.,16.));
#8514 = DIRECTION('',(0.,0.,-1.));
#8515 = DIRECTION('',(0.923879532511,-0.382683432365,0.));
#8516 = ADVANCED_FACE('',(#8517),#8522,.T.);
#8517 = FACE_BOUND('',#8518,.T.);
#8518 = EDGE_LOOP('',(#8519,#8520,#8521));
#8519 = ORIENTED_EDGE('',*,*,#8494,.T.);
#8520 = ORIENTED_EDGE('',*,*,#8452,.T.);
#8521 = ORIENTED_EDGE('',*,*,#8503,.T.);
#8522 = PLANE('',#8523);
#8523 = AXIS2_PLACEMENT_3D('',#8524,#8525,#8526);
#8524 = CARTESIAN_POINT('',(3.75,0.,15.7));
#8525 = DIRECTION('',(0.,0.,1.));
#8526 = DIRECTION('',(-1.,1.224646799147E-16,0.));
#8527 = ( GEOMETRIC_REPRESENTATION_CONTEXT(3) 
GLOBAL_UNCERTAINTY_ASSIGNED_CONTEXT((#8531)) 
GLOBAL_UNIT_ASSIGNED_CONTEXT((#8528,#8529,#8530)) REPRESENTATION_CONTEXT
('Context #1','3D Context with UNIT and UNCERTAINTY') );
#8528 = ( LENGTH_UNIT() NAMED_UNIT(*) SI_UNIT(.MILLI.,.METRE.) );
#8529 = ( NAMED_UNIT(*) PLANE_ANGLE_UNIT() SI_UNIT($,.RADIAN.) );
#8530 = ( NAMED_UNIT(*) SI_UNIT($,.STERADIAN.) SOLID_ANGLE_UNIT() );
#8531 = UNCERTAINTY_MEASURE_WITH_UNIT(LENGTH_MEASURE(2.E-06),#8528,
  'distance_accuracy_value','confusion accuracy');
#8532 = CONTEXT_DEPENDENT_SHAPE_REPRESENTATION(#8533,#8535);
#8533 = ( REPRESENTATION_RELATIONSHIP('','',#5825,#10) 
REPRESENTATION_RELATIONSHIP_WITH_TRANSFORMATION(#8534) 
SHAPE_REPRESENTATION_RELATIONSHIP() );
#8534 = ITEM_DEFINED_TRANSFORMATION('','',#11,#39);
#8535 = PRODUCT_DEFINITION_SHAPE('Placement','Placement of an item',
  #8536);
#8536 = NEXT_ASSEMBLY_USAGE_OCCURRENCE('7','C1','',#5,#5820,$);
#8537 = PRODUCT_RELATED_PRODUCT_CATEGORY('part',$,(#5822));
#8538 = CONTEXT_DEPENDENT_SHAPE_REPRESENTATION(#8539,#8541);
#8539 = ( REPRESENTATION_RELATIONSHIP('','',#3086,#10) 
REPRESENTATION_RELATIONSHIP_WITH_TRANSFORMATION(#8540) 
SHAPE_REPRESENTATION_RELATIONSHIP() );
#8540 = ITEM_DEFINED_TRANSFORMATION('','',#11,#43);
#8541 = PRODUCT_DEFINITION_SHAPE('Placement','Placement of an item',
  #8542);
#8542 = NEXT_ASSEMBLY_USAGE_OCCURRENCE('8','Meter','',#5,#3081,$);
#8543 = CONTEXT_DEPENDENT_SHAPE_REPRESENTATION(#8544,#8546);
#8544 = ( REPRESENTATION_RELATIONSHIP('','',#2675,#10) 
REPRESENTATION_RELATIONSHIP_WITH_TRANSFORMATION(#8545) 
SHAPE_REPRESENTATION_RELATIONSHIP() );
#8545 = ITEM_DEFINED_TRANSFORMATION('','',#11,#47);
#8546 = PRODUCT_DEFINITION_SHAPE('Placement','Placement of an item',
  #8547);
#8547 = NEXT_ASSEMBLY_USAGE_OCCURRENCE('9','R1','',#5,#2670,$);
#8548 = CONTEXT_DEPENDENT_SHAPE_REPRESENTATION(#8549,#8551);
#8549 = ( REPRESENTATION_RELATIONSHIP('','',#2197,#10) 
REPRESENTATION_RELATIONSHIP_WITH_TRANSFORMATION(#8550) 
SHAPE_REPRESENTATION_RELATIONSHIP() );
#8550 = ITEM_DEFINED_TRANSFORMATION('','',#11,#51);
#8551 = PRODUCT_DEFINITION_SHAPE('Placement','Placement of an item',
  #8552);
#8552 = NEXT_ASSEMBLY_USAGE_OCCURRENCE('10','BATT','',#5,#2192,$);
#8553 = CONTEXT_DEPENDENT_SHAPE_REPRESENTATION(#8554,#8556);
#8554 = ( REPRESENTATION_RELATIONSHIP('','',#2675,#10) 
REPRESENTATION_RELATIONSHIP_WITH_TRANSFORMATION(#8555) 
SHAPE_REPRESENTATION_RELATIONSHIP() );
#8555 = ITEM_DEFINED_TRANSFORMATION('','',#11,#55);
#8556 = PRODUCT_DEFINITION_SHAPE('Placement','Placement of an item',
  #8557);
#8557 = NEXT_ASSEMBLY_USAGE_OCCURRENCE('11','R2','',#5,#2670,$);
#8558 = CONTEXT_DEPENDENT_SHAPE_REPRESENTATION(#8559,#8561);
#8559 = ( REPRESENTATION_RELATIONSHIP('','',#5825,#10) 
REPRESENTATION_RELATIONSHIP_WITH_TRANSFORMATION(#8560) 
SHAPE_REPRESENTATION_RELATIONSHIP() );
#8560 = ITEM_DEFINED_TRANSFORMATION('','',#11,#59);
#8561 = PRODUCT_DEFINITION_SHAPE('Placement','Placement of an item',
  #8562);
#8562 = NEXT_ASSEMBLY_USAGE_OCCURRENCE('12','C4','',#5,#5820,$);
#8563 = CONTEXT_DEPENDENT_SHAPE_REPRESENTATION(#8564,#8566);
#8564 = ( REPRESENTATION_RELATIONSHIP('','',#2675,#10) 
REPRESENTATION_RELATIONSHIP_WITH_TRANSFORMATION(#8565) 
SHAPE_REPRESENTATION_RELATIONSHIP() );
#8565 = ITEM_DEFINED_TRANSFORMATION('','',#11,#63);
#8566 = PRODUCT_DEFINITION_SHAPE('Placement','Placement of an item',
  #8567);
#8567 = NEXT_ASSEMBLY_USAGE_OCCURRENCE('13','R5','',#5,#2670,$);
#8568 = SHAPE_DEFINITION_REPRESENTATION(#8569,#8575);
#8569 = PRODUCT_DEFINITION_SHAPE('','',#8570);
#8570 = PRODUCT_DEFINITION('design','',#8571,#8574);
#8571 = PRODUCT_DEFINITION_FORMATION('','',#8572);
#8572 = PRODUCT('TO-251-3-1EP_Horizontal_TabDown',
  'TO-251-3-1EP_Horizontal_TabDown','',(#8573));
#8573 = PRODUCT_CONTEXT('',#2,'mechanical');
#8574 = PRODUCT_DEFINITION_CONTEXT('part definition',#2,'design');
#8575 = ADVANCED_BREP_SHAPE_REPRESENTATION('',(#11,#8576),#11240);
#8576 = MANIFOLD_SOLID_BREP('',#8577);
#8577 = CLOSED_SHELL('',(#8578,#8618,#8649,#8680,#8729,#8778,#8795,#8826
    ,#8857,#8879,#8896,#8908,#8948,#8990,#9023,#9040,#9064,#9090,#9155,
    #9236,#9331,#9426,#9521,#9545,#9633,#9650,#9674,#9762,#9779,#9803,
    #9891,#9908,#9947,#9964,#9981,#9993,#10010,#10027,#10044,#10078,
    #10141,#10180,#10197,#10214,#10226,#10243,#10260,#10277,#10311,
    #10374,#10413,#10430,#10447,#10459,#10476,#10493,#10510,#10544,
    #10607,#10624,#10641,#10658,#10675,#10699,#10723,#10747,#10771,
    #10795,#10819,#10836,#10853,#10877,#10901,#10925,#10949,#10973,
    #10997,#11014,#11031,#11055,#11079,#11103,#11127,#11151,#11175,
    #11192,#11208,#11224));
#8578 = ADVANCED_FACE('',(#8579),#8613,.T.);
#8579 = FACE_BOUND('',#8580,.T.);
#8580 = EDGE_LOOP('',(#8581,#8591,#8599,#8607));
#8581 = ORIENTED_EDGE('',*,*,#8582,.T.);
#8582 = EDGE_CURVE('',#8583,#8585,#8587,.T.);
#8583 = VERTEX_POINT('',#8584);
#8584 = CARTESIAN_POINT('',(4.46,9.225,0.));
#8585 = VERTEX_POINT('',#8586);
#8586 = CARTESIAN_POINT('',(4.46,9.225,0.5));
#8587 = LINE('',#8588,#8589);
#8588 = CARTESIAN_POINT('',(4.46,9.225,0.));
#8589 = VECTOR('',#8590,1.);
#8590 = DIRECTION('',(0.,0.,1.));
#8591 = ORIENTED_EDGE('',*,*,#8592,.T.);
#8592 = EDGE_CURVE('',#8585,#8593,#8595,.T.);
#8593 = VERTEX_POINT('',#8594);
#8594 = CARTESIAN_POINT('',(4.96,9.225,0.5));
#8595 = LINE('',#8596,#8597);
#8596 = CARTESIAN_POINT('',(4.46,9.225,0.5));
#8597 = VECTOR('',#8598,1.);
#8598 = DIRECTION('',(1.,0.,-0.));
#8599 = ORIENTED_EDGE('',*,*,#8600,.F.);
#8600 = EDGE_CURVE('',#8601,#8593,#8603,.T.);
#8601 = VERTEX_POINT('',#8602);
#8602 = CARTESIAN_POINT('',(4.96,9.225,0.));
#8603 = LINE('',#8604,#8605);
#8604 = CARTESIAN_POINT('',(4.96,9.225,0.));
#8605 = VECTOR('',#8606,1.);
#8606 = DIRECTION('',(0.,0.,1.));
#8607 = ORIENTED_EDGE('',*,*,#8608,.F.);
#8608 = EDGE_CURVE('',#8583,#8601,#8609,.T.);
#8609 = LINE('',#8610,#8611);
#8610 = CARTESIAN_POINT('',(4.46,9.225,0.));
#8611 = VECTOR('',#8612,1.);
#8612 = DIRECTION('',(1.,0.,-0.));
#8613 = PLANE('',#8614);
#8614 = AXIS2_PLACEMENT_3D('',#8615,#8616,#8617);
#8615 = CARTESIAN_POINT('',(4.46,9.225,0.));
#8616 = DIRECTION('',(0.,1.,0.));
#8617 = DIRECTION('',(1.,0.,-0.));
#8618 = ADVANCED_FACE('',(#8619),#8644,.T.);
#8619 = FACE_BOUND('',#8620,.T.);
#8620 = EDGE_LOOP('',(#8621,#8631,#8637,#8638));
#8621 = ORIENTED_EDGE('',*,*,#8622,.T.);
#8622 = EDGE_CURVE('',#8623,#8625,#8627,.T.);
#8623 = VERTEX_POINT('',#8624);
#8624 = CARTESIAN_POINT('',(4.46,8.975,0.));
#8625 = VERTEX_POINT('',#8626);
#8626 = CARTESIAN_POINT('',(4.46,8.975,0.5));
#8627 = LINE('',#8628,#8629);
#8628 = CARTESIAN_POINT('',(4.46,8.975,0.));
#8629 = VECTOR('',#8630,1.);
#8630 = DIRECTION('',(0.,0.,1.));
#8631 = ORIENTED_EDGE('',*,*,#8632,.T.);
#8632 = EDGE_CURVE('',#8625,#8585,#8633,.T.);
#8633 = LINE('',#8634,#8635);
#8634 = CARTESIAN_POINT('',(4.46,8.975,0.5));
#8635 = VECTOR('',#8636,1.);
#8636 = DIRECTION('',(0.,1.,0.));
#8637 = ORIENTED_EDGE('',*,*,#8582,.F.);
#8638 = ORIENTED_EDGE('',*,*,#8639,.F.);
#8639 = EDGE_CURVE('',#8623,#8583,#8640,.T.);
#8640 = LINE('',#8641,#8642);
#8641 = CARTESIAN_POINT('',(4.46,8.975,0.));
#8642 = VECTOR('',#8643,1.);
#8643 = DIRECTION('',(0.,1.,0.));
#8644 = PLANE('',#8645);
#8645 = AXIS2_PLACEMENT_3D('',#8646,#8647,#8648);
#8646 = CARTESIAN_POINT('',(4.46,8.975,0.));
#8647 = DIRECTION('',(-1.,0.,0.));
#8648 = DIRECTION('',(0.,1.,0.));
#8649 = ADVANCED_FACE('',(#8650),#8675,.T.);
#8650 = FACE_BOUND('',#8651,.T.);
#8651 = EDGE_LOOP('',(#8652,#8660,#8661,#8669));
#8652 = ORIENTED_EDGE('',*,*,#8653,.F.);
#8653 = EDGE_CURVE('',#8601,#8654,#8656,.T.);
#8654 = VERTEX_POINT('',#8655);
#8655 = CARTESIAN_POINT('',(4.96,8.625,-6.590561429931E-16));
#8656 = LINE('',#8657,#8658);
#8657 = CARTESIAN_POINT('',(4.96,9.225,0.));
#8658 = VECTOR('',#8659,1.);
#8659 = DIRECTION('',(0.,-1.,0.));
#8660 = ORIENTED_EDGE('',*,*,#8600,.T.);
#8661 = ORIENTED_EDGE('',*,*,#8662,.T.);
#8662 = EDGE_CURVE('',#8593,#8663,#8665,.T.);
#8663 = VERTEX_POINT('',#8664);
#8664 = CARTESIAN_POINT('',(4.96,8.625,0.5));
#8665 = LINE('',#8666,#8667);
#8666 = CARTESIAN_POINT('',(4.96,9.225,0.5));
#8667 = VECTOR('',#8668,1.);
#8668 = DIRECTION('',(0.,-1.,0.));
#8669 = ORIENTED_EDGE('',*,*,#8670,.T.);
#8670 = EDGE_CURVE('',#8663,#8654,#8671,.T.);
#8671 = LINE('',#8672,#8673);
#8672 = CARTESIAN_POINT('',(4.96,8.625,0.25));
#8673 = VECTOR('',#8674,1.);
#8674 = DIRECTION('',(0.,0.,-1.));
#8675 = PLANE('',#8676);
#8676 = AXIS2_PLACEMENT_3D('',#8677,#8678,#8679);
#8677 = CARTESIAN_POINT('',(4.96,9.225,0.));
#8678 = DIRECTION('',(1.,0.,-0.));
#8679 = DIRECTION('',(0.,-1.,0.));
#8680 = ADVANCED_FACE('',(#8681),#8724,.F.);
#8681 = FACE_BOUND('',#8682,.F.);
#8682 = EDGE_LOOP('',(#8683,#8684,#8685,#8686,#8694,#8702,#8710,#8718));
#8683 = ORIENTED_EDGE('',*,*,#8653,.F.);
#8684 = ORIENTED_EDGE('',*,*,#8608,.F.);
#8685 = ORIENTED_EDGE('',*,*,#8639,.F.);
#8686 = ORIENTED_EDGE('',*,*,#8687,.F.);
#8687 = EDGE_CURVE('',#8688,#8623,#8690,.T.);
#8688 = VERTEX_POINT('',#8689);
#8689 = CARTESIAN_POINT('',(0.12,8.975,0.));
#8690 = LINE('',#8691,#8692);
#8691 = CARTESIAN_POINT('',(0.12,8.975,0.));
#8692 = VECTOR('',#8693,1.);
#8693 = DIRECTION('',(1.,0.,-0.));
#8694 = ORIENTED_EDGE('',*,*,#8695,.F.);
#8695 = EDGE_CURVE('',#8696,#8688,#8698,.T.);
#8696 = VERTEX_POINT('',#8697);
#8697 = CARTESIAN_POINT('',(0.12,9.225,0.));
#8698 = LINE('',#8699,#8700);
#8699 = CARTESIAN_POINT('',(0.12,9.225,0.));
#8700 = VECTOR('',#8701,1.);
#8701 = DIRECTION('',(0.,-1.,0.));
#8702 = ORIENTED_EDGE('',*,*,#8703,.F.);
#8703 = EDGE_CURVE('',#8704,#8696,#8706,.T.);
#8704 = VERTEX_POINT('',#8705);
#8705 = CARTESIAN_POINT('',(-0.38,9.225,0.));
#8706 = LINE('',#8707,#8708);
#8707 = CARTESIAN_POINT('',(-0.38,9.225,0.));
#8708 = VECTOR('',#8709,1.);
#8709 = DIRECTION('',(1.,0.,-0.));
#8710 = ORIENTED_EDGE('',*,*,#8711,.F.);
#8711 = EDGE_CURVE('',#8712,#8704,#8714,.T.);
#8712 = VERTEX_POINT('',#8713);
#8713 = CARTESIAN_POINT('',(-0.38,8.625,2.302324997316E-16));
#8714 = LINE('',#8715,#8716);
#8715 = CARTESIAN_POINT('',(-0.38,4.225,0.));
#8716 = VECTOR('',#8717,1.);
#8717 = DIRECTION('',(0.,1.,0.));
#8718 = ORIENTED_EDGE('',*,*,#8719,.T.);
#8719 = EDGE_CURVE('',#8712,#8654,#8720,.T.);
#8720 = LINE('',#8721,#8722);
#8721 = CARTESIAN_POINT('',(-0.9975,8.625,6.661338147751E-16));
#8722 = VECTOR('',#8723,1.);
#8723 = DIRECTION('',(1.,0.,-0.));
#8724 = PLANE('',#8725);
#8725 = AXIS2_PLACEMENT_3D('',#8726,#8727,#8728);
#8726 = CARTESIAN_POINT('',(4.96,9.225,0.));
#8727 = DIRECTION('',(0.,0.,1.));
#8728 = DIRECTION('',(1.,0.,-0.));
#8729 = ADVANCED_FACE('',(#8730),#8773,.T.);
#8730 = FACE_BOUND('',#8731,.T.);
#8731 = EDGE_LOOP('',(#8732,#8733,#8734,#8735,#8743,#8751,#8759,#8767));
#8732 = ORIENTED_EDGE('',*,*,#8662,.F.);
#8733 = ORIENTED_EDGE('',*,*,#8592,.F.);
#8734 = ORIENTED_EDGE('',*,*,#8632,.F.);
#8735 = ORIENTED_EDGE('',*,*,#8736,.F.);
#8736 = EDGE_CURVE('',#8737,#8625,#8739,.T.);
#8737 = VERTEX_POINT('',#8738);
#8738 = CARTESIAN_POINT('',(0.12,8.975,0.5));
#8739 = LINE('',#8740,#8741);
#8740 = CARTESIAN_POINT('',(0.12,8.975,0.5));
#8741 = VECTOR('',#8742,1.);
#8742 = DIRECTION('',(1.,0.,-0.));
#8743 = ORIENTED_EDGE('',*,*,#8744,.F.);
#8744 = EDGE_CURVE('',#8745,#8737,#8747,.T.);
#8745 = VERTEX_POINT('',#8746);
#8746 = CARTESIAN_POINT('',(0.12,9.225,0.5));
#8747 = LINE('',#8748,#8749);
#8748 = CARTESIAN_POINT('',(0.12,9.225,0.5));
#8749 = VECTOR('',#8750,1.);
#8750 = DIRECTION('',(0.,-1.,0.));
#8751 = ORIENTED_EDGE('',*,*,#8752,.F.);
#8752 = EDGE_CURVE('',#8753,#8745,#8755,.T.);
#8753 = VERTEX_POINT('',#8754);
#8754 = CARTESIAN_POINT('',(-0.38,9.225,0.5));
#8755 = LINE('',#8756,#8757);
#8756 = CARTESIAN_POINT('',(-0.38,9.225,0.5));
#8757 = VECTOR('',#8758,1.);
#8758 = DIRECTION('',(1.,0.,-0.));
#8759 = ORIENTED_EDGE('',*,*,#8760,.F.);
#8760 = EDGE_CURVE('',#8761,#8753,#8763,.T.);
#8761 = VERTEX_POINT('',#8762);
#8762 = CARTESIAN_POINT('',(-0.38,8.625,0.5));
#8763 = LINE('',#8764,#8765);
#8764 = CARTESIAN_POINT('',(-0.38,4.225,0.5));
#8765 = VECTOR('',#8766,1.);
#8766 = DIRECTION('',(0.,1.,0.));
#8767 = ORIENTED_EDGE('',*,*,#8768,.T.);
#8768 = EDGE_CURVE('',#8761,#8663,#8769,.T.);
#8769 = LINE('',#8770,#8771);
#8770 = CARTESIAN_POINT('',(-0.9975,8.625,0.5));
#8771 = VECTOR('',#8772,1.);
#8772 = DIRECTION('',(1.,0.,-0.));
#8773 = PLANE('',#8774);
#8774 = AXIS2_PLACEMENT_3D('',#8775,#8776,#8777);
#8775 = CARTESIAN_POINT('',(4.96,9.225,0.5));
#8776 = DIRECTION('',(0.,0.,1.));
#8777 = DIRECTION('',(1.,0.,-0.));
#8778 = ADVANCED_FACE('',(#8779),#8790,.T.);
#8779 = FACE_BOUND('',#8780,.T.);
#8780 = EDGE_LOOP('',(#8781,#8787,#8788,#8789));
#8781 = ORIENTED_EDGE('',*,*,#8782,.T.);
#8782 = EDGE_CURVE('',#8688,#8737,#8783,.T.);
#8783 = LINE('',#8784,#8785);
#8784 = CARTESIAN_POINT('',(0.12,8.975,0.));
#8785 = VECTOR('',#8786,1.);
#8786 = DIRECTION('',(0.,0.,1.));
#8787 = ORIENTED_EDGE('',*,*,#8736,.T.);
#8788 = ORIENTED_EDGE('',*,*,#8622,.F.);
#8789 = ORIENTED_EDGE('',*,*,#8687,.F.);
#8790 = PLANE('',#8791);
#8791 = AXIS2_PLACEMENT_3D('',#8792,#8793,#8794);
#8792 = CARTESIAN_POINT('',(0.12,8.975,0.));
#8793 = DIRECTION('',(0.,1.,0.));
#8794 = DIRECTION('',(1.,0.,-0.));
#8795 = ADVANCED_FACE('',(#8796),#8821,.T.);
#8796 = FACE_BOUND('',#8797,.T.);
#8797 = EDGE_LOOP('',(#8798,#8799,#8807,#8815));
#8798 = ORIENTED_EDGE('',*,*,#8670,.F.);
#8799 = ORIENTED_EDGE('',*,*,#8800,.T.);
#8800 = EDGE_CURVE('',#8663,#8801,#8803,.T.);
#8801 = VERTEX_POINT('',#8802);
#8802 = CARTESIAN_POINT('',(5.5775,8.625,0.5));
#8803 = LINE('',#8804,#8805);
#8804 = CARTESIAN_POINT('',(-0.9975,8.625,0.5));
#8805 = VECTOR('',#8806,1.);
#8806 = DIRECTION('',(1.,0.,-0.));
#8807 = ORIENTED_EDGE('',*,*,#8808,.T.);
#8808 = EDGE_CURVE('',#8801,#8809,#8811,.T.);
#8809 = VERTEX_POINT('',#8810);
#8810 = CARTESIAN_POINT('',(5.5775,8.625,-1.650901637618E-15));
#8811 = LINE('',#8812,#8813);
#8812 = CARTESIAN_POINT('',(5.5775,8.625,0.5));
#8813 = VECTOR('',#8814,1.);
#8814 = DIRECTION('',(0.,0.,-1.));
#8815 = ORIENTED_EDGE('',*,*,#8816,.F.);
#8816 = EDGE_CURVE('',#8654,#8809,#8817,.T.);
#8817 = LINE('',#8818,#8819);
#8818 = CARTESIAN_POINT('',(-0.9975,8.625,6.661338147751E-16));
#8819 = VECTOR('',#8820,1.);
#8820 = DIRECTION('',(1.,0.,-0.));
#8821 = PLANE('',#8822);
#8822 = AXIS2_PLACEMENT_3D('',#8823,#8824,#8825);
#8823 = CARTESIAN_POINT('',(-0.9975,8.625,0.5));
#8824 = DIRECTION('',(0.,1.,0.));
#8825 = DIRECTION('',(0.,0.,-1.));
#8826 = ADVANCED_FACE('',(#8827),#8852,.T.);
#8827 = FACE_BOUND('',#8828,.T.);
#8828 = EDGE_LOOP('',(#8829,#8837,#8838,#8846));
#8829 = ORIENTED_EDGE('',*,*,#8830,.T.);
#8830 = EDGE_CURVE('',#8831,#8712,#8833,.T.);
#8831 = VERTEX_POINT('',#8832);
#8832 = CARTESIAN_POINT('',(-0.38,4.225,0.));
#8833 = LINE('',#8834,#8835);
#8834 = CARTESIAN_POINT('',(-0.38,4.225,0.));
#8835 = VECTOR('',#8836,1.);
#8836 = DIRECTION('',(0.,1.,0.));
#8837 = ORIENTED_EDGE('',*,*,#8719,.T.);
#8838 = ORIENTED_EDGE('',*,*,#8839,.T.);
#8839 = EDGE_CURVE('',#8654,#8840,#8842,.T.);
#8840 = VERTEX_POINT('',#8841);
#8841 = CARTESIAN_POINT('',(4.96,4.225,0.));
#8842 = LINE('',#8843,#8844);
#8843 = CARTESIAN_POINT('',(4.96,9.225,0.));
#8844 = VECTOR('',#8845,1.);
#8845 = DIRECTION('',(0.,-1.,0.));
#8846 = ORIENTED_EDGE('',*,*,#8847,.T.);
#8847 = EDGE_CURVE('',#8840,#8831,#8848,.T.);
#8848 = LINE('',#8849,#8850);
#8849 = CARTESIAN_POINT('',(4.96,4.225,0.));
#8850 = VECTOR('',#8851,1.);
#8851 = DIRECTION('',(-1.,0.,0.));
#8852 = PLANE('',#8853);
#8853 = AXIS2_PLACEMENT_3D('',#8854,#8855,#8856);
#8854 = CARTESIAN_POINT('',(-0.9975,8.625,6.661338147751E-16));
#8855 = DIRECTION('',(0.,0.,-1.));
#8856 = DIRECTION('',(0.,-1.,0.));
#8857 = ADVANCED_FACE('',(#8858),#8874,.T.);
#8858 = FACE_BOUND('',#8859,.T.);
#8859 = EDGE_LOOP('',(#8860,#8861,#8867,#8868));
#8860 = ORIENTED_EDGE('',*,*,#8711,.F.);
#8861 = ORIENTED_EDGE('',*,*,#8862,.T.);
#8862 = EDGE_CURVE('',#8712,#8761,#8863,.T.);
#8863 = LINE('',#8864,#8865);
#8864 = CARTESIAN_POINT('',(-0.38,8.625,0.25));
#8865 = VECTOR('',#8866,1.);
#8866 = DIRECTION('',(0.,0.,1.));
#8867 = ORIENTED_EDGE('',*,*,#8760,.T.);
#8868 = ORIENTED_EDGE('',*,*,#8869,.F.);
#8869 = EDGE_CURVE('',#8704,#8753,#8870,.T.);
#8870 = LINE('',#8871,#8872);
#8871 = CARTESIAN_POINT('',(-0.38,9.225,0.));
#8872 = VECTOR('',#8873,1.);
#8873 = DIRECTION('',(0.,0.,1.));
#8874 = PLANE('',#8875);
#8875 = AXIS2_PLACEMENT_3D('',#8876,#8877,#8878);
#8876 = CARTESIAN_POINT('',(-0.38,4.225,0.));
#8877 = DIRECTION('',(-1.,0.,0.));
#8878 = DIRECTION('',(0.,1.,0.));
#8879 = ADVANCED_FACE('',(#8880),#8891,.T.);
#8880 = FACE_BOUND('',#8881,.T.);
#8881 = EDGE_LOOP('',(#8882,#8883,#8884,#8890));
#8882 = ORIENTED_EDGE('',*,*,#8869,.T.);
#8883 = ORIENTED_EDGE('',*,*,#8752,.T.);
#8884 = ORIENTED_EDGE('',*,*,#8885,.F.);
#8885 = EDGE_CURVE('',#8696,#8745,#8886,.T.);
#8886 = LINE('',#8887,#8888);
#8887 = CARTESIAN_POINT('',(0.12,9.225,0.));
#8888 = VECTOR('',#8889,1.);
#8889 = DIRECTION('',(0.,0.,1.));
#8890 = ORIENTED_EDGE('',*,*,#8703,.F.);
#8891 = PLANE('',#8892);
#8892 = AXIS2_PLACEMENT_3D('',#8893,#8894,#8895);
#8893 = CARTESIAN_POINT('',(-0.38,9.225,0.));
#8894 = DIRECTION('',(0.,1.,0.));
#8895 = DIRECTION('',(1.,0.,-0.));
#8896 = ADVANCED_FACE('',(#8897),#8903,.T.);
#8897 = FACE_BOUND('',#8898,.T.);
#8898 = EDGE_LOOP('',(#8899,#8900,#8901,#8902));
#8899 = ORIENTED_EDGE('',*,*,#8885,.T.);
#8900 = ORIENTED_EDGE('',*,*,#8744,.T.);
#8901 = ORIENTED_EDGE('',*,*,#8782,.F.);
#8902 = ORIENTED_EDGE('',*,*,#8695,.F.);
#8903 = PLANE('',#8904);
#8904 = AXIS2_PLACEMENT_3D('',#8905,#8906,#8907);
#8905 = CARTESIAN_POINT('',(0.12,9.225,0.));
#8906 = DIRECTION('',(1.,0.,-0.));
#8907 = DIRECTION('',(0.,-1.,0.));
#8908 = ADVANCED_FACE('',(#8909),#8943,.T.);
#8909 = FACE_BOUND('',#8910,.T.);
#8910 = EDGE_LOOP('',(#8911,#8921,#8927,#8928,#8929,#8937));
#8911 = ORIENTED_EDGE('',*,*,#8912,.T.);
#8912 = EDGE_CURVE('',#8913,#8915,#8917,.T.);
#8913 = VERTEX_POINT('',#8914);
#8914 = CARTESIAN_POINT('',(-0.9975,8.225,2.3));
#8915 = VERTEX_POINT('',#8916);
#8916 = CARTESIAN_POINT('',(5.5775,8.225,2.3));
#8917 = LINE('',#8918,#8919);
#8918 = CARTESIAN_POINT('',(-0.9975,8.225,2.3));
#8919 = VECTOR('',#8920,1.);
#8920 = DIRECTION('',(1.,0.,-0.));
#8921 = ORIENTED_EDGE('',*,*,#8922,.T.);
#8922 = EDGE_CURVE('',#8915,#8801,#8923,.T.);
#8923 = LINE('',#8924,#8925);
#8924 = CARTESIAN_POINT('',(5.5775,8.225,2.3));
#8925 = VECTOR('',#8926,1.);
#8926 = DIRECTION('',(-5.418926752786E-16,0.216930457819,-0.976187060184
    ));
#8927 = ORIENTED_EDGE('',*,*,#8800,.F.);
#8928 = ORIENTED_EDGE('',*,*,#8768,.F.);
#8929 = ORIENTED_EDGE('',*,*,#8930,.F.);
#8930 = EDGE_CURVE('',#8931,#8761,#8933,.T.);
#8931 = VERTEX_POINT('',#8932);
#8932 = CARTESIAN_POINT('',(-0.9975,8.625,0.5));
#8933 = LINE('',#8934,#8935);
#8934 = CARTESIAN_POINT('',(-0.9975,8.625,0.5));
#8935 = VECTOR('',#8936,1.);
#8936 = DIRECTION('',(1.,0.,-0.));
#8937 = ORIENTED_EDGE('',*,*,#8938,.F.);
#8938 = EDGE_CURVE('',#8913,#8931,#8939,.T.);
#8939 = LINE('',#8940,#8941);
#8940 = CARTESIAN_POINT('',(-0.9975,8.225,2.3));
#8941 = VECTOR('',#8942,1.);
#8942 = DIRECTION('',(-5.418926752786E-16,0.216930457819,-0.976187060184
    ));
#8943 = PLANE('',#8944);
#8944 = AXIS2_PLACEMENT_3D('',#8945,#8946,#8947);
#8945 = CARTESIAN_POINT('',(-0.9975,8.225,2.3));
#8946 = DIRECTION('',(7.225235670381E-17,0.976187060184,0.216930457819)
  );
#8947 = DIRECTION('',(-5.418926752786E-16,0.216930457819,-0.976187060184
    ));
#8948 = ADVANCED_FACE('',(#8949),#8985,.T.);
#8949 = FACE_BOUND('',#8950,.T.);
#8950 = EDGE_LOOP('',(#8951,#8961,#8967,#8968,#8969,#8970,#8971,#8979));
#8951 = ORIENTED_EDGE('',*,*,#8952,.F.);
#8952 = EDGE_CURVE('',#8953,#8955,#8957,.T.);
#8953 = VERTEX_POINT('',#8954);
#8954 = CARTESIAN_POINT('',(-0.9975,8.625,6.661338147751E-16));
#8955 = VERTEX_POINT('',#8956);
#8956 = CARTESIAN_POINT('',(-0.9975,2.725,5.695444116327E-16));
#8957 = LINE('',#8958,#8959);
#8958 = CARTESIAN_POINT('',(-0.9975,8.625,6.661338147751E-16));
#8959 = VECTOR('',#8960,1.);
#8960 = DIRECTION('',(0.,-1.,0.));
#8961 = ORIENTED_EDGE('',*,*,#8962,.T.);
#8962 = EDGE_CURVE('',#8953,#8712,#8963,.T.);
#8963 = LINE('',#8964,#8965);
#8964 = CARTESIAN_POINT('',(-0.9975,8.625,6.661338147751E-16));
#8965 = VECTOR('',#8966,1.);
#8966 = DIRECTION('',(1.,0.,-0.));
#8967 = ORIENTED_EDGE('',*,*,#8830,.F.);
#8968 = ORIENTED_EDGE('',*,*,#8847,.F.);
#8969 = ORIENTED_EDGE('',*,*,#8839,.F.);
#8970 = ORIENTED_EDGE('',*,*,#8816,.T.);
#8971 = ORIENTED_EDGE('',*,*,#8972,.T.);
#8972 = EDGE_CURVE('',#8809,#8973,#8975,.T.);
#8973 = VERTEX_POINT('',#8974);
#8974 = CARTESIAN_POINT('',(5.5775,2.725,-1.650901637618E-15));
#8975 = LINE('',#8976,#8977);
#8976 = CARTESIAN_POINT('',(5.5775,8.625,-1.650901637618E-15));
#8977 = VECTOR('',#8978,1.);
#8978 = DIRECTION('',(0.,-1.,0.));
#8979 = ORIENTED_EDGE('',*,*,#8980,.F.);
#8980 = EDGE_CURVE('',#8955,#8973,#8981,.T.);
#8981 = LINE('',#8982,#8983);
#8982 = CARTESIAN_POINT('',(-0.9975,2.725,5.695444116327E-16));
#8983 = VECTOR('',#8984,1.);
#8984 = DIRECTION('',(1.,0.,-0.));
#8985 = PLANE('',#8986);
#8986 = AXIS2_PLACEMENT_3D('',#8987,#8988,#8989);
#8987 = CARTESIAN_POINT('',(-0.9975,8.625,6.661338147751E-16));
#8988 = DIRECTION('',(0.,0.,-1.));
#8989 = DIRECTION('',(0.,-1.,0.));
#8990 = ADVANCED_FACE('',(#8991),#9018,.T.);
#8991 = FACE_BOUND('',#8992,.F.);
#8992 = EDGE_LOOP('',(#8993,#9003,#9009,#9010,#9011,#9012));
#8993 = ORIENTED_EDGE('',*,*,#8994,.T.);
#8994 = EDGE_CURVE('',#8995,#8997,#8999,.T.);
#8995 = VERTEX_POINT('',#8996);
#8996 = CARTESIAN_POINT('',(5.5775,2.525,1.27));
#8997 = VERTEX_POINT('',#8998);
#8998 = CARTESIAN_POINT('',(5.5775,2.725,2.3));
#8999 = LINE('',#9000,#9001);
#9000 = CARTESIAN_POINT('',(5.5775,2.525,1.27));
#9001 = VECTOR('',#9002,1.);
#9002 = DIRECTION('',(5.449335198764E-16,0.190614555111,0.981664958822)
  );
#9003 = ORIENTED_EDGE('',*,*,#9004,.T.);
#9004 = EDGE_CURVE('',#8997,#8915,#9005,.T.);
#9005 = LINE('',#9006,#9007);
#9006 = CARTESIAN_POINT('',(5.5775,2.725,2.3));
#9007 = VECTOR('',#9008,1.);
#9008 = DIRECTION('',(0.,1.,0.));
#9009 = ORIENTED_EDGE('',*,*,#8922,.T.);
#9010 = ORIENTED_EDGE('',*,*,#8808,.T.);
#9011 = ORIENTED_EDGE('',*,*,#8972,.T.);
#9012 = ORIENTED_EDGE('',*,*,#9013,.T.);
#9013 = EDGE_CURVE('',#8973,#8995,#9014,.T.);
#9014 = LINE('',#9015,#9016);
#9015 = CARTESIAN_POINT('',(5.5775,2.725,-1.650901637618E-15));
#9016 = VECTOR('',#9017,1.);
#9017 = DIRECTION('',(5.483535574011E-16,-0.155563141844,0.987825950712)
  );
#9018 = PLANE('',#9019);
#9019 = AXIS2_PLACEMENT_3D('',#9020,#9021,#9022);
#9020 = CARTESIAN_POINT('',(5.5775,2.525,1.27));
#9021 = DIRECTION('',(1.,0.,-0.));
#9022 = DIRECTION('',(0.,0.,1.));
#9023 = ADVANCED_FACE('',(#9024),#9035,.T.);
#9024 = FACE_BOUND('',#9025,.T.);
#9025 = EDGE_LOOP('',(#9026,#9032,#9033,#9034));
#9026 = ORIENTED_EDGE('',*,*,#9027,.F.);
#9027 = EDGE_CURVE('',#8931,#8953,#9028,.T.);
#9028 = LINE('',#9029,#9030);
#9029 = CARTESIAN_POINT('',(-0.9975,8.625,0.5));
#9030 = VECTOR('',#9031,1.);
#9031 = DIRECTION('',(0.,0.,-1.));
#9032 = ORIENTED_EDGE('',*,*,#8930,.T.);
#9033 = ORIENTED_EDGE('',*,*,#8862,.F.);
#9034 = ORIENTED_EDGE('',*,*,#8962,.F.);
#9035 = PLANE('',#9036);
#9036 = AXIS2_PLACEMENT_3D('',#9037,#9038,#9039);
#9037 = CARTESIAN_POINT('',(-0.9975,8.625,0.5));
#9038 = DIRECTION('',(0.,1.,0.));
#9039 = DIRECTION('',(0.,0.,-1.));
#9040 = ADVANCED_FACE('',(#9041),#9059,.T.);
#9041 = FACE_BOUND('',#9042,.T.);
#9042 = EDGE_LOOP('',(#9043,#9051,#9052,#9053));
#9043 = ORIENTED_EDGE('',*,*,#9044,.T.);
#9044 = EDGE_CURVE('',#9045,#8997,#9047,.T.);
#9045 = VERTEX_POINT('',#9046);
#9046 = CARTESIAN_POINT('',(-0.9975,2.725,2.3));
#9047 = LINE('',#9048,#9049);
#9048 = CARTESIAN_POINT('',(-0.9975,2.725,2.3));
#9049 = VECTOR('',#9050,1.);
#9050 = DIRECTION('',(1.,0.,-0.));
#9051 = ORIENTED_EDGE('',*,*,#9004,.T.);
#9052 = ORIENTED_EDGE('',*,*,#8912,.F.);
#9053 = ORIENTED_EDGE('',*,*,#9054,.F.);
#9054 = EDGE_CURVE('',#9045,#8913,#9055,.T.);
#9055 = LINE('',#9056,#9057);
#9056 = CARTESIAN_POINT('',(-0.9975,2.725,2.3));
#9057 = VECTOR('',#9058,1.);
#9058 = DIRECTION('',(0.,1.,0.));
#9059 = PLANE('',#9060);
#9060 = AXIS2_PLACEMENT_3D('',#9061,#9062,#9063);
#9061 = CARTESIAN_POINT('',(-0.9975,2.725,2.3));
#9062 = DIRECTION('',(0.,0.,1.));
#9063 = DIRECTION('',(0.,1.,0.));
#9064 = ADVANCED_FACE('',(#9065),#9085,.F.);
#9065 = FACE_BOUND('',#9066,.T.);
#9066 = EDGE_LOOP('',(#9067,#9075,#9076,#9077,#9078,#9079));
#9067 = ORIENTED_EDGE('',*,*,#9068,.T.);
#9068 = EDGE_CURVE('',#9069,#9045,#9071,.T.);
#9069 = VERTEX_POINT('',#9070);
#9070 = CARTESIAN_POINT('',(-0.9975,2.525,1.27));
#9071 = LINE('',#9072,#9073);
#9072 = CARTESIAN_POINT('',(-0.9975,2.525,1.27));
#9073 = VECTOR('',#9074,1.);
#9074 = DIRECTION('',(5.449335198764E-16,0.190614555111,0.981664958822)
  );
#9075 = ORIENTED_EDGE('',*,*,#9054,.T.);
#9076 = ORIENTED_EDGE('',*,*,#8938,.T.);
#9077 = ORIENTED_EDGE('',*,*,#9027,.T.);
#9078 = ORIENTED_EDGE('',*,*,#8952,.T.);
#9079 = ORIENTED_EDGE('',*,*,#9080,.T.);
#9080 = EDGE_CURVE('',#8955,#9069,#9081,.T.);
#9081 = LINE('',#9082,#9083);
#9082 = CARTESIAN_POINT('',(-0.9975,2.725,5.695444116327E-16));
#9083 = VECTOR('',#9084,1.);
#9084 = DIRECTION('',(5.483535574011E-16,-0.155563141844,0.987825950712)
  );
#9085 = PLANE('',#9086);
#9086 = AXIS2_PLACEMENT_3D('',#9087,#9088,#9089);
#9087 = CARTESIAN_POINT('',(-0.9975,2.525,1.27));
#9088 = DIRECTION('',(1.,0.,-0.));
#9089 = DIRECTION('',(0.,0.,1.));
#9090 = ADVANCED_FACE('',(#9091),#9150,.T.);
#9091 = FACE_BOUND('',#9092,.T.);
#9092 = EDGE_LOOP('',(#9093,#9094,#9095,#9103,#9111,#9119,#9127,#9135,
    #9143,#9149));
#9093 = ORIENTED_EDGE('',*,*,#8980,.T.);
#9094 = ORIENTED_EDGE('',*,*,#9013,.T.);
#9095 = ORIENTED_EDGE('',*,*,#9096,.F.);
#9096 = EDGE_CURVE('',#9097,#8995,#9099,.T.);
#9097 = VERTEX_POINT('',#9098);
#9098 = CARTESIAN_POINT('',(4.96,2.525,1.27));
#9099 = LINE('',#9100,#9101);
#9100 = CARTESIAN_POINT('',(-0.9975,2.525,1.27));
#9101 = VECTOR('',#9102,1.);
#9102 = DIRECTION('',(1.,0.,-0.));
#9103 = ORIENTED_EDGE('',*,*,#9104,.F.);
#9104 = EDGE_CURVE('',#9105,#9097,#9107,.T.);
#9105 = VERTEX_POINT('',#9106);
#9106 = CARTESIAN_POINT('',(4.2,2.525,1.27));
#9107 = LINE('',#9108,#9109);
#9108 = CARTESIAN_POINT('',(-0.9975,2.525,1.27));
#9109 = VECTOR('',#9110,1.);
#9110 = DIRECTION('',(1.,0.,-0.));
#9111 = ORIENTED_EDGE('',*,*,#9112,.F.);
#9112 = EDGE_CURVE('',#9113,#9105,#9115,.T.);
#9113 = VERTEX_POINT('',#9114);
#9114 = CARTESIAN_POINT('',(2.67,2.525,1.27));
#9115 = LINE('',#9116,#9117);
#9116 = CARTESIAN_POINT('',(-0.9975,2.525,1.27));
#9117 = VECTOR('',#9118,1.);
#9118 = DIRECTION('',(1.,0.,-0.));
#9119 = ORIENTED_EDGE('',*,*,#9120,.F.);
#9120 = EDGE_CURVE('',#9121,#9113,#9123,.T.);
#9121 = VERTEX_POINT('',#9122);
#9122 = CARTESIAN_POINT('',(1.91,2.525,1.27));
#9123 = LINE('',#9124,#9125);
#9124 = CARTESIAN_POINT('',(-0.9975,2.525,1.27));
#9125 = VECTOR('',#9126,1.);
#9126 = DIRECTION('',(1.,0.,-0.));
#9127 = ORIENTED_EDGE('',*,*,#9128,.F.);
#9128 = EDGE_CURVE('',#9129,#9121,#9131,.T.);
#9129 = VERTEX_POINT('',#9130);
#9130 = CARTESIAN_POINT('',(0.38,2.525,1.27));
#9131 = LINE('',#9132,#9133);
#9132 = CARTESIAN_POINT('',(-0.9975,2.525,1.27));
#9133 = VECTOR('',#9134,1.);
#9134 = DIRECTION('',(1.,0.,-0.));
#9135 = ORIENTED_EDGE('',*,*,#9136,.F.);
#9136 = EDGE_CURVE('',#9137,#9129,#9139,.T.);
#9137 = VERTEX_POINT('',#9138);
#9138 = CARTESIAN_POINT('',(-0.38,2.525,1.27));
#9139 = LINE('',#9140,#9141);
#9140 = CARTESIAN_POINT('',(-0.9975,2.525,1.27));
#9141 = VECTOR('',#9142,1.);
#9142 = DIRECTION('',(1.,0.,-0.));
#9143 = ORIENTED_EDGE('',*,*,#9144,.F.);
#9144 = EDGE_CURVE('',#9069,#9137,#9145,.T.);
#9145 = LINE('',#9146,#9147);
#9146 = CARTESIAN_POINT('',(-0.9975,2.525,1.27));
#9147 = VECTOR('',#9148,1.);
#9148 = DIRECTION('',(1.,0.,-0.));
#9149 = ORIENTED_EDGE('',*,*,#9080,.F.);
#9150 = PLANE('',#9151);
#9151 = AXIS2_PLACEMENT_3D('',#9152,#9153,#9154);
#9152 = CARTESIAN_POINT('',(-0.9975,2.725,5.695444116327E-16));
#9153 = DIRECTION('',(-5.181293455758E-17,-0.987825950712,
    -0.155563141844));
#9154 = DIRECTION('',(5.483535574011E-16,-0.155563141844,0.987825950712)
  );
#9155 = ADVANCED_FACE('',(#9156),#9231,.T.);
#9156 = FACE_BOUND('',#9157,.T.);
#9157 = EDGE_LOOP('',(#9158,#9159,#9160,#9168,#9176,#9182,#9183,#9191,
    #9199,#9205,#9206,#9214,#9222,#9228,#9229,#9230));
#9158 = ORIENTED_EDGE('',*,*,#9068,.F.);
#9159 = ORIENTED_EDGE('',*,*,#9144,.T.);
#9160 = ORIENTED_EDGE('',*,*,#9161,.F.);
#9161 = EDGE_CURVE('',#9162,#9137,#9164,.T.);
#9162 = VERTEX_POINT('',#9163);
#9163 = CARTESIAN_POINT('',(-0.38,2.622087378641,1.77));
#9164 = LINE('',#9165,#9166);
#9165 = CARTESIAN_POINT('',(-0.38,2.503290489599,1.158196021437));
#9166 = VECTOR('',#9167,1.);
#9167 = DIRECTION('',(2.334355047879E-17,-0.190614555111,-0.981664958822
    ));
#9168 = ORIENTED_EDGE('',*,*,#9169,.T.);
#9169 = EDGE_CURVE('',#9162,#9170,#9172,.T.);
#9170 = VERTEX_POINT('',#9171);
#9171 = CARTESIAN_POINT('',(0.38,2.622087378641,1.77));
#9172 = LINE('',#9173,#9174);
#9173 = CARTESIAN_POINT('',(-0.49875,2.622087378641,1.77));
#9174 = VECTOR('',#9175,1.);
#9175 = DIRECTION('',(1.,0.,-0.));
#9176 = ORIENTED_EDGE('',*,*,#9177,.F.);
#9177 = EDGE_CURVE('',#9129,#9170,#9178,.T.);
#9178 = LINE('',#9179,#9180);
#9179 = CARTESIAN_POINT('',(0.38,2.54725451903,1.384610773004));
#9180 = VECTOR('',#9181,1.);
#9181 = DIRECTION('',(5.449335198764E-16,0.190614555111,0.981664958822)
  );
#9182 = ORIENTED_EDGE('',*,*,#9128,.T.);
#9183 = ORIENTED_EDGE('',*,*,#9184,.F.);
#9184 = EDGE_CURVE('',#9185,#9121,#9187,.T.);
#9185 = VERTEX_POINT('',#9186);
#9186 = CARTESIAN_POINT('',(1.91,2.622087378641,1.77));
#9187 = LINE('',#9188,#9189);
#9188 = CARTESIAN_POINT('',(1.91,2.503290489599,1.158196021437));
#9189 = VECTOR('',#9190,1.);
#9190 = DIRECTION('',(2.334355047879E-17,-0.190614555111,-0.981664958822
    ));
#9191 = ORIENTED_EDGE('',*,*,#9192,.T.);
#9192 = EDGE_CURVE('',#9185,#9193,#9195,.T.);
#9193 = VERTEX_POINT('',#9194);
#9194 = CARTESIAN_POINT('',(2.67,2.622087378641,1.77));
#9195 = LINE('',#9196,#9197);
#9196 = CARTESIAN_POINT('',(0.64625,2.622087378641,1.77));
#9197 = VECTOR('',#9198,1.);
#9198 = DIRECTION('',(1.,0.,-0.));
#9199 = ORIENTED_EDGE('',*,*,#9200,.F.);
#9200 = EDGE_CURVE('',#9113,#9193,#9201,.T.);
#9201 = LINE('',#9202,#9203);
#9202 = CARTESIAN_POINT('',(2.67,2.54725451903,1.384610773004));
#9203 = VECTOR('',#9204,1.);
#9204 = DIRECTION('',(5.449335198764E-16,0.190614555111,0.981664958822)
  );
#9205 = ORIENTED_EDGE('',*,*,#9112,.T.);
#9206 = ORIENTED_EDGE('',*,*,#9207,.F.);
#9207 = EDGE_CURVE('',#9208,#9105,#9210,.T.);
#9208 = VERTEX_POINT('',#9209);
#9209 = CARTESIAN_POINT('',(4.2,2.622087378641,1.77));
#9210 = LINE('',#9211,#9212);
#9211 = CARTESIAN_POINT('',(4.2,2.503290489599,1.158196021437));
#9212 = VECTOR('',#9213,1.);
#9213 = DIRECTION('',(2.334355047879E-17,-0.190614555111,-0.981664958822
    ));
#9214 = ORIENTED_EDGE('',*,*,#9215,.T.);
#9215 = EDGE_CURVE('',#9208,#9216,#9218,.T.);
#9216 = VERTEX_POINT('',#9217);
#9217 = CARTESIAN_POINT('',(4.96,2.622087378641,1.77));
#9218 = LINE('',#9219,#9220);
#9219 = CARTESIAN_POINT('',(1.79125,2.622087378641,1.77));
#9220 = VECTOR('',#9221,1.);
#9221 = DIRECTION('',(1.,0.,-0.));
#9222 = ORIENTED_EDGE('',*,*,#9223,.F.);
#9223 = EDGE_CURVE('',#9097,#9216,#9224,.T.);
#9224 = LINE('',#9225,#9226);
#9225 = CARTESIAN_POINT('',(4.96,2.54725451903,1.384610773004));
#9226 = VECTOR('',#9227,1.);
#9227 = DIRECTION('',(5.449335198764E-16,0.190614555111,0.981664958822)
  );
#9228 = ORIENTED_EDGE('',*,*,#9096,.T.);
#9229 = ORIENTED_EDGE('',*,*,#8994,.T.);
#9230 = ORIENTED_EDGE('',*,*,#9044,.F.);
#9231 = PLANE('',#9232);
#9232 = AXIS2_PLACEMENT_3D('',#9233,#9234,#9235);
#9233 = CARTESIAN_POINT('',(-0.9975,2.525,1.27));
#9234 = DIRECTION('',(6.348740037395E-17,-0.981664958822,0.190614555111)
  );
#9235 = DIRECTION('',(5.449335198764E-16,0.190614555111,0.981664958822)
  );
#9236 = ADVANCED_FACE('',(#9237),#9326,.T.);
#9237 = FACE_BOUND('',#9238,.T.);
#9238 = EDGE_LOOP('',(#9239,#9249,#9257,#9265,#9273,#9281,#9289,#9295,
    #9296,#9304,#9312,#9320));
#9239 = ORIENTED_EDGE('',*,*,#9240,.T.);
#9240 = EDGE_CURVE('',#9241,#9243,#9245,.T.);
#9241 = VERTEX_POINT('',#9242);
#9242 = CARTESIAN_POINT('',(0.38,0.5,1.27));
#9243 = VERTEX_POINT('',#9244);
#9244 = CARTESIAN_POINT('',(0.38,0.25,1.27));
#9245 = LINE('',#9246,#9247);
#9246 = CARTESIAN_POINT('',(0.38,0.5,1.27));
#9247 = VECTOR('',#9248,1.);
#9248 = DIRECTION('',(0.,-1.,0.));
#9249 = ORIENTED_EDGE('',*,*,#9250,.T.);
#9250 = EDGE_CURVE('',#9243,#9251,#9253,.T.);
#9251 = VERTEX_POINT('',#9252);
#9252 = CARTESIAN_POINT('',(-0.38,0.25,1.27));
#9253 = LINE('',#9254,#9255);
#9254 = CARTESIAN_POINT('',(0.38,0.25,1.27));
#9255 = VECTOR('',#9256,1.);
#9256 = DIRECTION('',(-1.,0.,0.));
#9257 = ORIENTED_EDGE('',*,*,#9258,.T.);
#9258 = EDGE_CURVE('',#9251,#9259,#9261,.T.);
#9259 = VERTEX_POINT('',#9260);
#9260 = CARTESIAN_POINT('',(-0.38,0.5,1.27));
#9261 = LINE('',#9262,#9263);
#9262 = CARTESIAN_POINT('',(-0.38,-0.25,1.27));
#9263 = VECTOR('',#9264,1.);
#9264 = DIRECTION('',(0.,1.,0.));
#9265 = ORIENTED_EDGE('',*,*,#9266,.T.);
#9266 = EDGE_CURVE('',#9259,#9267,#9269,.T.);
#9267 = VERTEX_POINT('',#9268);
#9268 = CARTESIAN_POINT('',(-0.425,0.5,1.27));
#9269 = LINE('',#9270,#9271);
#9270 = CARTESIAN_POINT('',(-0.38,0.5,1.27));
#9271 = VECTOR('',#9272,1.);
#9272 = DIRECTION('',(-1.,0.,0.));
#9273 = ORIENTED_EDGE('',*,*,#9274,.T.);
#9274 = EDGE_CURVE('',#9267,#9275,#9277,.T.);
#9275 = VERTEX_POINT('',#9276);
#9276 = CARTESIAN_POINT('',(-0.425,1.33,1.27));
#9277 = LINE('',#9278,#9279);
#9278 = CARTESIAN_POINT('',(-0.425,0.5,1.27));
#9279 = VECTOR('',#9280,1.);
#9280 = DIRECTION('',(0.,1.,0.));
#9281 = ORIENTED_EDGE('',*,*,#9282,.T.);
#9282 = EDGE_CURVE('',#9275,#9283,#9285,.T.);
#9283 = VERTEX_POINT('',#9284);
#9284 = CARTESIAN_POINT('',(-0.38,1.33,1.27));
#9285 = LINE('',#9286,#9287);
#9286 = CARTESIAN_POINT('',(-0.425,1.33,1.27));
#9287 = VECTOR('',#9288,1.);
#9288 = DIRECTION('',(1.,0.,-0.));
#9289 = ORIENTED_EDGE('',*,*,#9290,.T.);
#9290 = EDGE_CURVE('',#9283,#9137,#9291,.T.);
#9291 = LINE('',#9292,#9293);
#9292 = CARTESIAN_POINT('',(-0.38,1.33,1.27));
#9293 = VECTOR('',#9294,1.);
#9294 = DIRECTION('',(0.,1.,0.));
#9295 = ORIENTED_EDGE('',*,*,#9136,.T.);
#9296 = ORIENTED_EDGE('',*,*,#9297,.T.);
#9297 = EDGE_CURVE('',#9129,#9298,#9300,.T.);
#9298 = VERTEX_POINT('',#9299);
#9299 = CARTESIAN_POINT('',(0.38,1.33,1.27));
#9300 = LINE('',#9301,#9302);
#9301 = CARTESIAN_POINT('',(0.38,3.75,1.27));
#9302 = VECTOR('',#9303,1.);
#9303 = DIRECTION('',(0.,-1.,0.));
#9304 = ORIENTED_EDGE('',*,*,#9305,.T.);
#9305 = EDGE_CURVE('',#9298,#9306,#9308,.T.);
#9306 = VERTEX_POINT('',#9307);
#9307 = CARTESIAN_POINT('',(0.425,1.33,1.27));
#9308 = LINE('',#9309,#9310);
#9309 = CARTESIAN_POINT('',(0.38,1.33,1.27));
#9310 = VECTOR('',#9311,1.);
#9311 = DIRECTION('',(1.,0.,-0.));
#9312 = ORIENTED_EDGE('',*,*,#9313,.T.);
#9313 = EDGE_CURVE('',#9306,#9314,#9316,.T.);
#9314 = VERTEX_POINT('',#9315);
#9315 = CARTESIAN_POINT('',(0.425,0.5,1.27));
#9316 = LINE('',#9317,#9318);
#9317 = CARTESIAN_POINT('',(0.425,1.33,1.27));
#9318 = VECTOR('',#9319,1.);
#9319 = DIRECTION('',(0.,-1.,0.));
#9320 = ORIENTED_EDGE('',*,*,#9321,.T.);
#9321 = EDGE_CURVE('',#9314,#9241,#9322,.T.);
#9322 = LINE('',#9323,#9324);
#9323 = CARTESIAN_POINT('',(0.425,0.5,1.27));
#9324 = VECTOR('',#9325,1.);
#9325 = DIRECTION('',(-1.,0.,0.));
#9326 = PLANE('',#9327);
#9327 = AXIS2_PLACEMENT_3D('',#9328,#9329,#9330);
#9328 = CARTESIAN_POINT('',(-2.267226163134E-16,1.734505154639,1.27));
#9329 = DIRECTION('',(0.,0.,-1.));
#9330 = DIRECTION('',(0.,-1.,0.));
#9331 = ADVANCED_FACE('',(#9332),#9421,.T.);
#9332 = FACE_BOUND('',#9333,.T.);
#9333 = EDGE_LOOP('',(#9334,#9344,#9352,#9360,#9368,#9376,#9384,#9390,
    #9391,#9399,#9407,#9415));
#9334 = ORIENTED_EDGE('',*,*,#9335,.T.);
#9335 = EDGE_CURVE('',#9336,#9338,#9340,.T.);
#9336 = VERTEX_POINT('',#9337);
#9337 = CARTESIAN_POINT('',(4.96,0.5,1.27));
#9338 = VERTEX_POINT('',#9339);
#9339 = CARTESIAN_POINT('',(4.96,0.25,1.27));
#9340 = LINE('',#9341,#9342);
#9341 = CARTESIAN_POINT('',(4.96,0.5,1.27));
#9342 = VECTOR('',#9343,1.);
#9343 = DIRECTION('',(0.,-1.,0.));
#9344 = ORIENTED_EDGE('',*,*,#9345,.F.);
#9345 = EDGE_CURVE('',#9346,#9338,#9348,.T.);
#9346 = VERTEX_POINT('',#9347);
#9347 = CARTESIAN_POINT('',(4.2,0.25,1.27));
#9348 = LINE('',#9349,#9350);
#9349 = CARTESIAN_POINT('',(4.2,0.25,1.27));
#9350 = VECTOR('',#9351,1.);
#9351 = DIRECTION('',(1.,0.,-0.));
#9352 = ORIENTED_EDGE('',*,*,#9353,.T.);
#9353 = EDGE_CURVE('',#9346,#9354,#9356,.T.);
#9354 = VERTEX_POINT('',#9355);
#9355 = CARTESIAN_POINT('',(4.2,0.5,1.27));
#9356 = LINE('',#9357,#9358);
#9357 = CARTESIAN_POINT('',(4.2,-0.25,1.27));
#9358 = VECTOR('',#9359,1.);
#9359 = DIRECTION('',(0.,1.,0.));
#9360 = ORIENTED_EDGE('',*,*,#9361,.T.);
#9361 = EDGE_CURVE('',#9354,#9362,#9364,.T.);
#9362 = VERTEX_POINT('',#9363);
#9363 = CARTESIAN_POINT('',(4.155,0.5,1.27));
#9364 = LINE('',#9365,#9366);
#9365 = CARTESIAN_POINT('',(4.2,0.5,1.27));
#9366 = VECTOR('',#9367,1.);
#9367 = DIRECTION('',(-1.,0.,0.));
#9368 = ORIENTED_EDGE('',*,*,#9369,.T.);
#9369 = EDGE_CURVE('',#9362,#9370,#9372,.T.);
#9370 = VERTEX_POINT('',#9371);
#9371 = CARTESIAN_POINT('',(4.155,1.33,1.27));
#9372 = LINE('',#9373,#9374);
#9373 = CARTESIAN_POINT('',(4.155,0.5,1.27));
#9374 = VECTOR('',#9375,1.);
#9375 = DIRECTION('',(0.,1.,0.));
#9376 = ORIENTED_EDGE('',*,*,#9377,.T.);
#9377 = EDGE_CURVE('',#9370,#9378,#9380,.T.);
#9378 = VERTEX_POINT('',#9379);
#9379 = CARTESIAN_POINT('',(4.2,1.33,1.27));
#9380 = LINE('',#9381,#9382);
#9381 = CARTESIAN_POINT('',(4.155,1.33,1.27));
#9382 = VECTOR('',#9383,1.);
#9383 = DIRECTION('',(1.,0.,-0.));
#9384 = ORIENTED_EDGE('',*,*,#9385,.T.);
#9385 = EDGE_CURVE('',#9378,#9105,#9386,.T.);
#9386 = LINE('',#9387,#9388);
#9387 = CARTESIAN_POINT('',(4.2,1.33,1.27));
#9388 = VECTOR('',#9389,1.);
#9389 = DIRECTION('',(0.,1.,0.));
#9390 = ORIENTED_EDGE('',*,*,#9104,.T.);
#9391 = ORIENTED_EDGE('',*,*,#9392,.T.);
#9392 = EDGE_CURVE('',#9097,#9393,#9395,.T.);
#9393 = VERTEX_POINT('',#9394);
#9394 = CARTESIAN_POINT('',(4.96,1.33,1.27));
#9395 = LINE('',#9396,#9397);
#9396 = CARTESIAN_POINT('',(4.96,3.75,1.27));
#9397 = VECTOR('',#9398,1.);
#9398 = DIRECTION('',(0.,-1.,0.));
#9399 = ORIENTED_EDGE('',*,*,#9400,.T.);
#9400 = EDGE_CURVE('',#9393,#9401,#9403,.T.);
#9401 = VERTEX_POINT('',#9402);
#9402 = CARTESIAN_POINT('',(5.005,1.33,1.27));
#9403 = LINE('',#9404,#9405);
#9404 = CARTESIAN_POINT('',(4.96,1.33,1.27));
#9405 = VECTOR('',#9406,1.);
#9406 = DIRECTION('',(1.,0.,-0.));
#9407 = ORIENTED_EDGE('',*,*,#9408,.T.);
#9408 = EDGE_CURVE('',#9401,#9409,#9411,.T.);
#9409 = VERTEX_POINT('',#9410);
#9410 = CARTESIAN_POINT('',(5.005,0.5,1.27));
#9411 = LINE('',#9412,#9413);
#9412 = CARTESIAN_POINT('',(5.005,1.33,1.27));
#9413 = VECTOR('',#9414,1.);
#9414 = DIRECTION('',(0.,-1.,0.));
#9415 = ORIENTED_EDGE('',*,*,#9416,.T.);
#9416 = EDGE_CURVE('',#9409,#9336,#9417,.T.);
#9417 = LINE('',#9418,#9419);
#9418 = CARTESIAN_POINT('',(5.005,0.5,1.27));
#9419 = VECTOR('',#9420,1.);
#9420 = DIRECTION('',(-1.,0.,0.));
#9421 = PLANE('',#9422);
#9422 = AXIS2_PLACEMENT_3D('',#9423,#9424,#9425);
#9423 = CARTESIAN_POINT('',(4.58,1.734505154639,1.27));
#9424 = DIRECTION('',(0.,0.,-1.));
#9425 = DIRECTION('',(0.,-1.,0.));
#9426 = ADVANCED_FACE('',(#9427),#9516,.T.);
#9427 = FACE_BOUND('',#9428,.T.);
#9428 = EDGE_LOOP('',(#9429,#9439,#9447,#9455,#9463,#9471,#9479,#9485,
    #9486,#9494,#9502,#9510));
#9429 = ORIENTED_EDGE('',*,*,#9430,.T.);
#9430 = EDGE_CURVE('',#9431,#9433,#9435,.T.);
#9431 = VERTEX_POINT('',#9432);
#9432 = CARTESIAN_POINT('',(2.67,0.5,1.27));
#9433 = VERTEX_POINT('',#9434);
#9434 = CARTESIAN_POINT('',(2.67,0.25,1.27));
#9435 = LINE('',#9436,#9437);
#9436 = CARTESIAN_POINT('',(2.67,0.5,1.27));
#9437 = VECTOR('',#9438,1.);
#9438 = DIRECTION('',(0.,-1.,0.));
#9439 = ORIENTED_EDGE('',*,*,#9440,.F.);
#9440 = EDGE_CURVE('',#9441,#9433,#9443,.T.);
#9441 = VERTEX_POINT('',#9442);
#9442 = CARTESIAN_POINT('',(1.91,0.25,1.27));
#9443 = LINE('',#9444,#9445);
#9444 = CARTESIAN_POINT('',(1.91,0.25,1.27));
#9445 = VECTOR('',#9446,1.);
#9446 = DIRECTION('',(1.,0.,-0.));
#9447 = ORIENTED_EDGE('',*,*,#9448,.T.);
#9448 = EDGE_CURVE('',#9441,#9449,#9451,.T.);
#9449 = VERTEX_POINT('',#9450);
#9450 = CARTESIAN_POINT('',(1.91,0.5,1.27));
#9451 = LINE('',#9452,#9453);
#9452 = CARTESIAN_POINT('',(1.91,-0.25,1.27));
#9453 = VECTOR('',#9454,1.);
#9454 = DIRECTION('',(0.,1.,0.));
#9455 = ORIENTED_EDGE('',*,*,#9456,.T.);
#9456 = EDGE_CURVE('',#9449,#9457,#9459,.T.);
#9457 = VERTEX_POINT('',#9458);
#9458 = CARTESIAN_POINT('',(1.865,0.5,1.27));
#9459 = LINE('',#9460,#9461);
#9460 = CARTESIAN_POINT('',(1.91,0.5,1.27));
#9461 = VECTOR('',#9462,1.);
#9462 = DIRECTION('',(-1.,0.,0.));
#9463 = ORIENTED_EDGE('',*,*,#9464,.T.);
#9464 = EDGE_CURVE('',#9457,#9465,#9467,.T.);
#9465 = VERTEX_POINT('',#9466);
#9466 = CARTESIAN_POINT('',(1.865,1.33,1.27));
#9467 = LINE('',#9468,#9469);
#9468 = CARTESIAN_POINT('',(1.865,0.5,1.27));
#9469 = VECTOR('',#9470,1.);
#9470 = DIRECTION('',(0.,1.,0.));
#9471 = ORIENTED_EDGE('',*,*,#9472,.T.);
#9472 = EDGE_CURVE('',#9465,#9473,#9475,.T.);
#9473 = VERTEX_POINT('',#9474);
#9474 = CARTESIAN_POINT('',(1.91,1.33,1.27));
#9475 = LINE('',#9476,#9477);
#9476 = CARTESIAN_POINT('',(1.865,1.33,1.27));
#9477 = VECTOR('',#9478,1.);
#9478 = DIRECTION('',(1.,0.,-0.));
#9479 = ORIENTED_EDGE('',*,*,#9480,.T.);
#9480 = EDGE_CURVE('',#9473,#9121,#9481,.T.);
#9481 = LINE('',#9482,#9483);
#9482 = CARTESIAN_POINT('',(1.91,1.33,1.27));
#9483 = VECTOR('',#9484,1.);
#9484 = DIRECTION('',(0.,1.,0.));
#9485 = ORIENTED_EDGE('',*,*,#9120,.T.);
#9486 = ORIENTED_EDGE('',*,*,#9487,.T.);
#9487 = EDGE_CURVE('',#9113,#9488,#9490,.T.);
#9488 = VERTEX_POINT('',#9489);
#9489 = CARTESIAN_POINT('',(2.67,1.33,1.27));
#9490 = LINE('',#9491,#9492);
#9491 = CARTESIAN_POINT('',(2.67,3.75,1.27));
#9492 = VECTOR('',#9493,1.);
#9493 = DIRECTION('',(0.,-1.,0.));
#9494 = ORIENTED_EDGE('',*,*,#9495,.T.);
#9495 = EDGE_CURVE('',#9488,#9496,#9498,.T.);
#9496 = VERTEX_POINT('',#9497);
#9497 = CARTESIAN_POINT('',(2.715,1.33,1.27));
#9498 = LINE('',#9499,#9500);
#9499 = CARTESIAN_POINT('',(2.67,1.33,1.27));
#9500 = VECTOR('',#9501,1.);
#9501 = DIRECTION('',(1.,0.,-0.));
#9502 = ORIENTED_EDGE('',*,*,#9503,.T.);
#9503 = EDGE_CURVE('',#9496,#9504,#9506,.T.);
#9504 = VERTEX_POINT('',#9505);
#9505 = CARTESIAN_POINT('',(2.715,0.5,1.27));
#9506 = LINE('',#9507,#9508);
#9507 = CARTESIAN_POINT('',(2.715,1.33,1.27));
#9508 = VECTOR('',#9509,1.);
#9509 = DIRECTION('',(0.,-1.,0.));
#9510 = ORIENTED_EDGE('',*,*,#9511,.T.);
#9511 = EDGE_CURVE('',#9504,#9431,#9512,.T.);
#9512 = LINE('',#9513,#9514);
#9513 = CARTESIAN_POINT('',(2.715,0.5,1.27));
#9514 = VECTOR('',#9515,1.);
#9515 = DIRECTION('',(-1.,0.,0.));
#9516 = PLANE('',#9517);
#9517 = AXIS2_PLACEMENT_3D('',#9518,#9519,#9520);
#9518 = CARTESIAN_POINT('',(2.29,1.734505154639,1.27));
#9519 = DIRECTION('',(0.,0.,-1.));
#9520 = DIRECTION('',(0.,-1.,0.));
#9521 = ADVANCED_FACE('',(#9522),#9540,.T.);
#9522 = FACE_BOUND('',#9523,.T.);
#9523 = EDGE_LOOP('',(#9524,#9525,#9526,#9534));
#9524 = ORIENTED_EDGE('',*,*,#9392,.F.);
#9525 = ORIENTED_EDGE('',*,*,#9223,.T.);
#9526 = ORIENTED_EDGE('',*,*,#9527,.T.);
#9527 = EDGE_CURVE('',#9216,#9528,#9530,.T.);
#9528 = VERTEX_POINT('',#9529);
#9529 = CARTESIAN_POINT('',(4.96,1.33,1.77));
#9530 = LINE('',#9531,#9532);
#9531 = CARTESIAN_POINT('',(4.96,3.75,1.77));
#9532 = VECTOR('',#9533,1.);
#9533 = DIRECTION('',(0.,-1.,0.));
#9534 = ORIENTED_EDGE('',*,*,#9535,.F.);
#9535 = EDGE_CURVE('',#9393,#9528,#9536,.T.);
#9536 = LINE('',#9537,#9538);
#9537 = CARTESIAN_POINT('',(4.96,1.33,1.27));
#9538 = VECTOR('',#9539,1.);
#9539 = DIRECTION('',(0.,0.,1.));
#9540 = PLANE('',#9541);
#9541 = AXIS2_PLACEMENT_3D('',#9542,#9543,#9544);
#9542 = CARTESIAN_POINT('',(4.96,3.75,1.27));
#9543 = DIRECTION('',(1.,0.,-0.));
#9544 = DIRECTION('',(0.,-1.,0.));
#9545 = ADVANCED_FACE('',(#9546),#9628,.F.);
#9546 = FACE_BOUND('',#9547,.F.);
#9547 = EDGE_LOOP('',(#9548,#9558,#9566,#9574,#9582,#9590,#9596,#9597,
    #9598,#9606,#9614,#9622));
#9548 = ORIENTED_EDGE('',*,*,#9549,.T.);
#9549 = EDGE_CURVE('',#9550,#9552,#9554,.T.);
#9550 = VERTEX_POINT('',#9551);
#9551 = CARTESIAN_POINT('',(4.96,0.24,1.77));
#9552 = VERTEX_POINT('',#9553);
#9553 = CARTESIAN_POINT('',(4.2,0.24,1.77));
#9554 = LINE('',#9555,#9556);
#9555 = CARTESIAN_POINT('',(4.96,0.24,1.77));
#9556 = VECTOR('',#9557,1.);
#9557 = DIRECTION('',(-1.,0.,0.));
#9558 = ORIENTED_EDGE('',*,*,#9559,.T.);
#9559 = EDGE_CURVE('',#9552,#9560,#9562,.T.);
#9560 = VERTEX_POINT('',#9561);
#9561 = CARTESIAN_POINT('',(4.2,0.5,1.77));
#9562 = LINE('',#9563,#9564);
#9563 = CARTESIAN_POINT('',(4.2,-0.25,1.77));
#9564 = VECTOR('',#9565,1.);
#9565 = DIRECTION('',(0.,1.,0.));
#9566 = ORIENTED_EDGE('',*,*,#9567,.T.);
#9567 = EDGE_CURVE('',#9560,#9568,#9570,.T.);
#9568 = VERTEX_POINT('',#9569);
#9569 = CARTESIAN_POINT('',(4.155,0.5,1.77));
#9570 = LINE('',#9571,#9572);
#9571 = CARTESIAN_POINT('',(4.2,0.5,1.77));
#9572 = VECTOR('',#9573,1.);
#9573 = DIRECTION('',(-1.,0.,0.));
#9574 = ORIENTED_EDGE('',*,*,#9575,.T.);
#9575 = EDGE_CURVE('',#9568,#9576,#9578,.T.);
#9576 = VERTEX_POINT('',#9577);
#9577 = CARTESIAN_POINT('',(4.155,1.33,1.77));
#9578 = LINE('',#9579,#9580);
#9579 = CARTESIAN_POINT('',(4.155,0.5,1.77));
#9580 = VECTOR('',#9581,1.);
#9581 = DIRECTION('',(0.,1.,0.));
#9582 = ORIENTED_EDGE('',*,*,#9583,.T.);
#9583 = EDGE_CURVE('',#9576,#9584,#9586,.T.);
#9584 = VERTEX_POINT('',#9585);
#9585 = CARTESIAN_POINT('',(4.2,1.33,1.77));
#9586 = LINE('',#9587,#9588);
#9587 = CARTESIAN_POINT('',(4.155,1.33,1.77));
#9588 = VECTOR('',#9589,1.);
#9589 = DIRECTION('',(1.,0.,-0.));
#9590 = ORIENTED_EDGE('',*,*,#9591,.T.);
#9591 = EDGE_CURVE('',#9584,#9208,#9592,.T.);
#9592 = LINE('',#9593,#9594);
#9593 = CARTESIAN_POINT('',(4.2,1.33,1.77));
#9594 = VECTOR('',#9595,1.);
#9595 = DIRECTION('',(0.,1.,0.));
#9596 = ORIENTED_EDGE('',*,*,#9215,.T.);
#9597 = ORIENTED_EDGE('',*,*,#9527,.T.);
#9598 = ORIENTED_EDGE('',*,*,#9599,.T.);
#9599 = EDGE_CURVE('',#9528,#9600,#9602,.T.);
#9600 = VERTEX_POINT('',#9601);
#9601 = CARTESIAN_POINT('',(5.005,1.33,1.77));
#9602 = LINE('',#9603,#9604);
#9603 = CARTESIAN_POINT('',(4.96,1.33,1.77));
#9604 = VECTOR('',#9605,1.);
#9605 = DIRECTION('',(1.,0.,-0.));
#9606 = ORIENTED_EDGE('',*,*,#9607,.T.);
#9607 = EDGE_CURVE('',#9600,#9608,#9610,.T.);
#9608 = VERTEX_POINT('',#9609);
#9609 = CARTESIAN_POINT('',(5.005,0.5,1.77));
#9610 = LINE('',#9611,#9612);
#9611 = CARTESIAN_POINT('',(5.005,1.33,1.77));
#9612 = VECTOR('',#9613,1.);
#9613 = DIRECTION('',(0.,-1.,0.));
#9614 = ORIENTED_EDGE('',*,*,#9615,.T.);
#9615 = EDGE_CURVE('',#9608,#9616,#9618,.T.);
#9616 = VERTEX_POINT('',#9617);
#9617 = CARTESIAN_POINT('',(4.96,0.5,1.77));
#9618 = LINE('',#9619,#9620);
#9619 = CARTESIAN_POINT('',(5.005,0.5,1.77));
#9620 = VECTOR('',#9621,1.);
#9621 = DIRECTION('',(-1.,0.,0.));
#9622 = ORIENTED_EDGE('',*,*,#9623,.T.);
#9623 = EDGE_CURVE('',#9616,#9550,#9624,.T.);
#9624 = LINE('',#9625,#9626);
#9625 = CARTESIAN_POINT('',(4.96,0.5,1.77));
#9626 = VECTOR('',#9627,1.);
#9627 = DIRECTION('',(0.,-1.,0.));
#9628 = PLANE('',#9629);
#9629 = AXIS2_PLACEMENT_3D('',#9630,#9631,#9632);
#9630 = CARTESIAN_POINT('',(4.58,1.734505154639,1.77));
#9631 = DIRECTION('',(0.,0.,-1.));
#9632 = DIRECTION('',(0.,-1.,0.));
#9633 = ADVANCED_FACE('',(#9634),#9645,.T.);
#9634 = FACE_BOUND('',#9635,.T.);
#9635 = EDGE_LOOP('',(#9636,#9637,#9643,#9644));
#9636 = ORIENTED_EDGE('',*,*,#9385,.F.);
#9637 = ORIENTED_EDGE('',*,*,#9638,.T.);
#9638 = EDGE_CURVE('',#9378,#9584,#9639,.T.);
#9639 = LINE('',#9640,#9641);
#9640 = CARTESIAN_POINT('',(4.2,1.33,1.27));
#9641 = VECTOR('',#9642,1.);
#9642 = DIRECTION('',(0.,0.,1.));
#9643 = ORIENTED_EDGE('',*,*,#9591,.T.);
#9644 = ORIENTED_EDGE('',*,*,#9207,.T.);
#9645 = PLANE('',#9646);
#9646 = AXIS2_PLACEMENT_3D('',#9647,#9648,#9649);
#9647 = CARTESIAN_POINT('',(4.2,1.33,1.27));
#9648 = DIRECTION('',(-1.,0.,0.));
#9649 = DIRECTION('',(0.,1.,0.));
#9650 = ADVANCED_FACE('',(#9651),#9669,.T.);
#9651 = FACE_BOUND('',#9652,.T.);
#9652 = EDGE_LOOP('',(#9653,#9654,#9655,#9663));
#9653 = ORIENTED_EDGE('',*,*,#9487,.F.);
#9654 = ORIENTED_EDGE('',*,*,#9200,.T.);
#9655 = ORIENTED_EDGE('',*,*,#9656,.T.);
#9656 = EDGE_CURVE('',#9193,#9657,#9659,.T.);
#9657 = VERTEX_POINT('',#9658);
#9658 = CARTESIAN_POINT('',(2.67,1.33,1.77));
#9659 = LINE('',#9660,#9661);
#9660 = CARTESIAN_POINT('',(2.67,3.75,1.77));
#9661 = VECTOR('',#9662,1.);
#9662 = DIRECTION('',(0.,-1.,0.));
#9663 = ORIENTED_EDGE('',*,*,#9664,.F.);
#9664 = EDGE_CURVE('',#9488,#9657,#9665,.T.);
#9665 = LINE('',#9666,#9667);
#9666 = CARTESIAN_POINT('',(2.67,1.33,1.27));
#9667 = VECTOR('',#9668,1.);
#9668 = DIRECTION('',(0.,0.,1.));
#9669 = PLANE('',#9670);
#9670 = AXIS2_PLACEMENT_3D('',#9671,#9672,#9673);
#9671 = CARTESIAN_POINT('',(2.67,3.75,1.27));
#9672 = DIRECTION('',(1.,0.,-0.));
#9673 = DIRECTION('',(0.,-1.,0.));
#9674 = ADVANCED_FACE('',(#9675),#9757,.F.);
#9675 = FACE_BOUND('',#9676,.F.);
#9676 = EDGE_LOOP('',(#9677,#9687,#9695,#9703,#9711,#9719,#9725,#9726,
    #9727,#9735,#9743,#9751));
#9677 = ORIENTED_EDGE('',*,*,#9678,.T.);
#9678 = EDGE_CURVE('',#9679,#9681,#9683,.T.);
#9679 = VERTEX_POINT('',#9680);
#9680 = CARTESIAN_POINT('',(2.67,0.24,1.77));
#9681 = VERTEX_POINT('',#9682);
#9682 = CARTESIAN_POINT('',(1.91,0.24,1.77));
#9683 = LINE('',#9684,#9685);
#9684 = CARTESIAN_POINT('',(2.67,0.24,1.77));
#9685 = VECTOR('',#9686,1.);
#9686 = DIRECTION('',(-1.,0.,0.));
#9687 = ORIENTED_EDGE('',*,*,#9688,.T.);
#9688 = EDGE_CURVE('',#9681,#9689,#9691,.T.);
#9689 = VERTEX_POINT('',#9690);
#9690 = CARTESIAN_POINT('',(1.91,0.5,1.77));
#9691 = LINE('',#9692,#9693);
#9692 = CARTESIAN_POINT('',(1.91,-0.25,1.77));
#9693 = VECTOR('',#9694,1.);
#9694 = DIRECTION('',(0.,1.,0.));
#9695 = ORIENTED_EDGE('',*,*,#9696,.T.);
#9696 = EDGE_CURVE('',#9689,#9697,#9699,.T.);
#9697 = VERTEX_POINT('',#9698);
#9698 = CARTESIAN_POINT('',(1.865,0.5,1.77));
#9699 = LINE('',#9700,#9701);
#9700 = CARTESIAN_POINT('',(1.91,0.5,1.77));
#9701 = VECTOR('',#9702,1.);
#9702 = DIRECTION('',(-1.,0.,0.));
#9703 = ORIENTED_EDGE('',*,*,#9704,.T.);
#9704 = EDGE_CURVE('',#9697,#9705,#9707,.T.);
#9705 = VERTEX_POINT('',#9706);
#9706 = CARTESIAN_POINT('',(1.865,1.33,1.77));
#9707 = LINE('',#9708,#9709);
#9708 = CARTESIAN_POINT('',(1.865,0.5,1.77));
#9709 = VECTOR('',#9710,1.);
#9710 = DIRECTION('',(0.,1.,0.));
#9711 = ORIENTED_EDGE('',*,*,#9712,.T.);
#9712 = EDGE_CURVE('',#9705,#9713,#9715,.T.);
#9713 = VERTEX_POINT('',#9714);
#9714 = CARTESIAN_POINT('',(1.91,1.33,1.77));
#9715 = LINE('',#9716,#9717);
#9716 = CARTESIAN_POINT('',(1.865,1.33,1.77));
#9717 = VECTOR('',#9718,1.);
#9718 = DIRECTION('',(1.,0.,-0.));
#9719 = ORIENTED_EDGE('',*,*,#9720,.T.);
#9720 = EDGE_CURVE('',#9713,#9185,#9721,.T.);
#9721 = LINE('',#9722,#9723);
#9722 = CARTESIAN_POINT('',(1.91,1.33,1.77));
#9723 = VECTOR('',#9724,1.);
#9724 = DIRECTION('',(0.,1.,0.));
#9725 = ORIENTED_EDGE('',*,*,#9192,.T.);
#9726 = ORIENTED_EDGE('',*,*,#9656,.T.);
#9727 = ORIENTED_EDGE('',*,*,#9728,.T.);
#9728 = EDGE_CURVE('',#9657,#9729,#9731,.T.);
#9729 = VERTEX_POINT('',#9730);
#9730 = CARTESIAN_POINT('',(2.715,1.33,1.77));
#9731 = LINE('',#9732,#9733);
#9732 = CARTESIAN_POINT('',(2.67,1.33,1.77));
#9733 = VECTOR('',#9734,1.);
#9734 = DIRECTION('',(1.,0.,-0.));
#9735 = ORIENTED_EDGE('',*,*,#9736,.T.);
#9736 = EDGE_CURVE('',#9729,#9737,#9739,.T.);
#9737 = VERTEX_POINT('',#9738);
#9738 = CARTESIAN_POINT('',(2.715,0.5,1.77));
#9739 = LINE('',#9740,#9741);
#9740 = CARTESIAN_POINT('',(2.715,1.33,1.77));
#9741 = VECTOR('',#9742,1.);
#9742 = DIRECTION('',(0.,-1.,0.));
#9743 = ORIENTED_EDGE('',*,*,#9744,.T.);
#9744 = EDGE_CURVE('',#9737,#9745,#9747,.T.);
#9745 = VERTEX_POINT('',#9746);
#9746 = CARTESIAN_POINT('',(2.67,0.5,1.77));
#9747 = LINE('',#9748,#9749);
#9748 = CARTESIAN_POINT('',(2.715,0.5,1.77));
#9749 = VECTOR('',#9750,1.);
#9750 = DIRECTION('',(-1.,0.,0.));
#9751 = ORIENTED_EDGE('',*,*,#9752,.T.);
#9752 = EDGE_CURVE('',#9745,#9679,#9753,.T.);
#9753 = LINE('',#9754,#9755);
#9754 = CARTESIAN_POINT('',(2.67,0.5,1.77));
#9755 = VECTOR('',#9756,1.);
#9756 = DIRECTION('',(0.,-1.,0.));
#9757 = PLANE('',#9758);
#9758 = AXIS2_PLACEMENT_3D('',#9759,#9760,#9761);
#9759 = CARTESIAN_POINT('',(2.29,1.734505154639,1.77));
#9760 = DIRECTION('',(0.,0.,-1.));
#9761 = DIRECTION('',(0.,-1.,0.));
#9762 = ADVANCED_FACE('',(#9763),#9774,.T.);
#9763 = FACE_BOUND('',#9764,.T.);
#9764 = EDGE_LOOP('',(#9765,#9766,#9772,#9773));
#9765 = ORIENTED_EDGE('',*,*,#9480,.F.);
#9766 = ORIENTED_EDGE('',*,*,#9767,.T.);
#9767 = EDGE_CURVE('',#9473,#9713,#9768,.T.);
#9768 = LINE('',#9769,#9770);
#9769 = CARTESIAN_POINT('',(1.91,1.33,1.27));
#9770 = VECTOR('',#9771,1.);
#9771 = DIRECTION('',(0.,0.,1.));
#9772 = ORIENTED_EDGE('',*,*,#9720,.T.);
#9773 = ORIENTED_EDGE('',*,*,#9184,.T.);
#9774 = PLANE('',#9775);
#9775 = AXIS2_PLACEMENT_3D('',#9776,#9777,#9778);
#9776 = CARTESIAN_POINT('',(1.91,1.33,1.27));
#9777 = DIRECTION('',(-1.,0.,0.));
#9778 = DIRECTION('',(0.,1.,0.));
#9779 = ADVANCED_FACE('',(#9780),#9798,.T.);
#9780 = FACE_BOUND('',#9781,.T.);
#9781 = EDGE_LOOP('',(#9782,#9783,#9784,#9792));
#9782 = ORIENTED_EDGE('',*,*,#9297,.F.);
#9783 = ORIENTED_EDGE('',*,*,#9177,.T.);
#9784 = ORIENTED_EDGE('',*,*,#9785,.T.);
#9785 = EDGE_CURVE('',#9170,#9786,#9788,.T.);
#9786 = VERTEX_POINT('',#9787);
#9787 = CARTESIAN_POINT('',(0.38,1.33,1.77));
#9788 = LINE('',#9789,#9790);
#9789 = CARTESIAN_POINT('',(0.38,3.75,1.77));
#9790 = VECTOR('',#9791,1.);
#9791 = DIRECTION('',(0.,-1.,0.));
#9792 = ORIENTED_EDGE('',*,*,#9793,.F.);
#9793 = EDGE_CURVE('',#9298,#9786,#9794,.T.);
#9794 = LINE('',#9795,#9796);
#9795 = CARTESIAN_POINT('',(0.38,1.33,1.27));
#9796 = VECTOR('',#9797,1.);
#9797 = DIRECTION('',(0.,0.,1.));
#9798 = PLANE('',#9799);
#9799 = AXIS2_PLACEMENT_3D('',#9800,#9801,#9802);
#9800 = CARTESIAN_POINT('',(0.38,3.75,1.27));
#9801 = DIRECTION('',(1.,0.,-0.));
#9802 = DIRECTION('',(0.,-1.,0.));
#9803 = ADVANCED_FACE('',(#9804),#9886,.F.);
#9804 = FACE_BOUND('',#9805,.F.);
#9805 = EDGE_LOOP('',(#9806,#9816,#9824,#9832,#9840,#9848,#9854,#9855,
    #9856,#9864,#9872,#9880));
#9806 = ORIENTED_EDGE('',*,*,#9807,.T.);
#9807 = EDGE_CURVE('',#9808,#9810,#9812,.T.);
#9808 = VERTEX_POINT('',#9809);
#9809 = CARTESIAN_POINT('',(0.38,0.24,1.77));
#9810 = VERTEX_POINT('',#9811);
#9811 = CARTESIAN_POINT('',(-0.38,0.24,1.77));
#9812 = LINE('',#9813,#9814);
#9813 = CARTESIAN_POINT('',(0.38,0.24,1.77));
#9814 = VECTOR('',#9815,1.);
#9815 = DIRECTION('',(-1.,0.,0.));
#9816 = ORIENTED_EDGE('',*,*,#9817,.T.);
#9817 = EDGE_CURVE('',#9810,#9818,#9820,.T.);
#9818 = VERTEX_POINT('',#9819);
#9819 = CARTESIAN_POINT('',(-0.38,0.5,1.77));
#9820 = LINE('',#9821,#9822);
#9821 = CARTESIAN_POINT('',(-0.38,-0.25,1.77));
#9822 = VECTOR('',#9823,1.);
#9823 = DIRECTION('',(0.,1.,0.));
#9824 = ORIENTED_EDGE('',*,*,#9825,.T.);
#9825 = EDGE_CURVE('',#9818,#9826,#9828,.T.);
#9826 = VERTEX_POINT('',#9827);
#9827 = CARTESIAN_POINT('',(-0.425,0.5,1.77));
#9828 = LINE('',#9829,#9830);
#9829 = CARTESIAN_POINT('',(-0.38,0.5,1.77));
#9830 = VECTOR('',#9831,1.);
#9831 = DIRECTION('',(-1.,0.,0.));
#9832 = ORIENTED_EDGE('',*,*,#9833,.T.);
#9833 = EDGE_CURVE('',#9826,#9834,#9836,.T.);
#9834 = VERTEX_POINT('',#9835);
#9835 = CARTESIAN_POINT('',(-0.425,1.33,1.77));
#9836 = LINE('',#9837,#9838);
#9837 = CARTESIAN_POINT('',(-0.425,0.5,1.77));
#9838 = VECTOR('',#9839,1.);
#9839 = DIRECTION('',(0.,1.,0.));
#9840 = ORIENTED_EDGE('',*,*,#9841,.T.);
#9841 = EDGE_CURVE('',#9834,#9842,#9844,.T.);
#9842 = VERTEX_POINT('',#9843);
#9843 = CARTESIAN_POINT('',(-0.38,1.33,1.77));
#9844 = LINE('',#9845,#9846);
#9845 = CARTESIAN_POINT('',(-0.425,1.33,1.77));
#9846 = VECTOR('',#9847,1.);
#9847 = DIRECTION('',(1.,0.,-0.));
#9848 = ORIENTED_EDGE('',*,*,#9849,.T.);
#9849 = EDGE_CURVE('',#9842,#9162,#9850,.T.);
#9850 = LINE('',#9851,#9852);
#9851 = CARTESIAN_POINT('',(-0.38,1.33,1.77));
#9852 = VECTOR('',#9853,1.);
#9853 = DIRECTION('',(0.,1.,0.));
#9854 = ORIENTED_EDGE('',*,*,#9169,.T.);
#9855 = ORIENTED_EDGE('',*,*,#9785,.T.);
#9856 = ORIENTED_EDGE('',*,*,#9857,.T.);
#9857 = EDGE_CURVE('',#9786,#9858,#9860,.T.);
#9858 = VERTEX_POINT('',#9859);
#9859 = CARTESIAN_POINT('',(0.425,1.33,1.77));
#9860 = LINE('',#9861,#9862);
#9861 = CARTESIAN_POINT('',(0.38,1.33,1.77));
#9862 = VECTOR('',#9863,1.);
#9863 = DIRECTION('',(1.,0.,-0.));
#9864 = ORIENTED_EDGE('',*,*,#9865,.T.);
#9865 = EDGE_CURVE('',#9858,#9866,#9868,.T.);
#9866 = VERTEX_POINT('',#9867);
#9867 = CARTESIAN_POINT('',(0.425,0.5,1.77));
#9868 = LINE('',#9869,#9870);
#9869 = CARTESIAN_POINT('',(0.425,1.33,1.77));
#9870 = VECTOR('',#9871,1.);
#9871 = DIRECTION('',(0.,-1.,0.));
#9872 = ORIENTED_EDGE('',*,*,#9873,.T.);
#9873 = EDGE_CURVE('',#9866,#9874,#9876,.T.);
#9874 = VERTEX_POINT('',#9875);
#9875 = CARTESIAN_POINT('',(0.38,0.5,1.77));
#9876 = LINE('',#9877,#9878);
#9877 = CARTESIAN_POINT('',(0.425,0.5,1.77));
#9878 = VECTOR('',#9879,1.);
#9879 = DIRECTION('',(-1.,0.,0.));
#9880 = ORIENTED_EDGE('',*,*,#9881,.T.);
#9881 = EDGE_CURVE('',#9874,#9808,#9882,.T.);
#9882 = LINE('',#9883,#9884);
#9883 = CARTESIAN_POINT('',(0.38,0.5,1.77));
#9884 = VECTOR('',#9885,1.);
#9885 = DIRECTION('',(0.,-1.,0.));
#9886 = PLANE('',#9887);
#9887 = AXIS2_PLACEMENT_3D('',#9888,#9889,#9890);
#9888 = CARTESIAN_POINT('',(-2.267226163134E-16,1.734505154639,1.77));
#9889 = DIRECTION('',(0.,0.,-1.));
#9890 = DIRECTION('',(0.,-1.,0.));
#9891 = ADVANCED_FACE('',(#9892),#9903,.T.);
#9892 = FACE_BOUND('',#9893,.T.);
#9893 = EDGE_LOOP('',(#9894,#9895,#9901,#9902));
#9894 = ORIENTED_EDGE('',*,*,#9290,.F.);
#9895 = ORIENTED_EDGE('',*,*,#9896,.T.);
#9896 = EDGE_CURVE('',#9283,#9842,#9897,.T.);
#9897 = LINE('',#9898,#9899);
#9898 = CARTESIAN_POINT('',(-0.38,1.33,1.27));
#9899 = VECTOR('',#9900,1.);
#9900 = DIRECTION('',(0.,0.,1.));
#9901 = ORIENTED_EDGE('',*,*,#9849,.T.);
#9902 = ORIENTED_EDGE('',*,*,#9161,.T.);
#9903 = PLANE('',#9904);
#9904 = AXIS2_PLACEMENT_3D('',#9905,#9906,#9907);
#9905 = CARTESIAN_POINT('',(-0.38,1.33,1.27));
#9906 = DIRECTION('',(-1.,0.,0.));
#9907 = DIRECTION('',(0.,1.,0.));
#9908 = ADVANCED_FACE('',(#9909),#9942,.T.);
#9909 = FACE_BOUND('',#9910,.T.);
#9910 = EDGE_LOOP('',(#9911,#9921,#9927,#9928,#9934,#9935));
#9911 = ORIENTED_EDGE('',*,*,#9912,.F.);
#9912 = EDGE_CURVE('',#9913,#9915,#9917,.T.);
#9913 = VERTEX_POINT('',#9914);
#9914 = CARTESIAN_POINT('',(0.38,-0.25,1.27));
#9915 = VERTEX_POINT('',#9916);
#9916 = CARTESIAN_POINT('',(0.38,-0.25,1.28));
#9917 = LINE('',#9918,#9919);
#9918 = CARTESIAN_POINT('',(0.38,-0.25,1.27));
#9919 = VECTOR('',#9920,1.);
#9920 = DIRECTION('',(0.,0.,1.));
#9921 = ORIENTED_EDGE('',*,*,#9922,.F.);
#9922 = EDGE_CURVE('',#9243,#9913,#9923,.T.);
#9923 = LINE('',#9924,#9925);
#9924 = CARTESIAN_POINT('',(0.38,0.25,1.27));
#9925 = VECTOR('',#9926,1.);
#9926 = DIRECTION('',(0.,-1.,0.));
#9927 = ORIENTED_EDGE('',*,*,#9240,.F.);
#9928 = ORIENTED_EDGE('',*,*,#9929,.T.);
#9929 = EDGE_CURVE('',#9241,#9874,#9930,.T.);
#9930 = LINE('',#9931,#9932);
#9931 = CARTESIAN_POINT('',(0.38,0.5,1.27));
#9932 = VECTOR('',#9933,1.);
#9933 = DIRECTION('',(0.,0.,1.));
#9934 = ORIENTED_EDGE('',*,*,#9881,.T.);
#9935 = ORIENTED_EDGE('',*,*,#9936,.F.);
#9936 = EDGE_CURVE('',#9915,#9808,#9937,.T.);
#9937 = CIRCLE('',#9938,0.49);
#9938 = AXIS2_PLACEMENT_3D('',#9939,#9940,#9941);
#9939 = CARTESIAN_POINT('',(0.38,0.24,1.28));
#9940 = DIRECTION('',(-1.,0.,0.));
#9941 = DIRECTION('',(0.,-1.,0.));
#9942 = PLANE('',#9943);
#9943 = AXIS2_PLACEMENT_3D('',#9944,#9945,#9946);
#9944 = CARTESIAN_POINT('',(0.38,0.5,1.27));
#9945 = DIRECTION('',(1.,0.,-0.));
#9946 = DIRECTION('',(0.,-1.,0.));
#9947 = ADVANCED_FACE('',(#9948),#9959,.T.);
#9948 = FACE_BOUND('',#9949,.T.);
#9949 = EDGE_LOOP('',(#9950,#9956,#9957,#9958));
#9950 = ORIENTED_EDGE('',*,*,#9951,.T.);
#9951 = EDGE_CURVE('',#9314,#9866,#9952,.T.);
#9952 = LINE('',#9953,#9954);
#9953 = CARTESIAN_POINT('',(0.425,0.5,1.27));
#9954 = VECTOR('',#9955,1.);
#9955 = DIRECTION('',(0.,0.,1.));
#9956 = ORIENTED_EDGE('',*,*,#9873,.T.);
#9957 = ORIENTED_EDGE('',*,*,#9929,.F.);
#9958 = ORIENTED_EDGE('',*,*,#9321,.F.);
#9959 = PLANE('',#9960);
#9960 = AXIS2_PLACEMENT_3D('',#9961,#9962,#9963);
#9961 = CARTESIAN_POINT('',(0.425,0.5,1.27));
#9962 = DIRECTION('',(0.,-1.,0.));
#9963 = DIRECTION('',(-1.,0.,0.));
#9964 = ADVANCED_FACE('',(#9965),#9976,.T.);
#9965 = FACE_BOUND('',#9966,.T.);
#9966 = EDGE_LOOP('',(#9967,#9973,#9974,#9975));
#9967 = ORIENTED_EDGE('',*,*,#9968,.T.);
#9968 = EDGE_CURVE('',#9306,#9858,#9969,.T.);
#9969 = LINE('',#9970,#9971);
#9970 = CARTESIAN_POINT('',(0.425,1.33,1.27));
#9971 = VECTOR('',#9972,1.);
#9972 = DIRECTION('',(0.,0.,1.));
#9973 = ORIENTED_EDGE('',*,*,#9865,.T.);
#9974 = ORIENTED_EDGE('',*,*,#9951,.F.);
#9975 = ORIENTED_EDGE('',*,*,#9313,.F.);
#9976 = PLANE('',#9977);
#9977 = AXIS2_PLACEMENT_3D('',#9978,#9979,#9980);
#9978 = CARTESIAN_POINT('',(0.425,1.33,1.27));
#9979 = DIRECTION('',(1.,0.,-0.));
#9980 = DIRECTION('',(0.,-1.,0.));
#9981 = ADVANCED_FACE('',(#9982),#9988,.T.);
#9982 = FACE_BOUND('',#9983,.T.);
#9983 = EDGE_LOOP('',(#9984,#9985,#9986,#9987));
#9984 = ORIENTED_EDGE('',*,*,#9793,.T.);
#9985 = ORIENTED_EDGE('',*,*,#9857,.T.);
#9986 = ORIENTED_EDGE('',*,*,#9968,.F.);
#9987 = ORIENTED_EDGE('',*,*,#9305,.F.);
#9988 = PLANE('',#9989);
#9989 = AXIS2_PLACEMENT_3D('',#9990,#9991,#9992);
#9990 = CARTESIAN_POINT('',(0.38,1.33,1.27));
#9991 = DIRECTION('',(0.,1.,0.));
#9992 = DIRECTION('',(1.,0.,-0.));
#9993 = ADVANCED_FACE('',(#9994),#10005,.T.);
#9994 = FACE_BOUND('',#9995,.T.);
#9995 = EDGE_LOOP('',(#9996,#10002,#10003,#10004));
#9996 = ORIENTED_EDGE('',*,*,#9997,.T.);
#9997 = EDGE_CURVE('',#9275,#9834,#9998,.T.);
#9998 = LINE('',#9999,#10000);
#9999 = CARTESIAN_POINT('',(-0.425,1.33,1.27));
#10000 = VECTOR('',#10001,1.);
#10001 = DIRECTION('',(0.,0.,1.));
#10002 = ORIENTED_EDGE('',*,*,#9841,.T.);
#10003 = ORIENTED_EDGE('',*,*,#9896,.F.);
#10004 = ORIENTED_EDGE('',*,*,#9282,.F.);
#10005 = PLANE('',#10006);
#10006 = AXIS2_PLACEMENT_3D('',#10007,#10008,#10009);
#10007 = CARTESIAN_POINT('',(-0.425,1.33,1.27));
#10008 = DIRECTION('',(0.,1.,0.));
#10009 = DIRECTION('',(1.,0.,-0.));
#10010 = ADVANCED_FACE('',(#10011),#10022,.T.);
#10011 = FACE_BOUND('',#10012,.T.);
#10012 = EDGE_LOOP('',(#10013,#10019,#10020,#10021));
#10013 = ORIENTED_EDGE('',*,*,#10014,.T.);
#10014 = EDGE_CURVE('',#9267,#9826,#10015,.T.);
#10015 = LINE('',#10016,#10017);
#10016 = CARTESIAN_POINT('',(-0.425,0.5,1.27));
#10017 = VECTOR('',#10018,1.);
#10018 = DIRECTION('',(0.,0.,1.));
#10019 = ORIENTED_EDGE('',*,*,#9833,.T.);
#10020 = ORIENTED_EDGE('',*,*,#9997,.F.);
#10021 = ORIENTED_EDGE('',*,*,#9274,.F.);
#10022 = PLANE('',#10023);
#10023 = AXIS2_PLACEMENT_3D('',#10024,#10025,#10026);
#10024 = CARTESIAN_POINT('',(-0.425,0.5,1.27));
#10025 = DIRECTION('',(-1.,0.,0.));
#10026 = DIRECTION('',(0.,1.,0.));
#10027 = ADVANCED_FACE('',(#10028),#10039,.T.);
#10028 = FACE_BOUND('',#10029,.T.);
#10029 = EDGE_LOOP('',(#10030,#10036,#10037,#10038));
#10030 = ORIENTED_EDGE('',*,*,#10031,.T.);
#10031 = EDGE_CURVE('',#9259,#9818,#10032,.T.);
#10032 = LINE('',#10033,#10034);
#10033 = CARTESIAN_POINT('',(-0.38,0.5,1.27));
#10034 = VECTOR('',#10035,1.);
#10035 = DIRECTION('',(0.,0.,1.));
#10036 = ORIENTED_EDGE('',*,*,#9825,.T.);
#10037 = ORIENTED_EDGE('',*,*,#10014,.F.);
#10038 = ORIENTED_EDGE('',*,*,#9266,.F.);
#10039 = PLANE('',#10040);
#10040 = AXIS2_PLACEMENT_3D('',#10041,#10042,#10043);
#10041 = CARTESIAN_POINT('',(-0.38,0.5,1.27));
#10042 = DIRECTION('',(0.,-1.,0.));
#10043 = DIRECTION('',(-1.,0.,0.));
#10044 = ADVANCED_FACE('',(#10045),#10073,.T.);
#10045 = FACE_BOUND('',#10046,.T.);
#10046 = EDGE_LOOP('',(#10047,#10057,#10064,#10065,#10066,#10067));
#10047 = ORIENTED_EDGE('',*,*,#10048,.T.);
#10048 = EDGE_CURVE('',#10049,#10051,#10053,.T.);
#10049 = VERTEX_POINT('',#10050);
#10050 = CARTESIAN_POINT('',(-0.38,-0.25,1.27));
#10051 = VERTEX_POINT('',#10052);
#10052 = CARTESIAN_POINT('',(-0.38,-0.25,1.28));
#10053 = LINE('',#10054,#10055);
#10054 = CARTESIAN_POINT('',(-0.38,-0.25,1.27));
#10055 = VECTOR('',#10056,1.);
#10056 = DIRECTION('',(0.,0.,1.));
#10057 = ORIENTED_EDGE('',*,*,#10058,.T.);
#10058 = EDGE_CURVE('',#10051,#9810,#10059,.T.);
#10059 = CIRCLE('',#10060,0.49);
#10060 = AXIS2_PLACEMENT_3D('',#10061,#10062,#10063);
#10061 = CARTESIAN_POINT('',(-0.38,0.24,1.28));
#10062 = DIRECTION('',(-1.,0.,0.));
#10063 = DIRECTION('',(0.,-1.,0.));
#10064 = ORIENTED_EDGE('',*,*,#9817,.T.);
#10065 = ORIENTED_EDGE('',*,*,#10031,.F.);
#10066 = ORIENTED_EDGE('',*,*,#9258,.F.);
#10067 = ORIENTED_EDGE('',*,*,#10068,.T.);
#10068 = EDGE_CURVE('',#9251,#10049,#10069,.T.);
#10069 = LINE('',#10070,#10071);
#10070 = CARTESIAN_POINT('',(-0.38,0.25,1.27));
#10071 = VECTOR('',#10072,1.);
#10072 = DIRECTION('',(0.,-1.,0.));
#10073 = PLANE('',#10074);
#10074 = AXIS2_PLACEMENT_3D('',#10075,#10076,#10077);
#10075 = CARTESIAN_POINT('',(-0.38,-0.25,1.27));
#10076 = DIRECTION('',(-1.,0.,0.));
#10077 = DIRECTION('',(0.,1.,0.));
#10078 = ADVANCED_FACE('',(#10079),#10136,.F.);
#10079 = FACE_BOUND('',#10080,.F.);
#10080 = EDGE_LOOP('',(#10081,#10089,#10090,#10098,#10106,#10114,#10122,
    #10130));
#10081 = ORIENTED_EDGE('',*,*,#10082,.F.);
#10082 = EDGE_CURVE('',#9243,#10083,#10085,.T.);
#10083 = VERTEX_POINT('',#10084);
#10084 = CARTESIAN_POINT('',(0.38,0.25,-3.703080193525));
#10085 = LINE('',#10086,#10087);
#10086 = CARTESIAN_POINT('',(0.38,0.25,1.27));
#10087 = VECTOR('',#10088,1.);
#10088 = DIRECTION('',(0.,0.,-1.));
#10089 = ORIENTED_EDGE('',*,*,#9250,.T.);
#10090 = ORIENTED_EDGE('',*,*,#10091,.F.);
#10091 = EDGE_CURVE('',#10092,#9251,#10094,.T.);
#10092 = VERTEX_POINT('',#10093);
#10093 = CARTESIAN_POINT('',(-0.38,0.25,-3.703080193525));
#10094 = LINE('',#10095,#10096);
#10095 = CARTESIAN_POINT('',(-0.38,0.25,-3.703080193525));
#10096 = VECTOR('',#10097,1.);
#10097 = DIRECTION('',(0.,0.,1.));
#10098 = ORIENTED_EDGE('',*,*,#10099,.T.);
#10099 = EDGE_CURVE('',#10092,#10100,#10102,.T.);
#10100 = VERTEX_POINT('',#10101);
#10101 = CARTESIAN_POINT('',(-0.15,0.25,-4.335));
#10102 = LINE('',#10103,#10104);
#10103 = CARTESIAN_POINT('',(-0.38,0.25,-3.703080193525));
#10104 = VECTOR('',#10105,1.);
#10105 = DIRECTION('',(0.342020143326,-6.259610302E-16,-0.939692620786)
  );
#10106 = ORIENTED_EDGE('',*,*,#10107,.F.);
#10107 = EDGE_CURVE('',#10108,#10100,#10110,.T.);
#10108 = VERTEX_POINT('',#10109);
#10109 = CARTESIAN_POINT('',(-0.15,0.25,-4.835));
#10110 = LINE('',#10111,#10112);
#10111 = CARTESIAN_POINT('',(-0.15,0.25,-4.835));
#10112 = VECTOR('',#10113,1.);
#10113 = DIRECTION('',(0.,0.,1.));
#10114 = ORIENTED_EDGE('',*,*,#10115,.F.);
#10115 = EDGE_CURVE('',#10116,#10108,#10118,.T.);
#10116 = VERTEX_POINT('',#10117);
#10117 = CARTESIAN_POINT('',(0.15,0.25,-4.835));
#10118 = LINE('',#10119,#10120);
#10119 = CARTESIAN_POINT('',(0.15,0.25,-4.835));
#10120 = VECTOR('',#10121,1.);
#10121 = DIRECTION('',(-1.,0.,0.));
#10122 = ORIENTED_EDGE('',*,*,#10123,.F.);
#10123 = EDGE_CURVE('',#10124,#10116,#10126,.T.);
#10124 = VERTEX_POINT('',#10125);
#10125 = CARTESIAN_POINT('',(0.15,0.25,-4.335));
#10126 = LINE('',#10127,#10128);
#10127 = CARTESIAN_POINT('',(0.15,0.25,-4.335));
#10128 = VECTOR('',#10129,1.);
#10129 = DIRECTION('',(0.,0.,-1.));
#10130 = ORIENTED_EDGE('',*,*,#10131,.F.);
#10131 = EDGE_CURVE('',#10083,#10124,#10132,.T.);
#10132 = LINE('',#10133,#10134);
#10133 = CARTESIAN_POINT('',(0.38,0.25,-3.703080193525));
#10134 = VECTOR('',#10135,1.);
#10135 = DIRECTION('',(-0.342020143326,-6.259610302E-16,-0.939692620786)
  );
#10136 = PLANE('',#10137);
#10137 = AXIS2_PLACEMENT_3D('',#10138,#10139,#10140);
#10138 = CARTESIAN_POINT('',(0.38,0.25,1.27));
#10139 = DIRECTION('',(0.,-1.,0.));
#10140 = DIRECTION('',(0.,0.,-1.));
#10141 = ADVANCED_FACE('',(#10142),#10175,.T.);
#10142 = FACE_BOUND('',#10143,.T.);
#10143 = EDGE_LOOP('',(#10144,#10154,#10160,#10161,#10167,#10168));
#10144 = ORIENTED_EDGE('',*,*,#10145,.F.);
#10145 = EDGE_CURVE('',#10146,#10148,#10150,.T.);
#10146 = VERTEX_POINT('',#10147);
#10147 = CARTESIAN_POINT('',(4.96,-0.25,1.27));
#10148 = VERTEX_POINT('',#10149);
#10149 = CARTESIAN_POINT('',(4.96,-0.25,1.28));
#10150 = LINE('',#10151,#10152);
#10151 = CARTESIAN_POINT('',(4.96,-0.25,1.27));
#10152 = VECTOR('',#10153,1.);
#10153 = DIRECTION('',(0.,0.,1.));
#10154 = ORIENTED_EDGE('',*,*,#10155,.F.);
#10155 = EDGE_CURVE('',#9338,#10146,#10156,.T.);
#10156 = LINE('',#10157,#10158);
#10157 = CARTESIAN_POINT('',(4.96,0.25,1.27));
#10158 = VECTOR('',#10159,1.);
#10159 = DIRECTION('',(0.,-1.,0.));
#10160 = ORIENTED_EDGE('',*,*,#9335,.F.);
#10161 = ORIENTED_EDGE('',*,*,#10162,.T.);
#10162 = EDGE_CURVE('',#9336,#9616,#10163,.T.);
#10163 = LINE('',#10164,#10165);
#10164 = CARTESIAN_POINT('',(4.96,0.5,1.27));
#10165 = VECTOR('',#10166,1.);
#10166 = DIRECTION('',(0.,0.,1.));
#10167 = ORIENTED_EDGE('',*,*,#9623,.T.);
#10168 = ORIENTED_EDGE('',*,*,#10169,.F.);
#10169 = EDGE_CURVE('',#10148,#9550,#10170,.T.);
#10170 = CIRCLE('',#10171,0.49);
#10171 = AXIS2_PLACEMENT_3D('',#10172,#10173,#10174);
#10172 = CARTESIAN_POINT('',(4.96,0.24,1.28));
#10173 = DIRECTION('',(-1.,0.,0.));
#10174 = DIRECTION('',(0.,-1.,0.));
#10175 = PLANE('',#10176);
#10176 = AXIS2_PLACEMENT_3D('',#10177,#10178,#10179);
#10177 = CARTESIAN_POINT('',(4.96,0.5,1.27));
#10178 = DIRECTION('',(1.,0.,-0.));
#10179 = DIRECTION('',(0.,-1.,0.));
#10180 = ADVANCED_FACE('',(#10181),#10192,.T.);
#10181 = FACE_BOUND('',#10182,.T.);
#10182 = EDGE_LOOP('',(#10183,#10189,#10190,#10191));
#10183 = ORIENTED_EDGE('',*,*,#10184,.T.);
#10184 = EDGE_CURVE('',#9409,#9608,#10185,.T.);
#10185 = LINE('',#10186,#10187);
#10186 = CARTESIAN_POINT('',(5.005,0.5,1.27));
#10187 = VECTOR('',#10188,1.);
#10188 = DIRECTION('',(0.,0.,1.));
#10189 = ORIENTED_EDGE('',*,*,#9615,.T.);
#10190 = ORIENTED_EDGE('',*,*,#10162,.F.);
#10191 = ORIENTED_EDGE('',*,*,#9416,.F.);
#10192 = PLANE('',#10193);
#10193 = AXIS2_PLACEMENT_3D('',#10194,#10195,#10196);
#10194 = CARTESIAN_POINT('',(5.005,0.5,1.27));
#10195 = DIRECTION('',(0.,-1.,0.));
#10196 = DIRECTION('',(-1.,0.,0.));
#10197 = ADVANCED_FACE('',(#10198),#10209,.T.);
#10198 = FACE_BOUND('',#10199,.T.);
#10199 = EDGE_LOOP('',(#10200,#10206,#10207,#10208));
#10200 = ORIENTED_EDGE('',*,*,#10201,.T.);
#10201 = EDGE_CURVE('',#9401,#9600,#10202,.T.);
#10202 = LINE('',#10203,#10204);
#10203 = CARTESIAN_POINT('',(5.005,1.33,1.27));
#10204 = VECTOR('',#10205,1.);
#10205 = DIRECTION('',(0.,0.,1.));
#10206 = ORIENTED_EDGE('',*,*,#9607,.T.);
#10207 = ORIENTED_EDGE('',*,*,#10184,.F.);
#10208 = ORIENTED_EDGE('',*,*,#9408,.F.);
#10209 = PLANE('',#10210);
#10210 = AXIS2_PLACEMENT_3D('',#10211,#10212,#10213);
#10211 = CARTESIAN_POINT('',(5.005,1.33,1.27));
#10212 = DIRECTION('',(1.,0.,-0.));
#10213 = DIRECTION('',(0.,-1.,0.));
#10214 = ADVANCED_FACE('',(#10215),#10221,.T.);
#10215 = FACE_BOUND('',#10216,.T.);
#10216 = EDGE_LOOP('',(#10217,#10218,#10219,#10220));
#10217 = ORIENTED_EDGE('',*,*,#9535,.T.);
#10218 = ORIENTED_EDGE('',*,*,#9599,.T.);
#10219 = ORIENTED_EDGE('',*,*,#10201,.F.);
#10220 = ORIENTED_EDGE('',*,*,#9400,.F.);
#10221 = PLANE('',#10222);
#10222 = AXIS2_PLACEMENT_3D('',#10223,#10224,#10225);
#10223 = CARTESIAN_POINT('',(4.96,1.33,1.27));
#10224 = DIRECTION('',(0.,1.,0.));
#10225 = DIRECTION('',(1.,0.,-0.));
#10226 = ADVANCED_FACE('',(#10227),#10238,.T.);
#10227 = FACE_BOUND('',#10228,.T.);
#10228 = EDGE_LOOP('',(#10229,#10235,#10236,#10237));
#10229 = ORIENTED_EDGE('',*,*,#10230,.T.);
#10230 = EDGE_CURVE('',#9370,#9576,#10231,.T.);
#10231 = LINE('',#10232,#10233);
#10232 = CARTESIAN_POINT('',(4.155,1.33,1.27));
#10233 = VECTOR('',#10234,1.);
#10234 = DIRECTION('',(0.,0.,1.));
#10235 = ORIENTED_EDGE('',*,*,#9583,.T.);
#10236 = ORIENTED_EDGE('',*,*,#9638,.F.);
#10237 = ORIENTED_EDGE('',*,*,#9377,.F.);
#10238 = PLANE('',#10239);
#10239 = AXIS2_PLACEMENT_3D('',#10240,#10241,#10242);
#10240 = CARTESIAN_POINT('',(4.155,1.33,1.27));
#10241 = DIRECTION('',(0.,1.,0.));
#10242 = DIRECTION('',(1.,0.,-0.));
#10243 = ADVANCED_FACE('',(#10244),#10255,.T.);
#10244 = FACE_BOUND('',#10245,.T.);
#10245 = EDGE_LOOP('',(#10246,#10252,#10253,#10254));
#10246 = ORIENTED_EDGE('',*,*,#10247,.T.);
#10247 = EDGE_CURVE('',#9362,#9568,#10248,.T.);
#10248 = LINE('',#10249,#10250);
#10249 = CARTESIAN_POINT('',(4.155,0.5,1.27));
#10250 = VECTOR('',#10251,1.);
#10251 = DIRECTION('',(0.,0.,1.));
#10252 = ORIENTED_EDGE('',*,*,#9575,.T.);
#10253 = ORIENTED_EDGE('',*,*,#10230,.F.);
#10254 = ORIENTED_EDGE('',*,*,#9369,.F.);
#10255 = PLANE('',#10256);
#10256 = AXIS2_PLACEMENT_3D('',#10257,#10258,#10259);
#10257 = CARTESIAN_POINT('',(4.155,0.5,1.27));
#10258 = DIRECTION('',(-1.,0.,0.));
#10259 = DIRECTION('',(0.,1.,0.));
#10260 = ADVANCED_FACE('',(#10261),#10272,.T.);
#10261 = FACE_BOUND('',#10262,.T.);
#10262 = EDGE_LOOP('',(#10263,#10269,#10270,#10271));
#10263 = ORIENTED_EDGE('',*,*,#10264,.T.);
#10264 = EDGE_CURVE('',#9354,#9560,#10265,.T.);
#10265 = LINE('',#10266,#10267);
#10266 = CARTESIAN_POINT('',(4.2,0.5,1.27));
#10267 = VECTOR('',#10268,1.);
#10268 = DIRECTION('',(0.,0.,1.));
#10269 = ORIENTED_EDGE('',*,*,#9567,.T.);
#10270 = ORIENTED_EDGE('',*,*,#10247,.F.);
#10271 = ORIENTED_EDGE('',*,*,#9361,.F.);
#10272 = PLANE('',#10273);
#10273 = AXIS2_PLACEMENT_3D('',#10274,#10275,#10276);
#10274 = CARTESIAN_POINT('',(4.2,0.5,1.27));
#10275 = DIRECTION('',(0.,-1.,0.));
#10276 = DIRECTION('',(-1.,0.,0.));
#10277 = ADVANCED_FACE('',(#10278),#10306,.T.);
#10278 = FACE_BOUND('',#10279,.T.);
#10279 = EDGE_LOOP('',(#10280,#10290,#10297,#10298,#10299,#10300));
#10280 = ORIENTED_EDGE('',*,*,#10281,.T.);
#10281 = EDGE_CURVE('',#10282,#10284,#10286,.T.);
#10282 = VERTEX_POINT('',#10283);
#10283 = CARTESIAN_POINT('',(4.2,-0.25,1.27));
#10284 = VERTEX_POINT('',#10285);
#10285 = CARTESIAN_POINT('',(4.2,-0.25,1.28));
#10286 = LINE('',#10287,#10288);
#10287 = CARTESIAN_POINT('',(4.2,-0.25,1.27));
#10288 = VECTOR('',#10289,1.);
#10289 = DIRECTION('',(0.,0.,1.));
#10290 = ORIENTED_EDGE('',*,*,#10291,.T.);
#10291 = EDGE_CURVE('',#10284,#9552,#10292,.T.);
#10292 = CIRCLE('',#10293,0.49);
#10293 = AXIS2_PLACEMENT_3D('',#10294,#10295,#10296);
#10294 = CARTESIAN_POINT('',(4.2,0.24,1.28));
#10295 = DIRECTION('',(-1.,0.,0.));
#10296 = DIRECTION('',(0.,-1.,0.));
#10297 = ORIENTED_EDGE('',*,*,#9559,.T.);
#10298 = ORIENTED_EDGE('',*,*,#10264,.F.);
#10299 = ORIENTED_EDGE('',*,*,#9353,.F.);
#10300 = ORIENTED_EDGE('',*,*,#10301,.T.);
#10301 = EDGE_CURVE('',#9346,#10282,#10302,.T.);
#10302 = LINE('',#10303,#10304);
#10303 = CARTESIAN_POINT('',(4.2,0.25,1.27));
#10304 = VECTOR('',#10305,1.);
#10305 = DIRECTION('',(0.,-1.,0.));
#10306 = PLANE('',#10307);
#10307 = AXIS2_PLACEMENT_3D('',#10308,#10309,#10310);
#10308 = CARTESIAN_POINT('',(4.2,-0.25,1.27));
#10309 = DIRECTION('',(-1.,0.,0.));
#10310 = DIRECTION('',(0.,1.,0.));
#10311 = ADVANCED_FACE('',(#10312),#10369,.F.);
#10312 = FACE_BOUND('',#10313,.F.);
#10313 = EDGE_LOOP('',(#10314,#10322,#10330,#10338,#10346,#10354,#10362,
    #10368));
#10314 = ORIENTED_EDGE('',*,*,#10315,.F.);
#10315 = EDGE_CURVE('',#10316,#9346,#10318,.T.);
#10316 = VERTEX_POINT('',#10317);
#10317 = CARTESIAN_POINT('',(4.2,0.25,-3.703080193525));
#10318 = LINE('',#10319,#10320);
#10319 = CARTESIAN_POINT('',(4.2,0.25,-3.703080193525));
#10320 = VECTOR('',#10321,1.);
#10321 = DIRECTION('',(0.,0.,1.));
#10322 = ORIENTED_EDGE('',*,*,#10323,.T.);
#10323 = EDGE_CURVE('',#10316,#10324,#10326,.T.);
#10324 = VERTEX_POINT('',#10325);
#10325 = CARTESIAN_POINT('',(4.43,0.25,-4.335));
#10326 = LINE('',#10327,#10328);
#10327 = CARTESIAN_POINT('',(4.2,0.25,-3.703080193525));
#10328 = VECTOR('',#10329,1.);
#10329 = DIRECTION('',(0.342020143326,-6.259610302E-16,-0.939692620786)
  );
#10330 = ORIENTED_EDGE('',*,*,#10331,.F.);
#10331 = EDGE_CURVE('',#10332,#10324,#10334,.T.);
#10332 = VERTEX_POINT('',#10333);
#10333 = CARTESIAN_POINT('',(4.43,0.25,-4.835));
#10334 = LINE('',#10335,#10336);
#10335 = CARTESIAN_POINT('',(4.43,0.25,-4.835));
#10336 = VECTOR('',#10337,1.);
#10337 = DIRECTION('',(0.,0.,1.));
#10338 = ORIENTED_EDGE('',*,*,#10339,.F.);
#10339 = EDGE_CURVE('',#10340,#10332,#10342,.T.);
#10340 = VERTEX_POINT('',#10341);
#10341 = CARTESIAN_POINT('',(4.73,0.25,-4.835));
#10342 = LINE('',#10343,#10344);
#10343 = CARTESIAN_POINT('',(4.73,0.25,-4.835));
#10344 = VECTOR('',#10345,1.);
#10345 = DIRECTION('',(-1.,0.,0.));
#10346 = ORIENTED_EDGE('',*,*,#10347,.F.);
#10347 = EDGE_CURVE('',#10348,#10340,#10350,.T.);
#10348 = VERTEX_POINT('',#10349);
#10349 = CARTESIAN_POINT('',(4.73,0.25,-4.335));
#10350 = LINE('',#10351,#10352);
#10351 = CARTESIAN_POINT('',(4.73,0.25,-4.335));
#10352 = VECTOR('',#10353,1.);
#10353 = DIRECTION('',(0.,0.,-1.));
#10354 = ORIENTED_EDGE('',*,*,#10355,.F.);
#10355 = EDGE_CURVE('',#10356,#10348,#10358,.T.);
#10356 = VERTEX_POINT('',#10357);
#10357 = CARTESIAN_POINT('',(4.96,0.25,-3.703080193525));
#10358 = LINE('',#10359,#10360);
#10359 = CARTESIAN_POINT('',(4.96,0.25,-3.703080193525));
#10360 = VECTOR('',#10361,1.);
#10361 = DIRECTION('',(-0.342020143326,-6.259610302E-16,-0.939692620786)
  );
#10362 = ORIENTED_EDGE('',*,*,#10363,.F.);
#10363 = EDGE_CURVE('',#9338,#10356,#10364,.T.);
#10364 = LINE('',#10365,#10366);
#10365 = CARTESIAN_POINT('',(4.96,0.25,1.27));
#10366 = VECTOR('',#10367,1.);
#10367 = DIRECTION('',(0.,0.,-1.));
#10368 = ORIENTED_EDGE('',*,*,#9345,.F.);
#10369 = PLANE('',#10370);
#10370 = AXIS2_PLACEMENT_3D('',#10371,#10372,#10373);
#10371 = CARTESIAN_POINT('',(4.2,0.25,-3.703080193525));
#10372 = DIRECTION('',(0.,-1.,0.));
#10373 = DIRECTION('',(0.,0.,-1.));
#10374 = ADVANCED_FACE('',(#10375),#10408,.T.);
#10375 = FACE_BOUND('',#10376,.T.);
#10376 = EDGE_LOOP('',(#10377,#10387,#10393,#10394,#10400,#10401));
#10377 = ORIENTED_EDGE('',*,*,#10378,.F.);
#10378 = EDGE_CURVE('',#10379,#10381,#10383,.T.);
#10379 = VERTEX_POINT('',#10380);
#10380 = CARTESIAN_POINT('',(2.67,-0.25,1.27));
#10381 = VERTEX_POINT('',#10382);
#10382 = CARTESIAN_POINT('',(2.67,-0.25,1.28));
#10383 = LINE('',#10384,#10385);
#10384 = CARTESIAN_POINT('',(2.67,-0.25,1.27));
#10385 = VECTOR('',#10386,1.);
#10386 = DIRECTION('',(0.,0.,1.));
#10387 = ORIENTED_EDGE('',*,*,#10388,.F.);
#10388 = EDGE_CURVE('',#9433,#10379,#10389,.T.);
#10389 = LINE('',#10390,#10391);
#10390 = CARTESIAN_POINT('',(2.67,0.25,1.27));
#10391 = VECTOR('',#10392,1.);
#10392 = DIRECTION('',(0.,-1.,0.));
#10393 = ORIENTED_EDGE('',*,*,#9430,.F.);
#10394 = ORIENTED_EDGE('',*,*,#10395,.T.);
#10395 = EDGE_CURVE('',#9431,#9745,#10396,.T.);
#10396 = LINE('',#10397,#10398);
#10397 = CARTESIAN_POINT('',(2.67,0.5,1.27));
#10398 = VECTOR('',#10399,1.);
#10399 = DIRECTION('',(0.,0.,1.));
#10400 = ORIENTED_EDGE('',*,*,#9752,.T.);
#10401 = ORIENTED_EDGE('',*,*,#10402,.F.);
#10402 = EDGE_CURVE('',#10381,#9679,#10403,.T.);
#10403 = CIRCLE('',#10404,0.49);
#10404 = AXIS2_PLACEMENT_3D('',#10405,#10406,#10407);
#10405 = CARTESIAN_POINT('',(2.67,0.24,1.28));
#10406 = DIRECTION('',(-1.,0.,0.));
#10407 = DIRECTION('',(0.,-1.,0.));
#10408 = PLANE('',#10409);
#10409 = AXIS2_PLACEMENT_3D('',#10410,#10411,#10412);
#10410 = CARTESIAN_POINT('',(2.67,0.5,1.27));
#10411 = DIRECTION('',(1.,0.,-0.));
#10412 = DIRECTION('',(0.,-1.,0.));
#10413 = ADVANCED_FACE('',(#10414),#10425,.T.);
#10414 = FACE_BOUND('',#10415,.T.);
#10415 = EDGE_LOOP('',(#10416,#10422,#10423,#10424));
#10416 = ORIENTED_EDGE('',*,*,#10417,.T.);
#10417 = EDGE_CURVE('',#9504,#9737,#10418,.T.);
#10418 = LINE('',#10419,#10420);
#10419 = CARTESIAN_POINT('',(2.715,0.5,1.27));
#10420 = VECTOR('',#10421,1.);
#10421 = DIRECTION('',(0.,0.,1.));
#10422 = ORIENTED_EDGE('',*,*,#9744,.T.);
#10423 = ORIENTED_EDGE('',*,*,#10395,.F.);
#10424 = ORIENTED_EDGE('',*,*,#9511,.F.);
#10425 = PLANE('',#10426);
#10426 = AXIS2_PLACEMENT_3D('',#10427,#10428,#10429);
#10427 = CARTESIAN_POINT('',(2.715,0.5,1.27));
#10428 = DIRECTION('',(0.,-1.,0.));
#10429 = DIRECTION('',(-1.,0.,0.));
#10430 = ADVANCED_FACE('',(#10431),#10442,.T.);
#10431 = FACE_BOUND('',#10432,.T.);
#10432 = EDGE_LOOP('',(#10433,#10439,#10440,#10441));
#10433 = ORIENTED_EDGE('',*,*,#10434,.T.);
#10434 = EDGE_CURVE('',#9496,#9729,#10435,.T.);
#10435 = LINE('',#10436,#10437);
#10436 = CARTESIAN_POINT('',(2.715,1.33,1.27));
#10437 = VECTOR('',#10438,1.);
#10438 = DIRECTION('',(0.,0.,1.));
#10439 = ORIENTED_EDGE('',*,*,#9736,.T.);
#10440 = ORIENTED_EDGE('',*,*,#10417,.F.);
#10441 = ORIENTED_EDGE('',*,*,#9503,.F.);
#10442 = PLANE('',#10443);
#10443 = AXIS2_PLACEMENT_3D('',#10444,#10445,#10446);
#10444 = CARTESIAN_POINT('',(2.715,1.33,1.27));
#10445 = DIRECTION('',(1.,0.,-0.));
#10446 = DIRECTION('',(0.,-1.,0.));
#10447 = ADVANCED_FACE('',(#10448),#10454,.T.);
#10448 = FACE_BOUND('',#10449,.T.);
#10449 = EDGE_LOOP('',(#10450,#10451,#10452,#10453));
#10450 = ORIENTED_EDGE('',*,*,#9664,.T.);
#10451 = ORIENTED_EDGE('',*,*,#9728,.T.);
#10452 = ORIENTED_EDGE('',*,*,#10434,.F.);
#10453 = ORIENTED_EDGE('',*,*,#9495,.F.);
#10454 = PLANE('',#10455);
#10455 = AXIS2_PLACEMENT_3D('',#10456,#10457,#10458);
#10456 = CARTESIAN_POINT('',(2.67,1.33,1.27));
#10457 = DIRECTION('',(0.,1.,0.));
#10458 = DIRECTION('',(1.,0.,-0.));
#10459 = ADVANCED_FACE('',(#10460),#10471,.T.);
#10460 = FACE_BOUND('',#10461,.T.);
#10461 = EDGE_LOOP('',(#10462,#10468,#10469,#10470));
#10462 = ORIENTED_EDGE('',*,*,#10463,.T.);
#10463 = EDGE_CURVE('',#9465,#9705,#10464,.T.);
#10464 = LINE('',#10465,#10466);
#10465 = CARTESIAN_POINT('',(1.865,1.33,1.27));
#10466 = VECTOR('',#10467,1.);
#10467 = DIRECTION('',(0.,0.,1.));
#10468 = ORIENTED_EDGE('',*,*,#9712,.T.);
#10469 = ORIENTED_EDGE('',*,*,#9767,.F.);
#10470 = ORIENTED_EDGE('',*,*,#9472,.F.);
#10471 = PLANE('',#10472);
#10472 = AXIS2_PLACEMENT_3D('',#10473,#10474,#10475);
#10473 = CARTESIAN_POINT('',(1.865,1.33,1.27));
#10474 = DIRECTION('',(0.,1.,0.));
#10475 = DIRECTION('',(1.,0.,-0.));
#10476 = ADVANCED_FACE('',(#10477),#10488,.T.);
#10477 = FACE_BOUND('',#10478,.T.);
#10478 = EDGE_LOOP('',(#10479,#10485,#10486,#10487));
#10479 = ORIENTED_EDGE('',*,*,#10480,.T.);
#10480 = EDGE_CURVE('',#9457,#9697,#10481,.T.);
#10481 = LINE('',#10482,#10483);
#10482 = CARTESIAN_POINT('',(1.865,0.5,1.27));
#10483 = VECTOR('',#10484,1.);
#10484 = DIRECTION('',(0.,0.,1.));
#10485 = ORIENTED_EDGE('',*,*,#9704,.T.);
#10486 = ORIENTED_EDGE('',*,*,#10463,.F.);
#10487 = ORIENTED_EDGE('',*,*,#9464,.F.);
#10488 = PLANE('',#10489);
#10489 = AXIS2_PLACEMENT_3D('',#10490,#10491,#10492);
#10490 = CARTESIAN_POINT('',(1.865,0.5,1.27));
#10491 = DIRECTION('',(-1.,0.,0.));
#10492 = DIRECTION('',(0.,1.,0.));
#10493 = ADVANCED_FACE('',(#10494),#10505,.T.);
#10494 = FACE_BOUND('',#10495,.T.);
#10495 = EDGE_LOOP('',(#10496,#10502,#10503,#10504));
#10496 = ORIENTED_EDGE('',*,*,#10497,.T.);
#10497 = EDGE_CURVE('',#9449,#9689,#10498,.T.);
#10498 = LINE('',#10499,#10500);
#10499 = CARTESIAN_POINT('',(1.91,0.5,1.27));
#10500 = VECTOR('',#10501,1.);
#10501 = DIRECTION('',(0.,0.,1.));
#10502 = ORIENTED_EDGE('',*,*,#9696,.T.);
#10503 = ORIENTED_EDGE('',*,*,#10480,.F.);
#10504 = ORIENTED_EDGE('',*,*,#9456,.F.);
#10505 = PLANE('',#10506);
#10506 = AXIS2_PLACEMENT_3D('',#10507,#10508,#10509);
#10507 = CARTESIAN_POINT('',(1.91,0.5,1.27));
#10508 = DIRECTION('',(0.,-1.,0.));
#10509 = DIRECTION('',(-1.,0.,0.));
#10510 = ADVANCED_FACE('',(#10511),#10539,.T.);
#10511 = FACE_BOUND('',#10512,.T.);
#10512 = EDGE_LOOP('',(#10513,#10523,#10530,#10531,#10532,#10533));
#10513 = ORIENTED_EDGE('',*,*,#10514,.T.);
#10514 = EDGE_CURVE('',#10515,#10517,#10519,.T.);
#10515 = VERTEX_POINT('',#10516);
#10516 = CARTESIAN_POINT('',(1.91,-0.25,1.27));
#10517 = VERTEX_POINT('',#10518);
#10518 = CARTESIAN_POINT('',(1.91,-0.25,1.28));
#10519 = LINE('',#10520,#10521);
#10520 = CARTESIAN_POINT('',(1.91,-0.25,1.27));
#10521 = VECTOR('',#10522,1.);
#10522 = DIRECTION('',(0.,0.,1.));
#10523 = ORIENTED_EDGE('',*,*,#10524,.T.);
#10524 = EDGE_CURVE('',#10517,#9681,#10525,.T.);
#10525 = CIRCLE('',#10526,0.49);
#10526 = AXIS2_PLACEMENT_3D('',#10527,#10528,#10529);
#10527 = CARTESIAN_POINT('',(1.91,0.24,1.28));
#10528 = DIRECTION('',(-1.,0.,0.));
#10529 = DIRECTION('',(0.,-1.,0.));
#10530 = ORIENTED_EDGE('',*,*,#9688,.T.);
#10531 = ORIENTED_EDGE('',*,*,#10497,.F.);
#10532 = ORIENTED_EDGE('',*,*,#9448,.F.);
#10533 = ORIENTED_EDGE('',*,*,#10534,.T.);
#10534 = EDGE_CURVE('',#9441,#10515,#10535,.T.);
#10535 = LINE('',#10536,#10537);
#10536 = CARTESIAN_POINT('',(1.91,0.25,1.27));
#10537 = VECTOR('',#10538,1.);
#10538 = DIRECTION('',(0.,-1.,0.));
#10539 = PLANE('',#10540);
#10540 = AXIS2_PLACEMENT_3D('',#10541,#10542,#10543);
#10541 = CARTESIAN_POINT('',(1.91,-0.25,1.27));
#10542 = DIRECTION('',(-1.,0.,0.));
#10543 = DIRECTION('',(0.,1.,0.));
#10544 = ADVANCED_FACE('',(#10545),#10602,.F.);
#10545 = FACE_BOUND('',#10546,.F.);
#10546 = EDGE_LOOP('',(#10547,#10555,#10563,#10571,#10579,#10587,#10595,
    #10601));
#10547 = ORIENTED_EDGE('',*,*,#10548,.F.);
#10548 = EDGE_CURVE('',#10549,#9441,#10551,.T.);
#10549 = VERTEX_POINT('',#10550);
#10550 = CARTESIAN_POINT('',(1.91,0.25,-3.703080193525));
#10551 = LINE('',#10552,#10553);
#10552 = CARTESIAN_POINT('',(1.91,0.25,-3.703080193525));
#10553 = VECTOR('',#10554,1.);
#10554 = DIRECTION('',(0.,0.,1.));
#10555 = ORIENTED_EDGE('',*,*,#10556,.T.);
#10556 = EDGE_CURVE('',#10549,#10557,#10559,.T.);
#10557 = VERTEX_POINT('',#10558);
#10558 = CARTESIAN_POINT('',(2.14,0.25,-4.335));
#10559 = LINE('',#10560,#10561);
#10560 = CARTESIAN_POINT('',(1.91,0.25,-3.703080193525));
#10561 = VECTOR('',#10562,1.);
#10562 = DIRECTION('',(0.342020143326,-6.259610302E-16,-0.939692620786)
  );
#10563 = ORIENTED_EDGE('',*,*,#10564,.F.);
#10564 = EDGE_CURVE('',#10565,#10557,#10567,.T.);
#10565 = VERTEX_POINT('',#10566);
#10566 = CARTESIAN_POINT('',(2.14,0.25,-4.835));
#10567 = LINE('',#10568,#10569);
#10568 = CARTESIAN_POINT('',(2.14,0.25,-4.835));
#10569 = VECTOR('',#10570,1.);
#10570 = DIRECTION('',(0.,0.,1.));
#10571 = ORIENTED_EDGE('',*,*,#10572,.F.);
#10572 = EDGE_CURVE('',#10573,#10565,#10575,.T.);
#10573 = VERTEX_POINT('',#10574);
#10574 = CARTESIAN_POINT('',(2.44,0.25,-4.835));
#10575 = LINE('',#10576,#10577);
#10576 = CARTESIAN_POINT('',(2.44,0.25,-4.835));
#10577 = VECTOR('',#10578,1.);
#10578 = DIRECTION('',(-1.,0.,0.));
#10579 = ORIENTED_EDGE('',*,*,#10580,.F.);
#10580 = EDGE_CURVE('',#10581,#10573,#10583,.T.);
#10581 = VERTEX_POINT('',#10582);
#10582 = CARTESIAN_POINT('',(2.44,0.25,-4.335));
#10583 = LINE('',#10584,#10585);
#10584 = CARTESIAN_POINT('',(2.44,0.25,-4.335));
#10585 = VECTOR('',#10586,1.);
#10586 = DIRECTION('',(0.,0.,-1.));
#10587 = ORIENTED_EDGE('',*,*,#10588,.F.);
#10588 = EDGE_CURVE('',#10589,#10581,#10591,.T.);
#10589 = VERTEX_POINT('',#10590);
#10590 = CARTESIAN_POINT('',(2.67,0.25,-3.703080193525));
#10591 = LINE('',#10592,#10593);
#10592 = CARTESIAN_POINT('',(2.67,0.25,-3.703080193525));
#10593 = VECTOR('',#10594,1.);
#10594 = DIRECTION('',(-0.342020143326,-6.259610302E-16,-0.939692620786)
  );
#10595 = ORIENTED_EDGE('',*,*,#10596,.F.);
#10596 = EDGE_CURVE('',#9433,#10589,#10597,.T.);
#10597 = LINE('',#10598,#10599);
#10598 = CARTESIAN_POINT('',(2.67,0.25,1.27));
#10599 = VECTOR('',#10600,1.);
#10600 = DIRECTION('',(0.,0.,-1.));
#10601 = ORIENTED_EDGE('',*,*,#9440,.F.);
#10602 = PLANE('',#10603);
#10603 = AXIS2_PLACEMENT_3D('',#10604,#10605,#10606);
#10604 = CARTESIAN_POINT('',(1.91,0.25,-3.703080193525));
#10605 = DIRECTION('',(0.,-1.,0.));
#10606 = DIRECTION('',(0.,0.,-1.));
#10607 = ADVANCED_FACE('',(#10608),#10619,.T.);
#10608 = FACE_BOUND('',#10609,.T.);
#10609 = EDGE_LOOP('',(#10610,#10611,#10612,#10613));
#10610 = ORIENTED_EDGE('',*,*,#10169,.T.);
#10611 = ORIENTED_EDGE('',*,*,#9549,.T.);
#10612 = ORIENTED_EDGE('',*,*,#10291,.F.);
#10613 = ORIENTED_EDGE('',*,*,#10614,.F.);
#10614 = EDGE_CURVE('',#10148,#10284,#10615,.T.);
#10615 = LINE('',#10616,#10617);
#10616 = CARTESIAN_POINT('',(4.96,-0.25,1.28));
#10617 = VECTOR('',#10618,1.);
#10618 = DIRECTION('',(-1.,0.,0.));
#10619 = CYLINDRICAL_SURFACE('',#10620,0.49);
#10620 = AXIS2_PLACEMENT_3D('',#10621,#10622,#10623);
#10621 = CARTESIAN_POINT('',(4.96,0.24,1.28));
#10622 = DIRECTION('',(-1.,0.,0.));
#10623 = DIRECTION('',(0.,-1.,0.));
#10624 = ADVANCED_FACE('',(#10625),#10636,.T.);
#10625 = FACE_BOUND('',#10626,.T.);
#10626 = EDGE_LOOP('',(#10627,#10628,#10629,#10630));
#10627 = ORIENTED_EDGE('',*,*,#10402,.T.);
#10628 = ORIENTED_EDGE('',*,*,#9678,.T.);
#10629 = ORIENTED_EDGE('',*,*,#10524,.F.);
#10630 = ORIENTED_EDGE('',*,*,#10631,.F.);
#10631 = EDGE_CURVE('',#10381,#10517,#10632,.T.);
#10632 = LINE('',#10633,#10634);
#10633 = CARTESIAN_POINT('',(2.67,-0.25,1.28));
#10634 = VECTOR('',#10635,1.);
#10635 = DIRECTION('',(-1.,0.,0.));
#10636 = CYLINDRICAL_SURFACE('',#10637,0.49);
#10637 = AXIS2_PLACEMENT_3D('',#10638,#10639,#10640);
#10638 = CARTESIAN_POINT('',(2.67,0.24,1.28));
#10639 = DIRECTION('',(-1.,0.,0.));
#10640 = DIRECTION('',(0.,-1.,0.));
#10641 = ADVANCED_FACE('',(#10642),#10653,.T.);
#10642 = FACE_BOUND('',#10643,.T.);
#10643 = EDGE_LOOP('',(#10644,#10645,#10646,#10647));
#10644 = ORIENTED_EDGE('',*,*,#9936,.T.);
#10645 = ORIENTED_EDGE('',*,*,#9807,.T.);
#10646 = ORIENTED_EDGE('',*,*,#10058,.F.);
#10647 = ORIENTED_EDGE('',*,*,#10648,.F.);
#10648 = EDGE_CURVE('',#9915,#10051,#10649,.T.);
#10649 = LINE('',#10650,#10651);
#10650 = CARTESIAN_POINT('',(0.38,-0.25,1.28));
#10651 = VECTOR('',#10652,1.);
#10652 = DIRECTION('',(-1.,0.,0.));
#10653 = CYLINDRICAL_SURFACE('',#10654,0.49);
#10654 = AXIS2_PLACEMENT_3D('',#10655,#10656,#10657);
#10655 = CARTESIAN_POINT('',(0.38,0.24,1.28));
#10656 = DIRECTION('',(-1.,0.,0.));
#10657 = DIRECTION('',(0.,-1.,0.));
#10658 = ADVANCED_FACE('',(#10659),#10670,.T.);
#10659 = FACE_BOUND('',#10660,.T.);
#10660 = EDGE_LOOP('',(#10661,#10662,#10663,#10664));
#10661 = ORIENTED_EDGE('',*,*,#9912,.T.);
#10662 = ORIENTED_EDGE('',*,*,#10648,.T.);
#10663 = ORIENTED_EDGE('',*,*,#10048,.F.);
#10664 = ORIENTED_EDGE('',*,*,#10665,.F.);
#10665 = EDGE_CURVE('',#9913,#10049,#10666,.T.);
#10666 = LINE('',#10667,#10668);
#10667 = CARTESIAN_POINT('',(0.38,-0.25,1.27));
#10668 = VECTOR('',#10669,1.);
#10669 = DIRECTION('',(-1.,0.,0.));
#10670 = PLANE('',#10671);
#10671 = AXIS2_PLACEMENT_3D('',#10672,#10673,#10674);
#10672 = CARTESIAN_POINT('',(0.38,-0.25,1.27));
#10673 = DIRECTION('',(0.,-1.,0.));
#10674 = DIRECTION('',(-1.,0.,0.));
#10675 = ADVANCED_FACE('',(#10676),#10694,.T.);
#10676 = FACE_BOUND('',#10677,.T.);
#10677 = EDGE_LOOP('',(#10678,#10679,#10687,#10693));
#10678 = ORIENTED_EDGE('',*,*,#9922,.T.);
#10679 = ORIENTED_EDGE('',*,*,#10680,.T.);
#10680 = EDGE_CURVE('',#9913,#10681,#10683,.T.);
#10681 = VERTEX_POINT('',#10682);
#10682 = CARTESIAN_POINT('',(0.38,-0.25,-3.703080193525));
#10683 = LINE('',#10684,#10685);
#10684 = CARTESIAN_POINT('',(0.38,-0.25,1.27));
#10685 = VECTOR('',#10686,1.);
#10686 = DIRECTION('',(0.,0.,-1.));
#10687 = ORIENTED_EDGE('',*,*,#10688,.F.);
#10688 = EDGE_CURVE('',#10083,#10681,#10689,.T.);
#10689 = LINE('',#10690,#10691);
#10690 = CARTESIAN_POINT('',(0.38,0.25,-3.703080193525));
#10691 = VECTOR('',#10692,1.);
#10692 = DIRECTION('',(0.,-1.,0.));
#10693 = ORIENTED_EDGE('',*,*,#10082,.F.);
#10694 = PLANE('',#10695);
#10695 = AXIS2_PLACEMENT_3D('',#10696,#10697,#10698);
#10696 = CARTESIAN_POINT('',(0.38,0.25,1.27));
#10697 = DIRECTION('',(1.,0.,-0.));
#10698 = DIRECTION('',(0.,-0.,-1.));
#10699 = ADVANCED_FACE('',(#10700),#10718,.T.);
#10700 = FACE_BOUND('',#10701,.T.);
#10701 = EDGE_LOOP('',(#10702,#10710,#10716,#10717));
#10702 = ORIENTED_EDGE('',*,*,#10703,.T.);
#10703 = EDGE_CURVE('',#10092,#10704,#10706,.T.);
#10704 = VERTEX_POINT('',#10705);
#10705 = CARTESIAN_POINT('',(-0.38,-0.25,-3.703080193525));
#10706 = LINE('',#10707,#10708);
#10707 = CARTESIAN_POINT('',(-0.38,0.25,-3.703080193525));
#10708 = VECTOR('',#10709,1.);
#10709 = DIRECTION('',(0.,-1.,0.));
#10710 = ORIENTED_EDGE('',*,*,#10711,.T.);
#10711 = EDGE_CURVE('',#10704,#10049,#10712,.T.);
#10712 = LINE('',#10713,#10714);
#10713 = CARTESIAN_POINT('',(-0.38,-0.25,-3.703080193525));
#10714 = VECTOR('',#10715,1.);
#10715 = DIRECTION('',(0.,0.,1.));
#10716 = ORIENTED_EDGE('',*,*,#10068,.F.);
#10717 = ORIENTED_EDGE('',*,*,#10091,.F.);
#10718 = PLANE('',#10719);
#10719 = AXIS2_PLACEMENT_3D('',#10720,#10721,#10722);
#10720 = CARTESIAN_POINT('',(-0.38,0.25,-3.703080193525));
#10721 = DIRECTION('',(-1.,0.,0.));
#10722 = DIRECTION('',(0.,0.,1.));
#10723 = ADVANCED_FACE('',(#10724),#10742,.T.);
#10724 = FACE_BOUND('',#10725,.T.);
#10725 = EDGE_LOOP('',(#10726,#10727,#10735,#10741));
#10726 = ORIENTED_EDGE('',*,*,#10688,.T.);
#10727 = ORIENTED_EDGE('',*,*,#10728,.T.);
#10728 = EDGE_CURVE('',#10681,#10729,#10731,.T.);
#10729 = VERTEX_POINT('',#10730);
#10730 = CARTESIAN_POINT('',(0.15,-0.25,-4.335));
#10731 = LINE('',#10732,#10733);
#10732 = CARTESIAN_POINT('',(0.38,-0.25,-3.703080193525));
#10733 = VECTOR('',#10734,1.);
#10734 = DIRECTION('',(-0.342020143326,-6.259610302E-16,-0.939692620786)
  );
#10735 = ORIENTED_EDGE('',*,*,#10736,.F.);
#10736 = EDGE_CURVE('',#10124,#10729,#10737,.T.);
#10737 = LINE('',#10738,#10739);
#10738 = CARTESIAN_POINT('',(0.15,0.25,-4.335));
#10739 = VECTOR('',#10740,1.);
#10740 = DIRECTION('',(0.,-1.,0.));
#10741 = ORIENTED_EDGE('',*,*,#10131,.F.);
#10742 = PLANE('',#10743);
#10743 = AXIS2_PLACEMENT_3D('',#10744,#10745,#10746);
#10744 = CARTESIAN_POINT('',(0.38,0.25,-3.703080193525));
#10745 = DIRECTION('',(0.939692620786,-1.518874552023E-16,
    -0.342020143326));
#10746 = DIRECTION('',(-0.342020143326,-6.259610302E-16,-0.939692620786)
  );
#10747 = ADVANCED_FACE('',(#10748),#10766,.T.);
#10748 = FACE_BOUND('',#10749,.T.);
#10749 = EDGE_LOOP('',(#10750,#10751,#10759,#10765));
#10750 = ORIENTED_EDGE('',*,*,#10736,.T.);
#10751 = ORIENTED_EDGE('',*,*,#10752,.T.);
#10752 = EDGE_CURVE('',#10729,#10753,#10755,.T.);
#10753 = VERTEX_POINT('',#10754);
#10754 = CARTESIAN_POINT('',(0.15,-0.25,-4.835));
#10755 = LINE('',#10756,#10757);
#10756 = CARTESIAN_POINT('',(0.15,-0.25,-4.335));
#10757 = VECTOR('',#10758,1.);
#10758 = DIRECTION('',(0.,0.,-1.));
#10759 = ORIENTED_EDGE('',*,*,#10760,.F.);
#10760 = EDGE_CURVE('',#10116,#10753,#10761,.T.);
#10761 = LINE('',#10762,#10763);
#10762 = CARTESIAN_POINT('',(0.15,0.25,-4.835));
#10763 = VECTOR('',#10764,1.);
#10764 = DIRECTION('',(0.,-1.,0.));
#10765 = ORIENTED_EDGE('',*,*,#10123,.F.);
#10766 = PLANE('',#10767);
#10767 = AXIS2_PLACEMENT_3D('',#10768,#10769,#10770);
#10768 = CARTESIAN_POINT('',(0.15,0.25,-4.335));
#10769 = DIRECTION('',(1.,0.,-0.));
#10770 = DIRECTION('',(0.,-0.,-1.));
#10771 = ADVANCED_FACE('',(#10772),#10790,.F.);
#10772 = FACE_BOUND('',#10773,.F.);
#10773 = EDGE_LOOP('',(#10774,#10775,#10783,#10789));
#10774 = ORIENTED_EDGE('',*,*,#10703,.T.);
#10775 = ORIENTED_EDGE('',*,*,#10776,.T.);
#10776 = EDGE_CURVE('',#10704,#10777,#10779,.T.);
#10777 = VERTEX_POINT('',#10778);
#10778 = CARTESIAN_POINT('',(-0.15,-0.25,-4.335));
#10779 = LINE('',#10780,#10781);
#10780 = CARTESIAN_POINT('',(-0.38,-0.25,-3.703080193525));
#10781 = VECTOR('',#10782,1.);
#10782 = DIRECTION('',(0.342020143326,-6.259610302E-16,-0.939692620786)
  );
#10783 = ORIENTED_EDGE('',*,*,#10784,.F.);
#10784 = EDGE_CURVE('',#10100,#10777,#10785,.T.);
#10785 = LINE('',#10786,#10787);
#10786 = CARTESIAN_POINT('',(-0.15,0.25,-4.335));
#10787 = VECTOR('',#10788,1.);
#10788 = DIRECTION('',(0.,-1.,0.));
#10789 = ORIENTED_EDGE('',*,*,#10099,.F.);
#10790 = PLANE('',#10791);
#10791 = AXIS2_PLACEMENT_3D('',#10792,#10793,#10794);
#10792 = CARTESIAN_POINT('',(-0.38,0.25,-3.703080193525));
#10793 = DIRECTION('',(0.939692620786,1.518874552023E-16,0.342020143326)
  );
#10794 = DIRECTION('',(0.342020143326,-6.259610302E-16,-0.939692620786)
  );
#10795 = ADVANCED_FACE('',(#10796),#10814,.T.);
#10796 = FACE_BOUND('',#10797,.T.);
#10797 = EDGE_LOOP('',(#10798,#10799,#10807,#10813));
#10798 = ORIENTED_EDGE('',*,*,#10760,.T.);
#10799 = ORIENTED_EDGE('',*,*,#10800,.T.);
#10800 = EDGE_CURVE('',#10753,#10801,#10803,.T.);
#10801 = VERTEX_POINT('',#10802);
#10802 = CARTESIAN_POINT('',(-0.15,-0.25,-4.835));
#10803 = LINE('',#10804,#10805);
#10804 = CARTESIAN_POINT('',(0.15,-0.25,-4.835));
#10805 = VECTOR('',#10806,1.);
#10806 = DIRECTION('',(-1.,0.,0.));
#10807 = ORIENTED_EDGE('',*,*,#10808,.F.);
#10808 = EDGE_CURVE('',#10108,#10801,#10809,.T.);
#10809 = LINE('',#10810,#10811);
#10810 = CARTESIAN_POINT('',(-0.15,0.25,-4.835));
#10811 = VECTOR('',#10812,1.);
#10812 = DIRECTION('',(0.,-1.,0.));
#10813 = ORIENTED_EDGE('',*,*,#10115,.F.);
#10814 = PLANE('',#10815);
#10815 = AXIS2_PLACEMENT_3D('',#10816,#10817,#10818);
#10816 = CARTESIAN_POINT('',(0.15,0.25,-4.835));
#10817 = DIRECTION('',(0.,0.,-1.));
#10818 = DIRECTION('',(-1.,0.,0.));
#10819 = ADVANCED_FACE('',(#10820),#10831,.T.);
#10820 = FACE_BOUND('',#10821,.T.);
#10821 = EDGE_LOOP('',(#10822,#10823,#10829,#10830));
#10822 = ORIENTED_EDGE('',*,*,#10808,.T.);
#10823 = ORIENTED_EDGE('',*,*,#10824,.T.);
#10824 = EDGE_CURVE('',#10801,#10777,#10825,.T.);
#10825 = LINE('',#10826,#10827);
#10826 = CARTESIAN_POINT('',(-0.15,-0.25,-4.835));
#10827 = VECTOR('',#10828,1.);
#10828 = DIRECTION('',(0.,0.,1.));
#10829 = ORIENTED_EDGE('',*,*,#10784,.F.);
#10830 = ORIENTED_EDGE('',*,*,#10107,.F.);
#10831 = PLANE('',#10832);
#10832 = AXIS2_PLACEMENT_3D('',#10833,#10834,#10835);
#10833 = CARTESIAN_POINT('',(-0.15,0.25,-4.835));
#10834 = DIRECTION('',(-1.,0.,0.));
#10835 = DIRECTION('',(0.,0.,1.));
#10836 = ADVANCED_FACE('',(#10837),#10848,.T.);
#10837 = FACE_BOUND('',#10838,.T.);
#10838 = EDGE_LOOP('',(#10839,#10840,#10841,#10842));
#10839 = ORIENTED_EDGE('',*,*,#10145,.T.);
#10840 = ORIENTED_EDGE('',*,*,#10614,.T.);
#10841 = ORIENTED_EDGE('',*,*,#10281,.F.);
#10842 = ORIENTED_EDGE('',*,*,#10843,.F.);
#10843 = EDGE_CURVE('',#10146,#10282,#10844,.T.);
#10844 = LINE('',#10845,#10846);
#10845 = CARTESIAN_POINT('',(4.96,-0.25,1.27));
#10846 = VECTOR('',#10847,1.);
#10847 = DIRECTION('',(-1.,0.,0.));
#10848 = PLANE('',#10849);
#10849 = AXIS2_PLACEMENT_3D('',#10850,#10851,#10852);
#10850 = CARTESIAN_POINT('',(4.96,-0.25,1.27));
#10851 = DIRECTION('',(0.,-1.,0.));
#10852 = DIRECTION('',(-1.,0.,0.));
#10853 = ADVANCED_FACE('',(#10854),#10872,.T.);
#10854 = FACE_BOUND('',#10855,.T.);
#10855 = EDGE_LOOP('',(#10856,#10857,#10865,#10871));
#10856 = ORIENTED_EDGE('',*,*,#10155,.T.);
#10857 = ORIENTED_EDGE('',*,*,#10858,.T.);
#10858 = EDGE_CURVE('',#10146,#10859,#10861,.T.);
#10859 = VERTEX_POINT('',#10860);
#10860 = CARTESIAN_POINT('',(4.96,-0.25,-3.703080193525));
#10861 = LINE('',#10862,#10863);
#10862 = CARTESIAN_POINT('',(4.96,-0.25,1.27));
#10863 = VECTOR('',#10864,1.);
#10864 = DIRECTION('',(0.,0.,-1.));
#10865 = ORIENTED_EDGE('',*,*,#10866,.F.);
#10866 = EDGE_CURVE('',#10356,#10859,#10867,.T.);
#10867 = LINE('',#10868,#10869);
#10868 = CARTESIAN_POINT('',(4.96,0.25,-3.703080193525));
#10869 = VECTOR('',#10870,1.);
#10870 = DIRECTION('',(0.,-1.,0.));
#10871 = ORIENTED_EDGE('',*,*,#10363,.F.);
#10872 = PLANE('',#10873);
#10873 = AXIS2_PLACEMENT_3D('',#10874,#10875,#10876);
#10874 = CARTESIAN_POINT('',(4.96,0.25,1.27));
#10875 = DIRECTION('',(1.,0.,-0.));
#10876 = DIRECTION('',(0.,-0.,-1.));
#10877 = ADVANCED_FACE('',(#10878),#10896,.T.);
#10878 = FACE_BOUND('',#10879,.T.);
#10879 = EDGE_LOOP('',(#10880,#10888,#10894,#10895));
#10880 = ORIENTED_EDGE('',*,*,#10881,.T.);
#10881 = EDGE_CURVE('',#10316,#10882,#10884,.T.);
#10882 = VERTEX_POINT('',#10883);
#10883 = CARTESIAN_POINT('',(4.2,-0.25,-3.703080193525));
#10884 = LINE('',#10885,#10886);
#10885 = CARTESIAN_POINT('',(4.2,0.25,-3.703080193525));
#10886 = VECTOR('',#10887,1.);
#10887 = DIRECTION('',(0.,-1.,0.));
#10888 = ORIENTED_EDGE('',*,*,#10889,.T.);
#10889 = EDGE_CURVE('',#10882,#10282,#10890,.T.);
#10890 = LINE('',#10891,#10892);
#10891 = CARTESIAN_POINT('',(4.2,-0.25,-3.703080193525));
#10892 = VECTOR('',#10893,1.);
#10893 = DIRECTION('',(0.,0.,1.));
#10894 = ORIENTED_EDGE('',*,*,#10301,.F.);
#10895 = ORIENTED_EDGE('',*,*,#10315,.F.);
#10896 = PLANE('',#10897);
#10897 = AXIS2_PLACEMENT_3D('',#10898,#10899,#10900);
#10898 = CARTESIAN_POINT('',(4.2,0.25,-3.703080193525));
#10899 = DIRECTION('',(-1.,0.,0.));
#10900 = DIRECTION('',(0.,0.,1.));
#10901 = ADVANCED_FACE('',(#10902),#10920,.F.);
#10902 = FACE_BOUND('',#10903,.F.);
#10903 = EDGE_LOOP('',(#10904,#10905,#10913,#10919));
#10904 = ORIENTED_EDGE('',*,*,#10881,.T.);
#10905 = ORIENTED_EDGE('',*,*,#10906,.T.);
#10906 = EDGE_CURVE('',#10882,#10907,#10909,.T.);
#10907 = VERTEX_POINT('',#10908);
#10908 = CARTESIAN_POINT('',(4.43,-0.25,-4.335));
#10909 = LINE('',#10910,#10911);
#10910 = CARTESIAN_POINT('',(4.2,-0.25,-3.703080193525));
#10911 = VECTOR('',#10912,1.);
#10912 = DIRECTION('',(0.342020143326,-6.259610302E-16,-0.939692620786)
  );
#10913 = ORIENTED_EDGE('',*,*,#10914,.F.);
#10914 = EDGE_CURVE('',#10324,#10907,#10915,.T.);
#10915 = LINE('',#10916,#10917);
#10916 = CARTESIAN_POINT('',(4.43,0.25,-4.335));
#10917 = VECTOR('',#10918,1.);
#10918 = DIRECTION('',(0.,-1.,0.));
#10919 = ORIENTED_EDGE('',*,*,#10323,.F.);
#10920 = PLANE('',#10921);
#10921 = AXIS2_PLACEMENT_3D('',#10922,#10923,#10924);
#10922 = CARTESIAN_POINT('',(4.2,0.25,-3.703080193525));
#10923 = DIRECTION('',(0.939692620786,1.518874552023E-16,0.342020143326)
  );
#10924 = DIRECTION('',(0.342020143326,-6.259610302E-16,-0.939692620786)
  );
#10925 = ADVANCED_FACE('',(#10926),#10944,.T.);
#10926 = FACE_BOUND('',#10927,.T.);
#10927 = EDGE_LOOP('',(#10928,#10936,#10942,#10943));
#10928 = ORIENTED_EDGE('',*,*,#10929,.T.);
#10929 = EDGE_CURVE('',#10332,#10930,#10932,.T.);
#10930 = VERTEX_POINT('',#10931);
#10931 = CARTESIAN_POINT('',(4.43,-0.25,-4.835));
#10932 = LINE('',#10933,#10934);
#10933 = CARTESIAN_POINT('',(4.43,0.25,-4.835));
#10934 = VECTOR('',#10935,1.);
#10935 = DIRECTION('',(0.,-1.,0.));
#10936 = ORIENTED_EDGE('',*,*,#10937,.T.);
#10937 = EDGE_CURVE('',#10930,#10907,#10938,.T.);
#10938 = LINE('',#10939,#10940);
#10939 = CARTESIAN_POINT('',(4.43,-0.25,-4.835));
#10940 = VECTOR('',#10941,1.);
#10941 = DIRECTION('',(0.,0.,1.));
#10942 = ORIENTED_EDGE('',*,*,#10914,.F.);
#10943 = ORIENTED_EDGE('',*,*,#10331,.F.);
#10944 = PLANE('',#10945);
#10945 = AXIS2_PLACEMENT_3D('',#10946,#10947,#10948);
#10946 = CARTESIAN_POINT('',(4.43,0.25,-4.835));
#10947 = DIRECTION('',(-1.,0.,0.));
#10948 = DIRECTION('',(0.,0.,1.));
#10949 = ADVANCED_FACE('',(#10950),#10968,.T.);
#10950 = FACE_BOUND('',#10951,.T.);
#10951 = EDGE_LOOP('',(#10952,#10960,#10966,#10967));
#10952 = ORIENTED_EDGE('',*,*,#10953,.T.);
#10953 = EDGE_CURVE('',#10340,#10954,#10956,.T.);
#10954 = VERTEX_POINT('',#10955);
#10955 = CARTESIAN_POINT('',(4.73,-0.25,-4.835));
#10956 = LINE('',#10957,#10958);
#10957 = CARTESIAN_POINT('',(4.73,0.25,-4.835));
#10958 = VECTOR('',#10959,1.);
#10959 = DIRECTION('',(0.,-1.,0.));
#10960 = ORIENTED_EDGE('',*,*,#10961,.T.);
#10961 = EDGE_CURVE('',#10954,#10930,#10962,.T.);
#10962 = LINE('',#10963,#10964);
#10963 = CARTESIAN_POINT('',(4.73,-0.25,-4.835));
#10964 = VECTOR('',#10965,1.);
#10965 = DIRECTION('',(-1.,0.,0.));
#10966 = ORIENTED_EDGE('',*,*,#10929,.F.);
#10967 = ORIENTED_EDGE('',*,*,#10339,.F.);
#10968 = PLANE('',#10969);
#10969 = AXIS2_PLACEMENT_3D('',#10970,#10971,#10972);
#10970 = CARTESIAN_POINT('',(4.73,0.25,-4.835));
#10971 = DIRECTION('',(0.,0.,-1.));
#10972 = DIRECTION('',(-1.,0.,0.));
#10973 = ADVANCED_FACE('',(#10974),#10992,.T.);
#10974 = FACE_BOUND('',#10975,.T.);
#10975 = EDGE_LOOP('',(#10976,#10977,#10985,#10991));
#10976 = ORIENTED_EDGE('',*,*,#10866,.T.);
#10977 = ORIENTED_EDGE('',*,*,#10978,.T.);
#10978 = EDGE_CURVE('',#10859,#10979,#10981,.T.);
#10979 = VERTEX_POINT('',#10980);
#10980 = CARTESIAN_POINT('',(4.73,-0.25,-4.335));
#10981 = LINE('',#10982,#10983);
#10982 = CARTESIAN_POINT('',(4.96,-0.25,-3.703080193525));
#10983 = VECTOR('',#10984,1.);
#10984 = DIRECTION('',(-0.342020143326,-6.259610302E-16,-0.939692620786)
  );
#10985 = ORIENTED_EDGE('',*,*,#10986,.F.);
#10986 = EDGE_CURVE('',#10348,#10979,#10987,.T.);
#10987 = LINE('',#10988,#10989);
#10988 = CARTESIAN_POINT('',(4.73,0.25,-4.335));
#10989 = VECTOR('',#10990,1.);
#10990 = DIRECTION('',(0.,-1.,0.));
#10991 = ORIENTED_EDGE('',*,*,#10355,.F.);
#10992 = PLANE('',#10993);
#10993 = AXIS2_PLACEMENT_3D('',#10994,#10995,#10996);
#10994 = CARTESIAN_POINT('',(4.96,0.25,-3.703080193525));
#10995 = DIRECTION('',(0.939692620786,-1.518874552023E-16,
    -0.342020143326));
#10996 = DIRECTION('',(-0.342020143326,-6.259610302E-16,-0.939692620786)
  );
#10997 = ADVANCED_FACE('',(#10998),#11009,.T.);
#10998 = FACE_BOUND('',#10999,.T.);
#10999 = EDGE_LOOP('',(#11000,#11001,#11007,#11008));
#11000 = ORIENTED_EDGE('',*,*,#10986,.T.);
#11001 = ORIENTED_EDGE('',*,*,#11002,.T.);
#11002 = EDGE_CURVE('',#10979,#10954,#11003,.T.);
#11003 = LINE('',#11004,#11005);
#11004 = CARTESIAN_POINT('',(4.73,-0.25,-4.335));
#11005 = VECTOR('',#11006,1.);
#11006 = DIRECTION('',(0.,0.,-1.));
#11007 = ORIENTED_EDGE('',*,*,#10953,.F.);
#11008 = ORIENTED_EDGE('',*,*,#10347,.F.);
#11009 = PLANE('',#11010);
#11010 = AXIS2_PLACEMENT_3D('',#11011,#11012,#11013);
#11011 = CARTESIAN_POINT('',(4.73,0.25,-4.335));
#11012 = DIRECTION('',(1.,0.,-0.));
#11013 = DIRECTION('',(0.,-0.,-1.));
#11014 = ADVANCED_FACE('',(#11015),#11026,.T.);
#11015 = FACE_BOUND('',#11016,.T.);
#11016 = EDGE_LOOP('',(#11017,#11018,#11019,#11020));
#11017 = ORIENTED_EDGE('',*,*,#10378,.T.);
#11018 = ORIENTED_EDGE('',*,*,#10631,.T.);
#11019 = ORIENTED_EDGE('',*,*,#10514,.F.);
#11020 = ORIENTED_EDGE('',*,*,#11021,.F.);
#11021 = EDGE_CURVE('',#10379,#10515,#11022,.T.);
#11022 = LINE('',#11023,#11024);
#11023 = CARTESIAN_POINT('',(2.67,-0.25,1.27));
#11024 = VECTOR('',#11025,1.);
#11025 = DIRECTION('',(-1.,0.,0.));
#11026 = PLANE('',#11027);
#11027 = AXIS2_PLACEMENT_3D('',#11028,#11029,#11030);
#11028 = CARTESIAN_POINT('',(2.67,-0.25,1.27));
#11029 = DIRECTION('',(0.,-1.,0.));
#11030 = DIRECTION('',(-1.,0.,0.));
#11031 = ADVANCED_FACE('',(#11032),#11050,.T.);
#11032 = FACE_BOUND('',#11033,.T.);
#11033 = EDGE_LOOP('',(#11034,#11035,#11043,#11049));
#11034 = ORIENTED_EDGE('',*,*,#10388,.T.);
#11035 = ORIENTED_EDGE('',*,*,#11036,.T.);
#11036 = EDGE_CURVE('',#10379,#11037,#11039,.T.);
#11037 = VERTEX_POINT('',#11038);
#11038 = CARTESIAN_POINT('',(2.67,-0.25,-3.703080193525));
#11039 = LINE('',#11040,#11041);
#11040 = CARTESIAN_POINT('',(2.67,-0.25,1.27));
#11041 = VECTOR('',#11042,1.);
#11042 = DIRECTION('',(0.,0.,-1.));
#11043 = ORIENTED_EDGE('',*,*,#11044,.F.);
#11044 = EDGE_CURVE('',#10589,#11037,#11045,.T.);
#11045 = LINE('',#11046,#11047);
#11046 = CARTESIAN_POINT('',(2.67,0.25,-3.703080193525));
#11047 = VECTOR('',#11048,1.);
#11048 = DIRECTION('',(0.,-1.,0.));
#11049 = ORIENTED_EDGE('',*,*,#10596,.F.);
#11050 = PLANE('',#11051);
#11051 = AXIS2_PLACEMENT_3D('',#11052,#11053,#11054);
#11052 = CARTESIAN_POINT('',(2.67,0.25,1.27));
#11053 = DIRECTION('',(1.,0.,-0.));
#11054 = DIRECTION('',(0.,-0.,-1.));
#11055 = ADVANCED_FACE('',(#11056),#11074,.T.);
#11056 = FACE_BOUND('',#11057,.T.);
#11057 = EDGE_LOOP('',(#11058,#11066,#11072,#11073));
#11058 = ORIENTED_EDGE('',*,*,#11059,.T.);
#11059 = EDGE_CURVE('',#10549,#11060,#11062,.T.);
#11060 = VERTEX_POINT('',#11061);
#11061 = CARTESIAN_POINT('',(1.91,-0.25,-3.703080193525));
#11062 = LINE('',#11063,#11064);
#11063 = CARTESIAN_POINT('',(1.91,0.25,-3.703080193525));
#11064 = VECTOR('',#11065,1.);
#11065 = DIRECTION('',(0.,-1.,0.));
#11066 = ORIENTED_EDGE('',*,*,#11067,.T.);
#11067 = EDGE_CURVE('',#11060,#10515,#11068,.T.);
#11068 = LINE('',#11069,#11070);
#11069 = CARTESIAN_POINT('',(1.91,-0.25,-3.703080193525));
#11070 = VECTOR('',#11071,1.);
#11071 = DIRECTION('',(0.,0.,1.));
#11072 = ORIENTED_EDGE('',*,*,#10534,.F.);
#11073 = ORIENTED_EDGE('',*,*,#10548,.F.);
#11074 = PLANE('',#11075);
#11075 = AXIS2_PLACEMENT_3D('',#11076,#11077,#11078);
#11076 = CARTESIAN_POINT('',(1.91,0.25,-3.703080193525));
#11077 = DIRECTION('',(-1.,0.,0.));
#11078 = DIRECTION('',(0.,0.,1.));
#11079 = ADVANCED_FACE('',(#11080),#11098,.F.);
#11080 = FACE_BOUND('',#11081,.F.);
#11081 = EDGE_LOOP('',(#11082,#11083,#11091,#11097));
#11082 = ORIENTED_EDGE('',*,*,#11059,.T.);
#11083 = ORIENTED_EDGE('',*,*,#11084,.T.);
#11084 = EDGE_CURVE('',#11060,#11085,#11087,.T.);
#11085 = VERTEX_POINT('',#11086);
#11086 = CARTESIAN_POINT('',(2.14,-0.25,-4.335));
#11087 = LINE('',#11088,#11089);
#11088 = CARTESIAN_POINT('',(1.91,-0.25,-3.703080193525));
#11089 = VECTOR('',#11090,1.);
#11090 = DIRECTION('',(0.342020143326,-6.259610302E-16,-0.939692620786)
  );
#11091 = ORIENTED_EDGE('',*,*,#11092,.F.);
#11092 = EDGE_CURVE('',#10557,#11085,#11093,.T.);
#11093 = LINE('',#11094,#11095);
#11094 = CARTESIAN_POINT('',(2.14,0.25,-4.335));
#11095 = VECTOR('',#11096,1.);
#11096 = DIRECTION('',(0.,-1.,0.));
#11097 = ORIENTED_EDGE('',*,*,#10556,.F.);
#11098 = PLANE('',#11099);
#11099 = AXIS2_PLACEMENT_3D('',#11100,#11101,#11102);
#11100 = CARTESIAN_POINT('',(1.91,0.25,-3.703080193525));
#11101 = DIRECTION('',(0.939692620786,1.518874552023E-16,0.342020143326)
  );
#11102 = DIRECTION('',(0.342020143326,-6.259610302E-16,-0.939692620786)
  );
#11103 = ADVANCED_FACE('',(#11104),#11122,.T.);
#11104 = FACE_BOUND('',#11105,.T.);
#11105 = EDGE_LOOP('',(#11106,#11114,#11120,#11121));
#11106 = ORIENTED_EDGE('',*,*,#11107,.T.);
#11107 = EDGE_CURVE('',#10565,#11108,#11110,.T.);
#11108 = VERTEX_POINT('',#11109);
#11109 = CARTESIAN_POINT('',(2.14,-0.25,-4.835));
#11110 = LINE('',#11111,#11112);
#11111 = CARTESIAN_POINT('',(2.14,0.25,-4.835));
#11112 = VECTOR('',#11113,1.);
#11113 = DIRECTION('',(0.,-1.,0.));
#11114 = ORIENTED_EDGE('',*,*,#11115,.T.);
#11115 = EDGE_CURVE('',#11108,#11085,#11116,.T.);
#11116 = LINE('',#11117,#11118);
#11117 = CARTESIAN_POINT('',(2.14,-0.25,-4.835));
#11118 = VECTOR('',#11119,1.);
#11119 = DIRECTION('',(0.,0.,1.));
#11120 = ORIENTED_EDGE('',*,*,#11092,.F.);
#11121 = ORIENTED_EDGE('',*,*,#10564,.F.);
#11122 = PLANE('',#11123);
#11123 = AXIS2_PLACEMENT_3D('',#11124,#11125,#11126);
#11124 = CARTESIAN_POINT('',(2.14,0.25,-4.835));
#11125 = DIRECTION('',(-1.,0.,0.));
#11126 = DIRECTION('',(0.,0.,1.));
#11127 = ADVANCED_FACE('',(#11128),#11146,.T.);
#11128 = FACE_BOUND('',#11129,.T.);
#11129 = EDGE_LOOP('',(#11130,#11138,#11144,#11145));
#11130 = ORIENTED_EDGE('',*,*,#11131,.T.);
#11131 = EDGE_CURVE('',#10573,#11132,#11134,.T.);
#11132 = VERTEX_POINT('',#11133);
#11133 = CARTESIAN_POINT('',(2.44,-0.25,-4.835));
#11134 = LINE('',#11135,#11136);
#11135 = CARTESIAN_POINT('',(2.44,0.25,-4.835));
#11136 = VECTOR('',#11137,1.);
#11137 = DIRECTION('',(0.,-1.,0.));
#11138 = ORIENTED_EDGE('',*,*,#11139,.T.);
#11139 = EDGE_CURVE('',#11132,#11108,#11140,.T.);
#11140 = LINE('',#11141,#11142);
#11141 = CARTESIAN_POINT('',(2.44,-0.25,-4.835));
#11142 = VECTOR('',#11143,1.);
#11143 = DIRECTION('',(-1.,0.,0.));
#11144 = ORIENTED_EDGE('',*,*,#11107,.F.);
#11145 = ORIENTED_EDGE('',*,*,#10572,.F.);
#11146 = PLANE('',#11147);
#11147 = AXIS2_PLACEMENT_3D('',#11148,#11149,#11150);
#11148 = CARTESIAN_POINT('',(2.44,0.25,-4.835));
#11149 = DIRECTION('',(0.,0.,-1.));
#11150 = DIRECTION('',(-1.,0.,0.));
#11151 = ADVANCED_FACE('',(#11152),#11170,.T.);
#11152 = FACE_BOUND('',#11153,.T.);
#11153 = EDGE_LOOP('',(#11154,#11155,#11163,#11169));
#11154 = ORIENTED_EDGE('',*,*,#11044,.T.);
#11155 = ORIENTED_EDGE('',*,*,#11156,.T.);
#11156 = EDGE_CURVE('',#11037,#11157,#11159,.T.);
#11157 = VERTEX_POINT('',#11158);
#11158 = CARTESIAN_POINT('',(2.44,-0.25,-4.335));
#11159 = LINE('',#11160,#11161);
#11160 = CARTESIAN_POINT('',(2.67,-0.25,-3.703080193525));
#11161 = VECTOR('',#11162,1.);
#11162 = DIRECTION('',(-0.342020143326,-6.259610302E-16,-0.939692620786)
  );
#11163 = ORIENTED_EDGE('',*,*,#11164,.F.);
#11164 = EDGE_CURVE('',#10581,#11157,#11165,.T.);
#11165 = LINE('',#11166,#11167);
#11166 = CARTESIAN_POINT('',(2.44,0.25,-4.335));
#11167 = VECTOR('',#11168,1.);
#11168 = DIRECTION('',(0.,-1.,0.));
#11169 = ORIENTED_EDGE('',*,*,#10588,.F.);
#11170 = PLANE('',#11171);
#11171 = AXIS2_PLACEMENT_3D('',#11172,#11173,#11174);
#11172 = CARTESIAN_POINT('',(2.67,0.25,-3.703080193525));
#11173 = DIRECTION('',(0.939692620786,-1.518874552023E-16,
    -0.342020143326));
#11174 = DIRECTION('',(-0.342020143326,-6.259610302E-16,-0.939692620786)
  );
#11175 = ADVANCED_FACE('',(#11176),#11187,.T.);
#11176 = FACE_BOUND('',#11177,.T.);
#11177 = EDGE_LOOP('',(#11178,#11179,#11185,#11186));
#11178 = ORIENTED_EDGE('',*,*,#11164,.T.);
#11179 = ORIENTED_EDGE('',*,*,#11180,.T.);
#11180 = EDGE_CURVE('',#11157,#11132,#11181,.T.);
#11181 = LINE('',#11182,#11183);
#11182 = CARTESIAN_POINT('',(2.44,-0.25,-4.335));
#11183 = VECTOR('',#11184,1.);
#11184 = DIRECTION('',(0.,0.,-1.));
#11185 = ORIENTED_EDGE('',*,*,#11131,.F.);
#11186 = ORIENTED_EDGE('',*,*,#10580,.F.);
#11187 = PLANE('',#11188);
#11188 = AXIS2_PLACEMENT_3D('',#11189,#11190,#11191);
#11189 = CARTESIAN_POINT('',(2.44,0.25,-4.335));
#11190 = DIRECTION('',(1.,0.,-0.));
#11191 = DIRECTION('',(0.,-0.,-1.));
#11192 = ADVANCED_FACE('',(#11193),#11203,.T.);
#11193 = FACE_BOUND('',#11194,.T.);
#11194 = EDGE_LOOP('',(#11195,#11196,#11197,#11198,#11199,#11200,#11201,
    #11202));
#11195 = ORIENTED_EDGE('',*,*,#10680,.F.);
#11196 = ORIENTED_EDGE('',*,*,#10665,.T.);
#11197 = ORIENTED_EDGE('',*,*,#10711,.F.);
#11198 = ORIENTED_EDGE('',*,*,#10776,.T.);
#11199 = ORIENTED_EDGE('',*,*,#10824,.F.);
#11200 = ORIENTED_EDGE('',*,*,#10800,.F.);
#11201 = ORIENTED_EDGE('',*,*,#10752,.F.);
#11202 = ORIENTED_EDGE('',*,*,#10728,.F.);
#11203 = PLANE('',#11204);
#11204 = AXIS2_PLACEMENT_3D('',#11205,#11206,#11207);
#11205 = CARTESIAN_POINT('',(0.38,-0.25,1.27));
#11206 = DIRECTION('',(0.,-1.,0.));
#11207 = DIRECTION('',(0.,0.,-1.));
#11208 = ADVANCED_FACE('',(#11209),#11219,.T.);
#11209 = FACE_BOUND('',#11210,.T.);
#11210 = EDGE_LOOP('',(#11211,#11212,#11213,#11214,#11215,#11216,#11217,
    #11218));
#11211 = ORIENTED_EDGE('',*,*,#10889,.F.);
#11212 = ORIENTED_EDGE('',*,*,#10906,.T.);
#11213 = ORIENTED_EDGE('',*,*,#10937,.F.);
#11214 = ORIENTED_EDGE('',*,*,#10961,.F.);
#11215 = ORIENTED_EDGE('',*,*,#11002,.F.);
#11216 = ORIENTED_EDGE('',*,*,#10978,.F.);
#11217 = ORIENTED_EDGE('',*,*,#10858,.F.);
#11218 = ORIENTED_EDGE('',*,*,#10843,.T.);
#11219 = PLANE('',#11220);
#11220 = AXIS2_PLACEMENT_3D('',#11221,#11222,#11223);
#11221 = CARTESIAN_POINT('',(4.2,-0.25,-3.703080193525));
#11222 = DIRECTION('',(0.,-1.,0.));
#11223 = DIRECTION('',(0.,0.,-1.));
#11224 = ADVANCED_FACE('',(#11225),#11235,.T.);
#11225 = FACE_BOUND('',#11226,.T.);
#11226 = EDGE_LOOP('',(#11227,#11228,#11229,#11230,#11231,#11232,#11233,
    #11234));
#11227 = ORIENTED_EDGE('',*,*,#11067,.F.);
#11228 = ORIENTED_EDGE('',*,*,#11084,.T.);
#11229 = ORIENTED_EDGE('',*,*,#11115,.F.);
#11230 = ORIENTED_EDGE('',*,*,#11139,.F.);
#11231 = ORIENTED_EDGE('',*,*,#11180,.F.);
#11232 = ORIENTED_EDGE('',*,*,#11156,.F.);
#11233 = ORIENTED_EDGE('',*,*,#11036,.F.);
#11234 = ORIENTED_EDGE('',*,*,#11021,.T.);
#11235 = PLANE('',#11236);
#11236 = AXIS2_PLACEMENT_3D('',#11237,#11238,#11239);
#11237 = CARTESIAN_POINT('',(1.91,-0.25,-3.703080193525));
#11238 = DIRECTION('',(0.,-1.,0.));
#11239 = DIRECTION('',(0.,0.,-1.));
#11240 = ( GEOMETRIC_REPRESENTATION_CONTEXT(3) 
GLOBAL_UNCERTAINTY_ASSIGNED_CONTEXT((#11244)) 
GLOBAL_UNIT_ASSIGNED_CONTEXT((#11241,#11242,#11243)) 
REPRESENTATION_CONTEXT('Context #1',
  '3D Context with UNIT and UNCERTAINTY') );
#11241 = ( LENGTH_UNIT() NAMED_UNIT(*) SI_UNIT(.MILLI.,.METRE.) );
#11242 = ( NAMED_UNIT(*) PLANE_ANGLE_UNIT() SI_UNIT($,.RADIAN.) );
#11243 = ( NAMED_UNIT(*) SI_UNIT($,.STERADIAN.) SOLID_ANGLE_UNIT() );
#11244 = UNCERTAINTY_MEASURE_WITH_UNIT(LENGTH_MEASURE(1.E-07),#11241,
  'distance_accuracy_value','confusion accuracy');
#11245 = CONTEXT_DEPENDENT_SHAPE_REPRESENTATION(#11246,#11248);
#11246 = ( REPRESENTATION_RELATIONSHIP('','',#8575,#10) 
REPRESENTATION_RELATIONSHIP_WITH_TRANSFORMATION(#11247) 
SHAPE_REPRESENTATION_RELATIONSHIP() );
#11247 = ITEM_DEFINED_TRANSFORMATION('','',#11,#67);
#11248 = PRODUCT_DEFINITION_SHAPE('Placement','Placement of an item',
  #11249);
#11249 = NEXT_ASSEMBLY_USAGE_OCCURRENCE('14','Q1','',#5,#8570,$);
#11250 = PRODUCT_RELATED_PRODUCT_CATEGORY('part',$,(#8572));
#11251 = CONTEXT_DEPENDENT_SHAPE_REPRESENTATION(#11252,#11254);
#11252 = ( REPRESENTATION_RELATIONSHIP('','',#108,#10) 
REPRESENTATION_RELATIONSHIP_WITH_TRANSFORMATION(#11253) 
SHAPE_REPRESENTATION_RELATIONSHIP() );
#11253 = ITEM_DEFINED_TRANSFORMATION('','',#11,#71);
#11254 = PRODUCT_DEFINITION_SHAPE('Placement','Placement of an item',
  #11255);
#11255 = NEXT_ASSEMBLY_USAGE_OCCURRENCE('15','C3','',#5,#103,$);
#11256 = CONTEXT_DEPENDENT_SHAPE_REPRESENTATION(#11257,#11259);
#11257 = ( REPRESENTATION_RELATIONSHIP('','',#3086,#10) 
REPRESENTATION_RELATIONSHIP_WITH_TRANSFORMATION(#11258) 
SHAPE_REPRESENTATION_RELATIONSHIP() );
#11258 = ITEM_DEFINED_TRANSFORMATION('','',#11,#75);
#11259 = PRODUCT_DEFINITION_SHAPE('Placement','Placement of an item',
  #11260);
#11260 = NEXT_ASSEMBLY_USAGE_OCCURRENCE('16','Main','',#5,#3081,$);
#11261 = CONTEXT_DEPENDENT_SHAPE_REPRESENTATION(#11262,#11264);
#11262 = ( REPRESENTATION_RELATIONSHIP('','',#108,#10) 
REPRESENTATION_RELATIONSHIP_WITH_TRANSFORMATION(#11263) 
SHAPE_REPRESENTATION_RELATIONSHIP() );
#11263 = ITEM_DEFINED_TRANSFORMATION('','',#11,#79);
#11264 = PRODUCT_DEFINITION_SHAPE('Placement','Placement of an item',
  #11265);
#11265 = NEXT_ASSEMBLY_USAGE_OCCURRENCE('17','C2','',#5,#103,$);
#11266 = CONTEXT_DEPENDENT_SHAPE_REPRESENTATION(#11267,#11269);
#11267 = ( REPRESENTATION_RELATIONSHIP('','',#2197,#10) 
REPRESENTATION_RELATIONSHIP_WITH_TRANSFORMATION(#11268) 
SHAPE_REPRESENTATION_RELATIONSHIP() );
#11268 = ITEM_DEFINED_TRANSFORMATION('','',#11,#83);
#11269 = PRODUCT_DEFINITION_SHAPE('Placement','Placement of an item',
  #11270);
#11270 = NEXT_ASSEMBLY_USAGE_OCCURRENCE('18','12V','',#5,#2192,$);
#11271 = CONTEXT_DEPENDENT_SHAPE_REPRESENTATION(#11272,#11274);
#11272 = ( REPRESENTATION_RELATIONSHIP('','',#2675,#10) 
REPRESENTATION_RELATIONSHIP_WITH_TRANSFORMATION(#11273) 
SHAPE_REPRESENTATION_RELATIONSHIP() );
#11273 = ITEM_DEFINED_TRANSFORMATION('','',#11,#87);
#11274 = PRODUCT_DEFINITION_SHAPE('Placement','Placement of an item',
  #11275);
#11275 = NEXT_ASSEMBLY_USAGE_OCCURRENCE('19','R4','',#5,#2670,$);
#11276 = SHAPE_DEFINITION_REPRESENTATION(#11277,#11283);
#11277 = PRODUCT_DEFINITION_SHAPE('','',#11278);
#11278 = PRODUCT_DEFINITION('design','',#11279,#11282);
#11279 = PRODUCT_DEFINITION_FORMATION('','',#11280);
#11280 = PRODUCT('TRIA_ControlPowerBoard_PCB',
  'TRIA_ControlPowerBoard_PCB','',(#11281));
#11281 = PRODUCT_CONTEXT('',#2,'mechanical');
#11282 = PRODUCT_DEFINITION_CONTEXT('part definition',#2,'design');
#11283 = ADVANCED_BREP_SHAPE_REPRESENTATION('',(#11,#11284),#15417);
#11284 = MANIFOLD_SOLID_BREP('',#11285);
#11285 = CLOSED_SHELL('',(#11286,#11328,#11359,#11390,#12505,#13620,
    #13637,#13654,#13671,#13688,#13700,#13717,#13734,#13751,#13768,
    #13785,#13802,#13819,#13836,#13853,#13870,#13887,#13904,#13921,
    #13938,#13955,#13972,#13989,#14006,#14023,#14040,#14057,#14074,
    #14091,#14108,#14125,#14142,#14159,#14176,#14193,#14210,#14227,
    #14244,#14261,#14278,#14295,#14312,#14329,#14346,#14363,#14380,
    #14397,#14419,#14436,#14453,#14465,#14482,#14499,#14516,#14533,
    #14555,#14572,#14589,#14601,#14618,#14635,#14657,#14674,#14691,
    #14703,#14720,#14737,#14754,#14771,#14788,#14805,#14827,#14844,
    #14861,#14873,#14890,#14907,#14924,#14941,#14958,#14975,#14992,
    #15009,#15026,#15043,#15060,#15077,#15094,#15111,#15133,#15150,
    #15167,#15179,#15196,#15213,#15230,#15247,#15264,#15286,#15303,
    #15320,#15332,#15349,#15366,#15383,#15400));
#11286 = ADVANCED_FACE('',(#11287),#11323,.T.);
#11287 = FACE_BOUND('',#11288,.T.);
#11288 = EDGE_LOOP('',(#11289,#11299,#11308,#11316));
#11289 = ORIENTED_EDGE('',*,*,#11290,.T.);
#11290 = EDGE_CURVE('',#11291,#11293,#11295,.T.);
#11291 = VERTEX_POINT('',#11292);
#11292 = CARTESIAN_POINT('',(128.,-30.,0.));
#11293 = VERTEX_POINT('',#11294);
#11294 = CARTESIAN_POINT('',(128.,-30.,1.51));
#11295 = LINE('',#11296,#11297);
#11296 = CARTESIAN_POINT('',(128.,-30.,0.));
#11297 = VECTOR('',#11298,1.);
#11298 = DIRECTION('',(0.,0.,1.));
#11299 = ORIENTED_EDGE('',*,*,#11300,.T.);
#11300 = EDGE_CURVE('',#11293,#11301,#11303,.T.);
#11301 = VERTEX_POINT('',#11302);
#11302 = CARTESIAN_POINT('',(130.,-32.,1.51));
#11303 = CIRCLE('',#11304,1.99999850585);
#11304 = AXIS2_PLACEMENT_3D('',#11305,#11306,#11307);
#11305 = CARTESIAN_POINT('',(128.00000149415,-31.99999850585,1.51));
#11306 = DIRECTION('',(0.,0.,-1.));
#11307 = DIRECTION('',(-7.470757349539E-07,1.,0.));
#11308 = ORIENTED_EDGE('',*,*,#11309,.F.);
#11309 = EDGE_CURVE('',#11310,#11301,#11312,.T.);
#11310 = VERTEX_POINT('',#11311);
#11311 = CARTESIAN_POINT('',(130.,-32.,0.));
#11312 = LINE('',#11313,#11314);
#11313 = CARTESIAN_POINT('',(130.,-32.,0.));
#11314 = VECTOR('',#11315,1.);
#11315 = DIRECTION('',(0.,0.,1.));
#11316 = ORIENTED_EDGE('',*,*,#11317,.F.);
#11317 = EDGE_CURVE('',#11291,#11310,#11318,.T.);
#11318 = CIRCLE('',#11319,1.99999850585);
#11319 = AXIS2_PLACEMENT_3D('',#11320,#11321,#11322);
#11320 = CARTESIAN_POINT('',(128.00000149415,-31.99999850585,0.));
#11321 = DIRECTION('',(0.,0.,-1.));
#11322 = DIRECTION('',(-7.470757349539E-07,1.,0.));
#11323 = CYLINDRICAL_SURFACE('',#11324,1.99999850585);
#11324 = AXIS2_PLACEMENT_3D('',#11325,#11326,#11327);
#11325 = CARTESIAN_POINT('',(128.00000149415,-31.99999850585,0.));
#11326 = DIRECTION('',(0.,0.,-1.));
#11327 = DIRECTION('',(-7.470757349539E-07,1.,0.));
#11328 = ADVANCED_FACE('',(#11329),#11354,.T.);
#11329 = FACE_BOUND('',#11330,.T.);
#11330 = EDGE_LOOP('',(#11331,#11341,#11347,#11348));
#11331 = ORIENTED_EDGE('',*,*,#11332,.T.);
#11332 = EDGE_CURVE('',#11333,#11335,#11337,.T.);
#11333 = VERTEX_POINT('',#11334);
#11334 = CARTESIAN_POINT('',(42.,-30.,0.));
#11335 = VERTEX_POINT('',#11336);
#11336 = CARTESIAN_POINT('',(42.,-30.,1.51));
#11337 = LINE('',#11338,#11339);
#11338 = CARTESIAN_POINT('',(42.,-30.,0.));
#11339 = VECTOR('',#11340,1.);
#11340 = DIRECTION('',(0.,0.,1.));
#11341 = ORIENTED_EDGE('',*,*,#11342,.T.);
#11342 = EDGE_CURVE('',#11335,#11293,#11343,.T.);
#11343 = LINE('',#11344,#11345);
#11344 = CARTESIAN_POINT('',(42.,-30.,1.51));
#11345 = VECTOR('',#11346,1.);
#11346 = DIRECTION('',(1.,0.,0.));
#11347 = ORIENTED_EDGE('',*,*,#11290,.F.);
#11348 = ORIENTED_EDGE('',*,*,#11349,.F.);
#11349 = EDGE_CURVE('',#11333,#11291,#11350,.T.);
#11350 = LINE('',#11351,#11352);
#11351 = CARTESIAN_POINT('',(42.,-30.,0.));
#11352 = VECTOR('',#11353,1.);
#11353 = DIRECTION('',(1.,0.,0.));
#11354 = PLANE('',#11355);
#11355 = AXIS2_PLACEMENT_3D('',#11356,#11357,#11358);
#11356 = CARTESIAN_POINT('',(42.,-30.,0.));
#11357 = DIRECTION('',(0.,1.,0.));
#11358 = DIRECTION('',(1.,0.,0.));
#11359 = ADVANCED_FACE('',(#11360),#11385,.T.);
#11360 = FACE_BOUND('',#11361,.T.);
#11361 = EDGE_LOOP('',(#11362,#11363,#11371,#11379));
#11362 = ORIENTED_EDGE('',*,*,#11309,.T.);
#11363 = ORIENTED_EDGE('',*,*,#11364,.T.);
#11364 = EDGE_CURVE('',#11301,#11365,#11367,.T.);
#11365 = VERTEX_POINT('',#11366);
#11366 = CARTESIAN_POINT('',(130.,-98.,1.51));
#11367 = LINE('',#11368,#11369);
#11368 = CARTESIAN_POINT('',(130.,-32.,1.51));
#11369 = VECTOR('',#11370,1.);
#11370 = DIRECTION('',(0.,-1.,0.));
#11371 = ORIENTED_EDGE('',*,*,#11372,.F.);
#11372 = EDGE_CURVE('',#11373,#11365,#11375,.T.);
#11373 = VERTEX_POINT('',#11374);
#11374 = CARTESIAN_POINT('',(130.,-98.,0.));
#11375 = LINE('',#11376,#11377);
#11376 = CARTESIAN_POINT('',(130.,-98.,0.));
#11377 = VECTOR('',#11378,1.);
#11378 = DIRECTION('',(0.,0.,1.));
#11379 = ORIENTED_EDGE('',*,*,#11380,.F.);
#11380 = EDGE_CURVE('',#11310,#11373,#11381,.T.);
#11381 = LINE('',#11382,#11383);
#11382 = CARTESIAN_POINT('',(130.,-32.,0.));
#11383 = VECTOR('',#11384,1.);
#11384 = DIRECTION('',(0.,-1.,0.));
#11385 = PLANE('',#11386);
#11386 = AXIS2_PLACEMENT_3D('',#11387,#11388,#11389);
#11387 = CARTESIAN_POINT('',(130.,-32.,0.));
#11388 = DIRECTION('',(1.,0.,-0.));
#11389 = DIRECTION('',(0.,-1.,0.));
#11390 = ADVANCED_FACE('',(#11391,#11437,#11448,#11459,#11470,#11481,
    #11492,#11503,#11514,#11525,#11536,#11547,#11558,#11569,#11580,
    #11591,#11602,#11613,#11624,#11635,#11646,#11657,#11668,#11679,
    #11690,#11701,#11712,#11723,#11734,#11745,#11756,#11767,#11778,
    #11789,#11800,#11811,#11822,#11833,#11844,#11855,#11866,#11877,
    #11888,#11924,#11935,#11946,#11957,#11968,#12004,#12015,#12026,
    #12062,#12073,#12084,#12095,#12106,#12117,#12128,#12164,#12175,
    #12186,#12197,#12208,#12219,#12230,#12241,#12252,#12263,#12274,
    #12285,#12296,#12307,#12318,#12354,#12365,#12376,#12387,#12398,
    #12409,#12445,#12456,#12467,#12478,#12489),#12500,.F.);
#11391 = FACE_BOUND('',#11392,.F.);
#11392 = EDGE_LOOP('',(#11393,#11394,#11395,#11404,#11412,#11421,#11429,
    #11436));
#11393 = ORIENTED_EDGE('',*,*,#11317,.F.);
#11394 = ORIENTED_EDGE('',*,*,#11349,.F.);
#11395 = ORIENTED_EDGE('',*,*,#11396,.F.);
#11396 = EDGE_CURVE('',#11397,#11333,#11399,.T.);
#11397 = VERTEX_POINT('',#11398);
#11398 = CARTESIAN_POINT('',(40.,-32.,0.));
#11399 = CIRCLE('',#11400,1.99999850585);
#11400 = AXIS2_PLACEMENT_3D('',#11401,#11402,#11403);
#11401 = CARTESIAN_POINT('',(41.99999850585,-31.99999850585,0.));
#11402 = DIRECTION('',(0.,0.,-1.));
#11403 = DIRECTION('',(-1.,-7.470757438357E-07,-0.));
#11404 = ORIENTED_EDGE('',*,*,#11405,.F.);
#11405 = EDGE_CURVE('',#11406,#11397,#11408,.T.);
#11406 = VERTEX_POINT('',#11407);
#11407 = CARTESIAN_POINT('',(40.,-98.,0.));
#11408 = LINE('',#11409,#11410);
#11409 = CARTESIAN_POINT('',(40.,-98.,0.));
#11410 = VECTOR('',#11411,1.);
#11411 = DIRECTION('',(0.,1.,0.));
#11412 = ORIENTED_EDGE('',*,*,#11413,.F.);
#11413 = EDGE_CURVE('',#11414,#11406,#11416,.T.);
#11414 = VERTEX_POINT('',#11415);
#11415 = CARTESIAN_POINT('',(42.,-100.,0.));
#11416 = CIRCLE('',#11417,1.99999850585);
#11417 = AXIS2_PLACEMENT_3D('',#11418,#11419,#11420);
#11418 = CARTESIAN_POINT('',(41.99999850585,-98.00000149415,0.));
#11419 = DIRECTION('',(0.,0.,-1.));
#11420 = DIRECTION('',(7.470757420593E-07,-1.,0.));
#11421 = ORIENTED_EDGE('',*,*,#11422,.F.);
#11422 = EDGE_CURVE('',#11423,#11414,#11425,.T.);
#11423 = VERTEX_POINT('',#11424);
#11424 = CARTESIAN_POINT('',(128.,-100.,0.));
#11425 = LINE('',#11426,#11427);
#11426 = CARTESIAN_POINT('',(128.,-100.,0.));
#11427 = VECTOR('',#11428,1.);
#11428 = DIRECTION('',(-1.,0.,0.));
#11429 = ORIENTED_EDGE('',*,*,#11430,.F.);
#11430 = EDGE_CURVE('',#11373,#11423,#11431,.T.);
#11431 = CIRCLE('',#11432,1.99999850585);
#11432 = AXIS2_PLACEMENT_3D('',#11433,#11434,#11435);
#11433 = CARTESIAN_POINT('',(128.00000149415,-98.00000149415,0.));
#11434 = DIRECTION('',(0.,0.,-1.));
#11435 = DIRECTION('',(1.,7.470757349539E-07,0.));
#11436 = ORIENTED_EDGE('',*,*,#11380,.F.);
#11437 = FACE_BOUND('',#11438,.F.);
#11438 = EDGE_LOOP('',(#11439));
#11439 = ORIENTED_EDGE('',*,*,#11440,.F.);
#11440 = EDGE_CURVE('',#11441,#11441,#11443,.T.);
#11441 = VERTEX_POINT('',#11442);
#11442 = CARTESIAN_POINT('',(46.67,-95.,0.));
#11443 = CIRCLE('',#11444,1.67);
#11444 = AXIS2_PLACEMENT_3D('',#11445,#11446,#11447);
#11445 = CARTESIAN_POINT('',(45.,-95.,0.));
#11446 = DIRECTION('',(0.,0.,1.));
#11447 = DIRECTION('',(1.,0.,-0.));
#11448 = FACE_BOUND('',#11449,.F.);
#11449 = EDGE_LOOP('',(#11450));
#11450 = ORIENTED_EDGE('',*,*,#11451,.T.);
#11451 = EDGE_CURVE('',#11452,#11452,#11454,.T.);
#11452 = VERTEX_POINT('',#11453);
#11453 = CARTESIAN_POINT('',(55.,-97.35,0.));
#11454 = CIRCLE('',#11455,1.35);
#11455 = AXIS2_PLACEMENT_3D('',#11456,#11457,#11458);
#11456 = CARTESIAN_POINT('',(55.,-96.,0.));
#11457 = DIRECTION('',(-0.,0.,-1.));
#11458 = DIRECTION('',(-0.,-1.,0.));
#11459 = FACE_BOUND('',#11460,.F.);
#11460 = EDGE_LOOP('',(#11461));
#11461 = ORIENTED_EDGE('',*,*,#11462,.T.);
#11462 = EDGE_CURVE('',#11463,#11463,#11465,.T.);
#11463 = VERTEX_POINT('',#11464);
#11464 = CARTESIAN_POINT('',(55.,-92.35,0.));
#11465 = CIRCLE('',#11466,1.35);
#11466 = AXIS2_PLACEMENT_3D('',#11467,#11468,#11469);
#11467 = CARTESIAN_POINT('',(55.,-91.,0.));
#11468 = DIRECTION('',(-0.,0.,-1.));
#11469 = DIRECTION('',(-0.,-1.,0.));
#11470 = FACE_BOUND('',#11471,.F.);
#11471 = EDGE_LOOP('',(#11472));
#11472 = ORIENTED_EDGE('',*,*,#11473,.T.);
#11473 = EDGE_CURVE('',#11474,#11474,#11476,.T.);
#11474 = VERTEX_POINT('',#11475);
#11475 = CARTESIAN_POINT('',(65.,-97.35,0.));
#11476 = CIRCLE('',#11477,1.35);
#11477 = AXIS2_PLACEMENT_3D('',#11478,#11479,#11480);
#11478 = CARTESIAN_POINT('',(65.,-96.,0.));
#11479 = DIRECTION('',(-0.,0.,-1.));
#11480 = DIRECTION('',(-0.,-1.,0.));
#11481 = FACE_BOUND('',#11482,.F.);
#11482 = EDGE_LOOP('',(#11483));
#11483 = ORIENTED_EDGE('',*,*,#11484,.T.);
#11484 = EDGE_CURVE('',#11485,#11485,#11487,.T.);
#11485 = VERTEX_POINT('',#11486);
#11486 = CARTESIAN_POINT('',(75.,-97.35,0.));
#11487 = CIRCLE('',#11488,1.35);
#11488 = AXIS2_PLACEMENT_3D('',#11489,#11490,#11491);
#11489 = CARTESIAN_POINT('',(75.,-96.,0.));
#11490 = DIRECTION('',(-0.,0.,-1.));
#11491 = DIRECTION('',(-0.,-1.,0.));
#11492 = FACE_BOUND('',#11493,.F.);
#11493 = EDGE_LOOP('',(#11494));
#11494 = ORIENTED_EDGE('',*,*,#11495,.T.);
#11495 = EDGE_CURVE('',#11496,#11496,#11498,.T.);
#11496 = VERTEX_POINT('',#11497);
#11497 = CARTESIAN_POINT('',(65.,-92.35,0.));
#11498 = CIRCLE('',#11499,1.35);
#11499 = AXIS2_PLACEMENT_3D('',#11500,#11501,#11502);
#11500 = CARTESIAN_POINT('',(65.,-91.,0.));
#11501 = DIRECTION('',(-0.,0.,-1.));
#11502 = DIRECTION('',(-0.,-1.,0.));
#11503 = FACE_BOUND('',#11504,.F.);
#11504 = EDGE_LOOP('',(#11505));
#11505 = ORIENTED_EDGE('',*,*,#11506,.T.);
#11506 = EDGE_CURVE('',#11507,#11507,#11509,.T.);
#11507 = VERTEX_POINT('',#11508);
#11508 = CARTESIAN_POINT('',(75.,-92.35,0.));
#11509 = CIRCLE('',#11510,1.35);
#11510 = AXIS2_PLACEMENT_3D('',#11511,#11512,#11513);
#11511 = CARTESIAN_POINT('',(75.,-91.,0.));
#11512 = DIRECTION('',(-0.,0.,-1.));
#11513 = DIRECTION('',(-0.,-1.,0.));
#11514 = FACE_BOUND('',#11515,.F.);
#11515 = EDGE_LOOP('',(#11516));
#11516 = ORIENTED_EDGE('',*,*,#11517,.T.);
#11517 = EDGE_CURVE('',#11518,#11518,#11520,.T.);
#11518 = VERTEX_POINT('',#11519);
#11519 = CARTESIAN_POINT('',(85.,-97.35,0.));
#11520 = CIRCLE('',#11521,1.35);
#11521 = AXIS2_PLACEMENT_3D('',#11522,#11523,#11524);
#11522 = CARTESIAN_POINT('',(85.,-96.,0.));
#11523 = DIRECTION('',(-0.,0.,-1.));
#11524 = DIRECTION('',(-0.,-1.,0.));
#11525 = FACE_BOUND('',#11526,.F.);
#11526 = EDGE_LOOP('',(#11527));
#11527 = ORIENTED_EDGE('',*,*,#11528,.T.);
#11528 = EDGE_CURVE('',#11529,#11529,#11531,.T.);
#11529 = VERTEX_POINT('',#11530);
#11530 = CARTESIAN_POINT('',(85.,-92.35,0.));
#11531 = CIRCLE('',#11532,1.35);
#11532 = AXIS2_PLACEMENT_3D('',#11533,#11534,#11535);
#11533 = CARTESIAN_POINT('',(85.,-91.,0.));
#11534 = DIRECTION('',(-0.,0.,-1.));
#11535 = DIRECTION('',(-0.,-1.,0.));
#11536 = FACE_BOUND('',#11537,.F.);
#11537 = EDGE_LOOP('',(#11538));
#11538 = ORIENTED_EDGE('',*,*,#11539,.T.);
#11539 = EDGE_CURVE('',#11540,#11540,#11542,.T.);
#11540 = VERTEX_POINT('',#11541);
#11541 = CARTESIAN_POINT('',(85.,-82.95,0.));
#11542 = CIRCLE('',#11543,0.45);
#11543 = AXIS2_PLACEMENT_3D('',#11544,#11545,#11546);
#11544 = CARTESIAN_POINT('',(85.,-82.5,0.));
#11545 = DIRECTION('',(-0.,0.,-1.));
#11546 = DIRECTION('',(-0.,-1.,0.));
#11547 = FACE_BOUND('',#11548,.F.);
#11548 = EDGE_LOOP('',(#11549));
#11549 = ORIENTED_EDGE('',*,*,#11550,.T.);
#11550 = EDGE_CURVE('',#11551,#11551,#11553,.T.);
#11551 = VERTEX_POINT('',#11552);
#11552 = CARTESIAN_POINT('',(50.,-75.5,0.));
#11553 = CIRCLE('',#11554,0.5);
#11554 = AXIS2_PLACEMENT_3D('',#11555,#11556,#11557);
#11555 = CARTESIAN_POINT('',(50.,-75.,0.));
#11556 = DIRECTION('',(-0.,0.,-1.));
#11557 = DIRECTION('',(-0.,-1.,0.));
#11558 = FACE_BOUND('',#11559,.F.);
#11559 = EDGE_LOOP('',(#11560));
#11560 = ORIENTED_EDGE('',*,*,#11561,.T.);
#11561 = EDGE_CURVE('',#11562,#11562,#11564,.T.);
#11562 = VERTEX_POINT('',#11563);
#11563 = CARTESIAN_POINT('',(60.,-75.5,0.));
#11564 = CIRCLE('',#11565,0.5);
#11565 = AXIS2_PLACEMENT_3D('',#11566,#11567,#11568);
#11566 = CARTESIAN_POINT('',(60.,-75.,0.));
#11567 = DIRECTION('',(-0.,0.,-1.));
#11568 = DIRECTION('',(-0.,-1.,0.));
#11569 = FACE_BOUND('',#11570,.F.);
#11570 = EDGE_LOOP('',(#11571));
#11571 = ORIENTED_EDGE('',*,*,#11572,.T.);
#11572 = EDGE_CURVE('',#11573,#11573,#11575,.T.);
#11573 = VERTEX_POINT('',#11574);
#11574 = CARTESIAN_POINT('',(50.,-73.,0.));
#11575 = CIRCLE('',#11576,0.5);
#11576 = AXIS2_PLACEMENT_3D('',#11577,#11578,#11579);
#11577 = CARTESIAN_POINT('',(50.,-72.5,0.));
#11578 = DIRECTION('',(-0.,0.,-1.));
#11579 = DIRECTION('',(-0.,-1.,0.));
#11580 = FACE_BOUND('',#11581,.F.);
#11581 = EDGE_LOOP('',(#11582));
#11582 = ORIENTED_EDGE('',*,*,#11583,.T.);
#11583 = EDGE_CURVE('',#11584,#11584,#11586,.T.);
#11584 = VERTEX_POINT('',#11585);
#11585 = CARTESIAN_POINT('',(50.,-65.5,0.));
#11586 = CIRCLE('',#11587,0.5);
#11587 = AXIS2_PLACEMENT_3D('',#11588,#11589,#11590);
#11588 = CARTESIAN_POINT('',(50.,-65.,0.));
#11589 = DIRECTION('',(-0.,0.,-1.));
#11590 = DIRECTION('',(-0.,-1.,0.));
#11591 = FACE_BOUND('',#11592,.F.);
#11592 = EDGE_LOOP('',(#11593));
#11593 = ORIENTED_EDGE('',*,*,#11594,.T.);
#11594 = EDGE_CURVE('',#11595,#11595,#11597,.T.);
#11595 = VERTEX_POINT('',#11596);
#11596 = CARTESIAN_POINT('',(60.,-73.,0.));
#11597 = CIRCLE('',#11598,0.5);
#11598 = AXIS2_PLACEMENT_3D('',#11599,#11600,#11601);
#11599 = CARTESIAN_POINT('',(60.,-72.5,0.));
#11600 = DIRECTION('',(-0.,0.,-1.));
#11601 = DIRECTION('',(-0.,-1.,0.));
#11602 = FACE_BOUND('',#11603,.F.);
#11603 = EDGE_LOOP('',(#11604));
#11604 = ORIENTED_EDGE('',*,*,#11605,.T.);
#11605 = EDGE_CURVE('',#11606,#11606,#11608,.T.);
#11606 = VERTEX_POINT('',#11607);
#11607 = CARTESIAN_POINT('',(85.,-80.41,0.));
#11608 = CIRCLE('',#11609,0.45);
#11609 = AXIS2_PLACEMENT_3D('',#11610,#11611,#11612);
#11610 = CARTESIAN_POINT('',(85.,-79.96,0.));
#11611 = DIRECTION('',(-0.,0.,-1.));
#11612 = DIRECTION('',(-0.,-1.,0.));
#11613 = FACE_BOUND('',#11614,.F.);
#11614 = EDGE_LOOP('',(#11615));
#11615 = ORIENTED_EDGE('',*,*,#11616,.T.);
#11616 = EDGE_CURVE('',#11617,#11617,#11619,.T.);
#11617 = VERTEX_POINT('',#11618);
#11618 = CARTESIAN_POINT('',(82.,-77.98,0.));
#11619 = CIRCLE('',#11620,0.4);
#11620 = AXIS2_PLACEMENT_3D('',#11621,#11622,#11623);
#11621 = CARTESIAN_POINT('',(82.,-77.58,0.));
#11622 = DIRECTION('',(-0.,0.,-1.));
#11623 = DIRECTION('',(-0.,-1.,0.));
#11624 = FACE_BOUND('',#11625,.F.);
#11625 = EDGE_LOOP('',(#11626));
#11626 = ORIENTED_EDGE('',*,*,#11627,.T.);
#11627 = EDGE_CURVE('',#11628,#11628,#11630,.T.);
#11628 = VERTEX_POINT('',#11629);
#11629 = CARTESIAN_POINT('',(74.,-65.55,0.));
#11630 = CIRCLE('',#11631,0.55);
#11631 = AXIS2_PLACEMENT_3D('',#11632,#11633,#11634);
#11632 = CARTESIAN_POINT('',(74.,-65.,0.));
#11633 = DIRECTION('',(-0.,0.,-1.));
#11634 = DIRECTION('',(-0.,-1.,0.));
#11635 = FACE_BOUND('',#11636,.F.);
#11636 = EDGE_LOOP('',(#11637));
#11637 = ORIENTED_EDGE('',*,*,#11638,.T.);
#11638 = EDGE_CURVE('',#11639,#11639,#11641,.T.);
#11639 = VERTEX_POINT('',#11640);
#11640 = CARTESIAN_POINT('',(76.29,-65.55,0.));
#11641 = CIRCLE('',#11642,0.55);
#11642 = AXIS2_PLACEMENT_3D('',#11643,#11644,#11645);
#11643 = CARTESIAN_POINT('',(76.29,-65.,0.));
#11644 = DIRECTION('',(-0.,0.,-1.));
#11645 = DIRECTION('',(2.5837917664E-14,-1.,-0.));
#11646 = FACE_BOUND('',#11647,.F.);
#11647 = EDGE_LOOP('',(#11648));
#11648 = ORIENTED_EDGE('',*,*,#11649,.T.);
#11649 = EDGE_CURVE('',#11650,#11650,#11652,.T.);
#11650 = VERTEX_POINT('',#11651);
#11651 = CARTESIAN_POINT('',(78.58,-65.55,0.));
#11652 = CIRCLE('',#11653,0.55);
#11653 = AXIS2_PLACEMENT_3D('',#11654,#11655,#11656);
#11654 = CARTESIAN_POINT('',(78.58,-65.,0.));
#11655 = DIRECTION('',(-0.,0.,-1.));
#11656 = DIRECTION('',(-0.,-1.,0.));
#11657 = FACE_BOUND('',#11658,.F.);
#11658 = EDGE_LOOP('',(#11659));
#11659 = ORIENTED_EDGE('',*,*,#11660,.T.);
#11660 = EDGE_CURVE('',#11661,#11661,#11663,.T.);
#11661 = VERTEX_POINT('',#11662);
#11662 = CARTESIAN_POINT('',(82.,-67.82,0.));
#11663 = CIRCLE('',#11664,0.4);
#11664 = AXIS2_PLACEMENT_3D('',#11665,#11666,#11667);
#11665 = CARTESIAN_POINT('',(82.,-67.42,0.));
#11666 = DIRECTION('',(-0.,0.,-1.));
#11667 = DIRECTION('',(-0.,-1.,0.));
#11668 = FACE_BOUND('',#11669,.F.);
#11669 = EDGE_LOOP('',(#11670));
#11670 = ORIENTED_EDGE('',*,*,#11671,.T.);
#11671 = EDGE_CURVE('',#11672,#11672,#11674,.T.);
#11672 = VERTEX_POINT('',#11673);
#11673 = CARTESIAN_POINT('',(95.,-97.35,0.));
#11674 = CIRCLE('',#11675,1.35);
#11675 = AXIS2_PLACEMENT_3D('',#11676,#11677,#11678);
#11676 = CARTESIAN_POINT('',(95.,-96.,0.));
#11677 = DIRECTION('',(-0.,0.,-1.));
#11678 = DIRECTION('',(-0.,-1.,0.));
#11679 = FACE_BOUND('',#11680,.F.);
#11680 = EDGE_LOOP('',(#11681));
#11681 = ORIENTED_EDGE('',*,*,#11682,.T.);
#11682 = EDGE_CURVE('',#11683,#11683,#11685,.T.);
#11683 = VERTEX_POINT('',#11684);
#11684 = CARTESIAN_POINT('',(95.,-92.35,0.));
#11685 = CIRCLE('',#11686,1.35);
#11686 = AXIS2_PLACEMENT_3D('',#11687,#11688,#11689);
#11687 = CARTESIAN_POINT('',(95.,-91.,0.));
#11688 = DIRECTION('',(-0.,0.,-1.));
#11689 = DIRECTION('',(-0.,-1.,0.));
#11690 = FACE_BOUND('',#11691,.F.);
#11691 = EDGE_LOOP('',(#11692));
#11692 = ORIENTED_EDGE('',*,*,#11693,.T.);
#11693 = EDGE_CURVE('',#11694,#11694,#11696,.T.);
#11694 = VERTEX_POINT('',#11695);
#11695 = CARTESIAN_POINT('',(105.,-97.35,0.));
#11696 = CIRCLE('',#11697,1.35);
#11697 = AXIS2_PLACEMENT_3D('',#11698,#11699,#11700);
#11698 = CARTESIAN_POINT('',(105.,-96.,0.));
#11699 = DIRECTION('',(-0.,0.,-1.));
#11700 = DIRECTION('',(-0.,-1.,0.));
#11701 = FACE_BOUND('',#11702,.F.);
#11702 = EDGE_LOOP('',(#11703));
#11703 = ORIENTED_EDGE('',*,*,#11704,.T.);
#11704 = EDGE_CURVE('',#11705,#11705,#11707,.T.);
#11705 = VERTEX_POINT('',#11706);
#11706 = CARTESIAN_POINT('',(105.,-92.35,0.));
#11707 = CIRCLE('',#11708,1.35);
#11708 = AXIS2_PLACEMENT_3D('',#11709,#11710,#11711);
#11709 = CARTESIAN_POINT('',(105.,-91.,0.));
#11710 = DIRECTION('',(-0.,0.,-1.));
#11711 = DIRECTION('',(-0.,-1.,0.));
#11712 = FACE_BOUND('',#11713,.F.);
#11713 = EDGE_LOOP('',(#11714));
#11714 = ORIENTED_EDGE('',*,*,#11715,.T.);
#11715 = EDGE_CURVE('',#11716,#11716,#11718,.T.);
#11716 = VERTEX_POINT('',#11717);
#11717 = CARTESIAN_POINT('',(90.,-82.99,0.));
#11718 = CIRCLE('',#11719,0.45);
#11719 = AXIS2_PLACEMENT_3D('',#11720,#11721,#11722);
#11720 = CARTESIAN_POINT('',(90.,-82.54,0.));
#11721 = DIRECTION('',(-0.,0.,-1.));
#11722 = DIRECTION('',(-0.,-1.,0.));
#11723 = FACE_BOUND('',#11724,.F.);
#11724 = EDGE_LOOP('',(#11725));
#11725 = ORIENTED_EDGE('',*,*,#11726,.T.);
#11726 = EDGE_CURVE('',#11727,#11727,#11729,.T.);
#11727 = VERTEX_POINT('',#11728);
#11728 = CARTESIAN_POINT('',(95.,-82.99,0.));
#11729 = CIRCLE('',#11730,0.45);
#11730 = AXIS2_PLACEMENT_3D('',#11731,#11732,#11733);
#11731 = CARTESIAN_POINT('',(95.,-82.54,0.));
#11732 = DIRECTION('',(-0.,0.,-1.));
#11733 = DIRECTION('',(-0.,-1.,0.));
#11734 = FACE_BOUND('',#11735,.F.);
#11735 = EDGE_LOOP('',(#11736));
#11736 = ORIENTED_EDGE('',*,*,#11737,.T.);
#11737 = EDGE_CURVE('',#11738,#11738,#11740,.T.);
#11738 = VERTEX_POINT('',#11739);
#11739 = CARTESIAN_POINT('',(115.,-97.35,0.));
#11740 = CIRCLE('',#11741,1.35);
#11741 = AXIS2_PLACEMENT_3D('',#11742,#11743,#11744);
#11742 = CARTESIAN_POINT('',(115.,-96.,0.));
#11743 = DIRECTION('',(-0.,0.,-1.));
#11744 = DIRECTION('',(-0.,-1.,0.));
#11745 = FACE_BOUND('',#11746,.F.);
#11746 = EDGE_LOOP('',(#11747));
#11747 = ORIENTED_EDGE('',*,*,#11748,.T.);
#11748 = EDGE_CURVE('',#11749,#11749,#11751,.T.);
#11749 = VERTEX_POINT('',#11750);
#11750 = CARTESIAN_POINT('',(115.,-92.35,0.));
#11751 = CIRCLE('',#11752,1.35);
#11752 = AXIS2_PLACEMENT_3D('',#11753,#11754,#11755);
#11753 = CARTESIAN_POINT('',(115.,-91.,0.));
#11754 = DIRECTION('',(-0.,0.,-1.));
#11755 = DIRECTION('',(-0.,-1.,0.));
#11756 = FACE_BOUND('',#11757,.F.);
#11757 = EDGE_LOOP('',(#11758));
#11758 = ORIENTED_EDGE('',*,*,#11759,.F.);
#11759 = EDGE_CURVE('',#11760,#11760,#11762,.T.);
#11760 = VERTEX_POINT('',#11761);
#11761 = CARTESIAN_POINT('',(126.67,-95.,0.));
#11762 = CIRCLE('',#11763,1.67);
#11763 = AXIS2_PLACEMENT_3D('',#11764,#11765,#11766);
#11764 = CARTESIAN_POINT('',(125.,-95.,0.));
#11765 = DIRECTION('',(0.,0.,1.));
#11766 = DIRECTION('',(1.,0.,-0.));
#11767 = FACE_BOUND('',#11768,.F.);
#11768 = EDGE_LOOP('',(#11769));
#11769 = ORIENTED_EDGE('',*,*,#11770,.T.);
#11770 = EDGE_CURVE('',#11771,#11771,#11773,.T.);
#11771 = VERTEX_POINT('',#11772);
#11772 = CARTESIAN_POINT('',(90.,-80.45,0.));
#11773 = CIRCLE('',#11774,0.45);
#11774 = AXIS2_PLACEMENT_3D('',#11775,#11776,#11777);
#11775 = CARTESIAN_POINT('',(90.,-80.,0.));
#11776 = DIRECTION('',(-0.,0.,-1.));
#11777 = DIRECTION('',(-0.,-1.,0.));
#11778 = FACE_BOUND('',#11779,.F.);
#11779 = EDGE_LOOP('',(#11780));
#11780 = ORIENTED_EDGE('',*,*,#11781,.T.);
#11781 = EDGE_CURVE('',#11782,#11782,#11784,.T.);
#11782 = VERTEX_POINT('',#11783);
#11783 = CARTESIAN_POINT('',(86.,-77.98,0.));
#11784 = CIRCLE('',#11785,0.4);
#11785 = AXIS2_PLACEMENT_3D('',#11786,#11787,#11788);
#11786 = CARTESIAN_POINT('',(86.,-77.58,0.));
#11787 = DIRECTION('',(-0.,0.,-1.));
#11788 = DIRECTION('',(-0.,-1.,0.));
#11789 = FACE_BOUND('',#11790,.F.);
#11790 = EDGE_LOOP('',(#11791));
#11791 = ORIENTED_EDGE('',*,*,#11792,.T.);
#11792 = EDGE_CURVE('',#11793,#11793,#11795,.T.);
#11793 = VERTEX_POINT('',#11794);
#11794 = CARTESIAN_POINT('',(90.,-77.98,0.));
#11795 = CIRCLE('',#11796,0.4);
#11796 = AXIS2_PLACEMENT_3D('',#11797,#11798,#11799);
#11797 = CARTESIAN_POINT('',(90.,-77.58,0.));
#11798 = DIRECTION('',(-0.,0.,-1.));
#11799 = DIRECTION('',(-0.,-1.,0.));
#11800 = FACE_BOUND('',#11801,.F.);
#11801 = EDGE_LOOP('',(#11802));
#11802 = ORIENTED_EDGE('',*,*,#11803,.T.);
#11803 = EDGE_CURVE('',#11804,#11804,#11806,.T.);
#11804 = VERTEX_POINT('',#11805);
#11805 = CARTESIAN_POINT('',(95.,-80.45,0.));
#11806 = CIRCLE('',#11807,0.45);
#11807 = AXIS2_PLACEMENT_3D('',#11808,#11809,#11810);
#11808 = CARTESIAN_POINT('',(95.,-80.,0.));
#11809 = DIRECTION('',(-0.,0.,-1.));
#11810 = DIRECTION('',(-0.,-1.,0.));
#11811 = FACE_BOUND('',#11812,.F.);
#11812 = EDGE_LOOP('',(#11813));
#11813 = ORIENTED_EDGE('',*,*,#11814,.T.);
#11814 = EDGE_CURVE('',#11815,#11815,#11817,.T.);
#11815 = VERTEX_POINT('',#11816);
#11816 = CARTESIAN_POINT('',(94.,-77.98,0.));
#11817 = CIRCLE('',#11818,0.4);
#11818 = AXIS2_PLACEMENT_3D('',#11819,#11820,#11821);
#11819 = CARTESIAN_POINT('',(94.,-77.58,0.));
#11820 = DIRECTION('',(-0.,0.,-1.));
#11821 = DIRECTION('',(-0.,-1.,0.));
#11822 = FACE_BOUND('',#11823,.F.);
#11823 = EDGE_LOOP('',(#11824));
#11824 = ORIENTED_EDGE('',*,*,#11825,.T.);
#11825 = EDGE_CURVE('',#11826,#11826,#11828,.T.);
#11826 = VERTEX_POINT('',#11827);
#11827 = CARTESIAN_POINT('',(100.,-81.5,0.));
#11828 = CIRCLE('',#11829,0.5);
#11829 = AXIS2_PLACEMENT_3D('',#11830,#11831,#11832);
#11830 = CARTESIAN_POINT('',(100.,-81.,0.));
#11831 = DIRECTION('',(-0.,0.,-1.));
#11832 = DIRECTION('',(-0.,-1.,0.));
#11833 = FACE_BOUND('',#11834,.F.);
#11834 = EDGE_LOOP('',(#11835));
#11835 = ORIENTED_EDGE('',*,*,#11836,.T.);
#11836 = EDGE_CURVE('',#11837,#11837,#11839,.T.);
#11837 = VERTEX_POINT('',#11838);
#11838 = CARTESIAN_POINT('',(105.,-81.5,0.));
#11839 = CIRCLE('',#11840,0.5);
#11840 = AXIS2_PLACEMENT_3D('',#11841,#11842,#11843);
#11841 = CARTESIAN_POINT('',(105.,-81.,0.));
#11842 = DIRECTION('',(-0.,0.,-1.));
#11843 = DIRECTION('',(-0.,-1.,0.));
#11844 = FACE_BOUND('',#11845,.F.);
#11845 = EDGE_LOOP('',(#11846));
#11846 = ORIENTED_EDGE('',*,*,#11847,.T.);
#11847 = EDGE_CURVE('',#11848,#11848,#11850,.T.);
#11848 = VERTEX_POINT('',#11849);
#11849 = CARTESIAN_POINT('',(106.25,-74.05,0.));
#11850 = CIRCLE('',#11851,1.);
#11851 = AXIS2_PLACEMENT_3D('',#11852,#11853,#11854);
#11852 = CARTESIAN_POINT('',(106.25,-73.05,0.));
#11853 = DIRECTION('',(-0.,0.,-1.));
#11854 = DIRECTION('',(-0.,-1.,0.));
#11855 = FACE_BOUND('',#11856,.F.);
#11856 = EDGE_LOOP('',(#11857));
#11857 = ORIENTED_EDGE('',*,*,#11858,.T.);
#11858 = EDGE_CURVE('',#11859,#11859,#11861,.T.);
#11859 = VERTEX_POINT('',#11860);
#11860 = CARTESIAN_POINT('',(86.,-67.82,0.));
#11861 = CIRCLE('',#11862,0.4);
#11862 = AXIS2_PLACEMENT_3D('',#11863,#11864,#11865);
#11863 = CARTESIAN_POINT('',(86.,-67.42,0.));
#11864 = DIRECTION('',(-0.,0.,-1.));
#11865 = DIRECTION('',(-0.,-1.,0.));
#11866 = FACE_BOUND('',#11867,.F.);
#11867 = EDGE_LOOP('',(#11868));
#11868 = ORIENTED_EDGE('',*,*,#11869,.T.);
#11869 = EDGE_CURVE('',#11870,#11870,#11872,.T.);
#11870 = VERTEX_POINT('',#11871);
#11871 = CARTESIAN_POINT('',(90.,-67.82,0.));
#11872 = CIRCLE('',#11873,0.4);
#11873 = AXIS2_PLACEMENT_3D('',#11874,#11875,#11876);
#11874 = CARTESIAN_POINT('',(90.,-67.42,0.));
#11875 = DIRECTION('',(-0.,0.,-1.));
#11876 = DIRECTION('',(-0.,-1.,0.));
#11877 = FACE_BOUND('',#11878,.F.);
#11878 = EDGE_LOOP('',(#11879));
#11879 = ORIENTED_EDGE('',*,*,#11880,.T.);
#11880 = EDGE_CURVE('',#11881,#11881,#11883,.T.);
#11881 = VERTEX_POINT('',#11882);
#11882 = CARTESIAN_POINT('',(94.,-67.82,0.));
#11883 = CIRCLE('',#11884,0.4);
#11884 = AXIS2_PLACEMENT_3D('',#11885,#11886,#11887);
#11885 = CARTESIAN_POINT('',(94.,-67.42,0.));
#11886 = DIRECTION('',(-0.,0.,-1.));
#11887 = DIRECTION('',(-0.,-1.,0.));
#11888 = FACE_BOUND('',#11889,.F.);
#11889 = EDGE_LOOP('',(#11890,#11901,#11909,#11918));
#11890 = ORIENTED_EDGE('',*,*,#11891,.T.);
#11891 = EDGE_CURVE('',#11892,#11894,#11896,.T.);
#11892 = VERTEX_POINT('',#11893);
#11893 = CARTESIAN_POINT('',(97.75,-68.25,0.));
#11894 = VERTEX_POINT('',#11895);
#11895 = CARTESIAN_POINT('',(96.05,-68.25,0.));
#11896 = CIRCLE('',#11897,0.85);
#11897 = AXIS2_PLACEMENT_3D('',#11898,#11899,#11900);
#11898 = CARTESIAN_POINT('',(96.9,-68.25,0.));
#11899 = DIRECTION('',(-0.,0.,-1.));
#11900 = DIRECTION('',(-1.,-1.671865260612E-14,0.));
#11901 = ORIENTED_EDGE('',*,*,#11902,.T.);
#11902 = EDGE_CURVE('',#11894,#11903,#11905,.T.);
#11903 = VERTEX_POINT('',#11904);
#11904 = CARTESIAN_POINT('',(96.05,-65.85,0.));
#11905 = LINE('',#11906,#11907);
#11906 = CARTESIAN_POINT('',(96.05,-32.925,0.));
#11907 = VECTOR('',#11908,1.);
#11908 = DIRECTION('',(-0.,1.,0.));
#11909 = ORIENTED_EDGE('',*,*,#11910,.T.);
#11910 = EDGE_CURVE('',#11903,#11911,#11913,.T.);
#11911 = VERTEX_POINT('',#11912);
#11912 = CARTESIAN_POINT('',(97.75,-65.85,0.));
#11913 = CIRCLE('',#11914,0.85);
#11914 = AXIS2_PLACEMENT_3D('',#11915,#11916,#11917);
#11915 = CARTESIAN_POINT('',(96.9,-65.85,0.));
#11916 = DIRECTION('',(0.,-0.,-1.));
#11917 = DIRECTION('',(1.,1.671865260612E-14,-0.));
#11918 = ORIENTED_EDGE('',*,*,#11919,.T.);
#11919 = EDGE_CURVE('',#11911,#11892,#11920,.T.);
#11920 = LINE('',#11921,#11922);
#11921 = CARTESIAN_POINT('',(97.75,-34.125,0.));
#11922 = VECTOR('',#11923,1.);
#11923 = DIRECTION('',(0.,-1.,0.));
#11924 = FACE_BOUND('',#11925,.F.);
#11925 = EDGE_LOOP('',(#11926));
#11926 = ORIENTED_EDGE('',*,*,#11927,.T.);
#11927 = EDGE_CURVE('',#11928,#11928,#11930,.T.);
#11928 = VERTEX_POINT('',#11929);
#11929 = CARTESIAN_POINT('',(111.,-81.5,0.));
#11930 = CIRCLE('',#11931,0.5);
#11931 = AXIS2_PLACEMENT_3D('',#11932,#11933,#11934);
#11932 = CARTESIAN_POINT('',(111.,-81.,0.));
#11933 = DIRECTION('',(-0.,0.,-1.));
#11934 = DIRECTION('',(-0.,-1.,0.));
#11935 = FACE_BOUND('',#11936,.F.);
#11936 = EDGE_LOOP('',(#11937));
#11937 = ORIENTED_EDGE('',*,*,#11938,.T.);
#11938 = EDGE_CURVE('',#11939,#11939,#11941,.T.);
#11939 = VERTEX_POINT('',#11940);
#11940 = CARTESIAN_POINT('',(116.,-81.5,0.));
#11941 = CIRCLE('',#11942,0.5);
#11942 = AXIS2_PLACEMENT_3D('',#11943,#11944,#11945);
#11943 = CARTESIAN_POINT('',(116.,-81.,0.));
#11944 = DIRECTION('',(-0.,0.,-1.));
#11945 = DIRECTION('',(-0.,-1.,0.));
#11946 = FACE_BOUND('',#11947,.F.);
#11947 = EDGE_LOOP('',(#11948));
#11948 = ORIENTED_EDGE('',*,*,#11949,.T.);
#11949 = EDGE_CURVE('',#11950,#11950,#11952,.T.);
#11950 = VERTEX_POINT('',#11951);
#11951 = CARTESIAN_POINT('',(123.,-70.5,0.));
#11952 = CIRCLE('',#11953,0.5);
#11953 = AXIS2_PLACEMENT_3D('',#11954,#11955,#11956);
#11954 = CARTESIAN_POINT('',(123.,-70.,0.));
#11955 = DIRECTION('',(-0.,0.,-1.));
#11956 = DIRECTION('',(-0.,-1.,0.));
#11957 = FACE_BOUND('',#11958,.F.);
#11958 = EDGE_LOOP('',(#11959));
#11959 = ORIENTED_EDGE('',*,*,#11960,.T.);
#11960 = EDGE_CURVE('',#11961,#11961,#11963,.T.);
#11961 = VERTEX_POINT('',#11962);
#11962 = CARTESIAN_POINT('',(128.,-70.5,0.));
#11963 = CIRCLE('',#11964,0.5);
#11964 = AXIS2_PLACEMENT_3D('',#11965,#11966,#11967);
#11965 = CARTESIAN_POINT('',(128.,-70.,0.));
#11966 = DIRECTION('',(-0.,0.,-1.));
#11967 = DIRECTION('',(-0.,-1.,0.));
#11968 = FACE_BOUND('',#11969,.F.);
#11969 = EDGE_LOOP('',(#11970,#11981,#11989,#11998));
#11970 = ORIENTED_EDGE('',*,*,#11971,.T.);
#11971 = EDGE_CURVE('',#11972,#11974,#11976,.T.);
#11972 = VERTEX_POINT('',#11973);
#11973 = CARTESIAN_POINT('',(118.95,-68.25,0.));
#11974 = VERTEX_POINT('',#11975);
#11975 = CARTESIAN_POINT('',(117.25,-68.25,0.));
#11976 = CIRCLE('',#11977,0.85);
#11977 = AXIS2_PLACEMENT_3D('',#11978,#11979,#11980);
#11978 = CARTESIAN_POINT('',(118.1,-68.25,0.));
#11979 = DIRECTION('',(-0.,0.,-1.));
#11980 = DIRECTION('',(-1.,-1.671865260612E-14,0.));
#11981 = ORIENTED_EDGE('',*,*,#11982,.T.);
#11982 = EDGE_CURVE('',#11974,#11983,#11985,.T.);
#11983 = VERTEX_POINT('',#11984);
#11984 = CARTESIAN_POINT('',(117.25,-65.85,0.));
#11985 = LINE('',#11986,#11987);
#11986 = CARTESIAN_POINT('',(117.25,-32.925,0.));
#11987 = VECTOR('',#11988,1.);
#11988 = DIRECTION('',(-0.,1.,0.));
#11989 = ORIENTED_EDGE('',*,*,#11990,.T.);
#11990 = EDGE_CURVE('',#11983,#11991,#11993,.T.);
#11991 = VERTEX_POINT('',#11992);
#11992 = CARTESIAN_POINT('',(118.95,-65.85,0.));
#11993 = CIRCLE('',#11994,0.85);
#11994 = AXIS2_PLACEMENT_3D('',#11995,#11996,#11997);
#11995 = CARTESIAN_POINT('',(118.1,-65.85,0.));
#11996 = DIRECTION('',(0.,-0.,-1.));
#11997 = DIRECTION('',(1.,1.671865260612E-14,-0.));
#11998 = ORIENTED_EDGE('',*,*,#11999,.T.);
#11999 = EDGE_CURVE('',#11991,#11972,#12000,.T.);
#12000 = LINE('',#12001,#12002);
#12001 = CARTESIAN_POINT('',(118.95,-34.125,0.));
#12002 = VECTOR('',#12003,1.);
#12003 = DIRECTION('',(0.,-1.,0.));
#12004 = FACE_BOUND('',#12005,.F.);
#12005 = EDGE_LOOP('',(#12006));
#12006 = ORIENTED_EDGE('',*,*,#12007,.T.);
#12007 = EDGE_CURVE('',#12008,#12008,#12010,.T.);
#12008 = VERTEX_POINT('',#12009);
#12009 = CARTESIAN_POINT('',(50.,-63.,0.));
#12010 = CIRCLE('',#12011,0.5);
#12011 = AXIS2_PLACEMENT_3D('',#12012,#12013,#12014);
#12012 = CARTESIAN_POINT('',(50.,-62.5,0.));
#12013 = DIRECTION('',(-0.,0.,-1.));
#12014 = DIRECTION('',(-0.,-1.,0.));
#12015 = FACE_BOUND('',#12016,.F.);
#12016 = EDGE_LOOP('',(#12017));
#12017 = ORIENTED_EDGE('',*,*,#12018,.T.);
#12018 = EDGE_CURVE('',#12019,#12019,#12021,.T.);
#12019 = VERTEX_POINT('',#12020);
#12020 = CARTESIAN_POINT('',(63.84,-60.4,0.));
#12021 = CIRCLE('',#12022,0.4);
#12022 = AXIS2_PLACEMENT_3D('',#12023,#12024,#12025);
#12023 = CARTESIAN_POINT('',(63.84,-60.,0.));
#12024 = DIRECTION('',(-0.,0.,-1.));
#12025 = DIRECTION('',(1.7763568394E-14,-1.,-0.));
#12026 = FACE_BOUND('',#12027,.F.);
#12027 = EDGE_LOOP('',(#12028,#12039,#12047,#12056));
#12028 = ORIENTED_EDGE('',*,*,#12029,.T.);
#12029 = EDGE_CURVE('',#12030,#12032,#12034,.T.);
#12030 = VERTEX_POINT('',#12031);
#12031 = CARTESIAN_POINT('',(54.55,-52.85,0.));
#12032 = VERTEX_POINT('',#12033);
#12033 = CARTESIAN_POINT('',(54.55,-53.45,0.));
#12034 = CIRCLE('',#12035,0.3);
#12035 = AXIS2_PLACEMENT_3D('',#12036,#12037,#12038);
#12036 = CARTESIAN_POINT('',(54.55,-53.15,0.));
#12037 = DIRECTION('',(-0.,0.,-1.));
#12038 = DIRECTION('',(-2.368475785867E-14,-1.,0.));
#12039 = ORIENTED_EDGE('',*,*,#12040,.T.);
#12040 = EDGE_CURVE('',#12032,#12041,#12043,.T.);
#12041 = VERTEX_POINT('',#12042);
#12042 = CARTESIAN_POINT('',(53.45,-53.45,0.));
#12043 = LINE('',#12044,#12045);
#12044 = CARTESIAN_POINT('',(26.725,-53.45,0.));
#12045 = VECTOR('',#12046,1.);
#12046 = DIRECTION('',(-1.,0.,0.));
#12047 = ORIENTED_EDGE('',*,*,#12048,.T.);
#12048 = EDGE_CURVE('',#12041,#12049,#12051,.T.);
#12049 = VERTEX_POINT('',#12050);
#12050 = CARTESIAN_POINT('',(53.45,-52.85,0.));
#12051 = CIRCLE('',#12052,0.3);
#12052 = AXIS2_PLACEMENT_3D('',#12053,#12054,#12055);
#12053 = CARTESIAN_POINT('',(53.45,-53.15,0.));
#12054 = DIRECTION('',(0.,-0.,-1.));
#12055 = DIRECTION('',(2.368475785867E-14,1.,-0.));
#12056 = ORIENTED_EDGE('',*,*,#12057,.T.);
#12057 = EDGE_CURVE('',#12049,#12030,#12058,.T.);
#12058 = LINE('',#12059,#12060);
#12059 = CARTESIAN_POINT('',(27.275,-52.85,0.));
#12060 = VECTOR('',#12061,1.);
#12061 = DIRECTION('',(1.,0.,-0.));
#12062 = FACE_BOUND('',#12063,.F.);
#12063 = EDGE_LOOP('',(#12064));
#12064 = ORIENTED_EDGE('',*,*,#12065,.T.);
#12065 = EDGE_CURVE('',#12066,#12066,#12068,.T.);
#12066 = VERTEX_POINT('',#12067);
#12067 = CARTESIAN_POINT('',(60.,-51.35,0.));
#12068 = CIRCLE('',#12069,1.35);
#12069 = AXIS2_PLACEMENT_3D('',#12070,#12071,#12072);
#12070 = CARTESIAN_POINT('',(60.,-50.,0.));
#12071 = DIRECTION('',(-0.,0.,-1.));
#12072 = DIRECTION('',(-0.,-1.,0.));
#12073 = FACE_BOUND('',#12074,.F.);
#12074 = EDGE_LOOP('',(#12075));
#12075 = ORIENTED_EDGE('',*,*,#12076,.T.);
#12076 = EDGE_CURVE('',#12077,#12077,#12079,.T.);
#12077 = VERTEX_POINT('',#12078);
#12078 = CARTESIAN_POINT('',(63.84,-50.4,0.));
#12079 = CIRCLE('',#12080,0.4);
#12080 = AXIS2_PLACEMENT_3D('',#12081,#12082,#12083);
#12081 = CARTESIAN_POINT('',(63.84,-50.,0.));
#12082 = DIRECTION('',(-0.,0.,-1.));
#12083 = DIRECTION('',(1.7763568394E-14,-1.,-0.));
#12084 = FACE_BOUND('',#12085,.F.);
#12085 = EDGE_LOOP('',(#12086));
#12086 = ORIENTED_EDGE('',*,*,#12087,.T.);
#12087 = EDGE_CURVE('',#12088,#12088,#12090,.T.);
#12088 = VERTEX_POINT('',#12089);
#12089 = CARTESIAN_POINT('',(74.,-60.4,0.));
#12090 = CIRCLE('',#12091,0.4);
#12091 = AXIS2_PLACEMENT_3D('',#12092,#12093,#12094);
#12092 = CARTESIAN_POINT('',(74.,-60.,0.));
#12093 = DIRECTION('',(-0.,0.,-1.));
#12094 = DIRECTION('',(-0.,-1.,0.));
#12095 = FACE_BOUND('',#12096,.F.);
#12096 = EDGE_LOOP('',(#12097));
#12097 = ORIENTED_EDGE('',*,*,#12098,.T.);
#12098 = EDGE_CURVE('',#12099,#12099,#12101,.T.);
#12099 = VERTEX_POINT('',#12100);
#12100 = CARTESIAN_POINT('',(74.,-50.4,0.));
#12101 = CIRCLE('',#12102,0.4);
#12102 = AXIS2_PLACEMENT_3D('',#12103,#12104,#12105);
#12103 = CARTESIAN_POINT('',(74.,-50.,0.));
#12104 = DIRECTION('',(-0.,0.,-1.));
#12105 = DIRECTION('',(-0.,-1.,0.));
#12106 = FACE_BOUND('',#12107,.F.);
#12107 = EDGE_LOOP('',(#12108));
#12108 = ORIENTED_EDGE('',*,*,#12109,.T.);
#12109 = EDGE_CURVE('',#12110,#12110,#12112,.T.);
#12110 = VERTEX_POINT('',#12111);
#12111 = CARTESIAN_POINT('',(60.,-44.15,0.));
#12112 = CIRCLE('',#12113,1.35);
#12113 = AXIS2_PLACEMENT_3D('',#12114,#12115,#12116);
#12114 = CARTESIAN_POINT('',(60.,-42.8,0.));
#12115 = DIRECTION('',(-0.,0.,-1.));
#12116 = DIRECTION('',(-0.,-1.,0.));
#12117 = FACE_BOUND('',#12118,.F.);
#12118 = EDGE_LOOP('',(#12119));
#12119 = ORIENTED_EDGE('',*,*,#12120,.F.);
#12120 = EDGE_CURVE('',#12121,#12121,#12123,.T.);
#12121 = VERTEX_POINT('',#12122);
#12122 = CARTESIAN_POINT('',(46.67,-35.,0.));
#12123 = CIRCLE('',#12124,1.67);
#12124 = AXIS2_PLACEMENT_3D('',#12125,#12126,#12127);
#12125 = CARTESIAN_POINT('',(45.,-35.,0.));
#12126 = DIRECTION('',(0.,0.,1.));
#12127 = DIRECTION('',(1.,0.,-0.));
#12128 = FACE_BOUND('',#12129,.F.);
#12129 = EDGE_LOOP('',(#12130,#12141,#12149,#12158));
#12130 = ORIENTED_EDGE('',*,*,#12131,.T.);
#12131 = EDGE_CURVE('',#12132,#12134,#12136,.T.);
#12132 = VERTEX_POINT('',#12133);
#12133 = CARTESIAN_POINT('',(54.55,-39.35,0.));
#12134 = VERTEX_POINT('',#12135);
#12135 = CARTESIAN_POINT('',(54.55,-39.95,0.));
#12136 = CIRCLE('',#12137,0.3);
#12137 = AXIS2_PLACEMENT_3D('',#12138,#12139,#12140);
#12138 = CARTESIAN_POINT('',(54.55,-39.65,0.));
#12139 = DIRECTION('',(-0.,0.,-1.));
#12140 = DIRECTION('',(-2.368475785867E-14,-1.,0.));
#12141 = ORIENTED_EDGE('',*,*,#12142,.T.);
#12142 = EDGE_CURVE('',#12134,#12143,#12145,.T.);
#12143 = VERTEX_POINT('',#12144);
#12144 = CARTESIAN_POINT('',(53.45,-39.95,0.));
#12145 = LINE('',#12146,#12147);
#12146 = CARTESIAN_POINT('',(26.725,-39.95,0.));
#12147 = VECTOR('',#12148,1.);
#12148 = DIRECTION('',(-1.,0.,0.));
#12149 = ORIENTED_EDGE('',*,*,#12150,.T.);
#12150 = EDGE_CURVE('',#12143,#12151,#12153,.T.);
#12151 = VERTEX_POINT('',#12152);
#12152 = CARTESIAN_POINT('',(53.45,-39.35,0.));
#12153 = CIRCLE('',#12154,0.3);
#12154 = AXIS2_PLACEMENT_3D('',#12155,#12156,#12157);
#12155 = CARTESIAN_POINT('',(53.45,-39.65,0.));
#12156 = DIRECTION('',(0.,-0.,-1.));
#12157 = DIRECTION('',(2.368475785867E-14,1.,-0.));
#12158 = ORIENTED_EDGE('',*,*,#12159,.T.);
#12159 = EDGE_CURVE('',#12151,#12132,#12160,.T.);
#12160 = LINE('',#12161,#12162);
#12161 = CARTESIAN_POINT('',(27.275,-39.35,0.));
#12162 = VECTOR('',#12163,1.);
#12163 = DIRECTION('',(1.,0.,-0.));
#12164 = FACE_BOUND('',#12165,.F.);
#12165 = EDGE_LOOP('',(#12166));
#12166 = ORIENTED_EDGE('',*,*,#12167,.T.);
#12167 = EDGE_CURVE('',#12168,#12168,#12170,.T.);
#12168 = VERTEX_POINT('',#12169);
#12169 = CARTESIAN_POINT('',(86.,-61.1,0.));
#12170 = CIRCLE('',#12171,0.6);
#12171 = AXIS2_PLACEMENT_3D('',#12172,#12173,#12174);
#12172 = CARTESIAN_POINT('',(86.,-60.5,0.));
#12173 = DIRECTION('',(-0.,0.,-1.));
#12174 = DIRECTION('',(-0.,-1.,0.));
#12175 = FACE_BOUND('',#12176,.F.);
#12176 = EDGE_LOOP('',(#12177));
#12177 = ORIENTED_EDGE('',*,*,#12178,.T.);
#12178 = EDGE_CURVE('',#12179,#12179,#12181,.T.);
#12179 = VERTEX_POINT('',#12180);
#12180 = CARTESIAN_POINT('',(100.,-62.381,0.));
#12181 = CIRCLE('',#12182,0.381);
#12182 = AXIS2_PLACEMENT_3D('',#12183,#12184,#12185);
#12183 = CARTESIAN_POINT('',(100.,-62.,0.));
#12184 = DIRECTION('',(-0.,0.,-1.));
#12185 = DIRECTION('',(-0.,-1.,0.));
#12186 = FACE_BOUND('',#12187,.F.);
#12187 = EDGE_LOOP('',(#12188));
#12188 = ORIENTED_EDGE('',*,*,#12189,.T.);
#12189 = EDGE_CURVE('',#12190,#12190,#12192,.T.);
#12190 = VERTEX_POINT('',#12191);
#12191 = CARTESIAN_POINT('',(102.5,-62.381,0.));
#12192 = CIRCLE('',#12193,0.381);
#12193 = AXIS2_PLACEMENT_3D('',#12194,#12195,#12196);
#12194 = CARTESIAN_POINT('',(102.5,-62.,0.));
#12195 = DIRECTION('',(-0.,0.,-1.));
#12196 = DIRECTION('',(-0.,-1.,0.));
#12197 = FACE_BOUND('',#12198,.F.);
#12198 = EDGE_LOOP('',(#12199));
#12199 = ORIENTED_EDGE('',*,*,#12200,.T.);
#12200 = EDGE_CURVE('',#12201,#12201,#12203,.T.);
#12201 = VERTEX_POINT('',#12202);
#12202 = CARTESIAN_POINT('',(105.,-62.381,0.));
#12203 = CIRCLE('',#12204,0.381);
#12204 = AXIS2_PLACEMENT_3D('',#12205,#12206,#12207);
#12205 = CARTESIAN_POINT('',(105.,-62.,0.));
#12206 = DIRECTION('',(-0.,0.,-1.));
#12207 = DIRECTION('',(-0.,-1.,0.));
#12208 = FACE_BOUND('',#12209,.F.);
#12209 = EDGE_LOOP('',(#12210));
#12210 = ORIENTED_EDGE('',*,*,#12211,.T.);
#12211 = EDGE_CURVE('',#12212,#12212,#12214,.T.);
#12212 = VERTEX_POINT('',#12213);
#12213 = CARTESIAN_POINT('',(86.,-53.6,0.));
#12214 = CIRCLE('',#12215,0.6);
#12215 = AXIS2_PLACEMENT_3D('',#12216,#12217,#12218);
#12216 = CARTESIAN_POINT('',(86.,-53.,0.));
#12217 = DIRECTION('',(-0.,0.,-1.));
#12218 = DIRECTION('',(-0.,-1.,0.));
#12219 = FACE_BOUND('',#12220,.F.);
#12220 = EDGE_LOOP('',(#12221));
#12221 = ORIENTED_EDGE('',*,*,#12222,.T.);
#12222 = EDGE_CURVE('',#12223,#12223,#12225,.T.);
#12223 = VERTEX_POINT('',#12224);
#12224 = CARTESIAN_POINT('',(106.25,-56.25,0.));
#12225 = CIRCLE('',#12226,1.);
#12226 = AXIS2_PLACEMENT_3D('',#12227,#12228,#12229);
#12227 = CARTESIAN_POINT('',(106.25,-55.25,0.));
#12228 = DIRECTION('',(-0.,0.,-1.));
#12229 = DIRECTION('',(-0.,-1.,0.));
#12230 = FACE_BOUND('',#12231,.F.);
#12231 = EDGE_LOOP('',(#12232));
#12232 = ORIENTED_EDGE('',*,*,#12233,.T.);
#12233 = EDGE_CURVE('',#12234,#12234,#12236,.T.);
#12234 = VERTEX_POINT('',#12235);
#12235 = CARTESIAN_POINT('',(106.25,-52.05,0.));
#12236 = CIRCLE('',#12237,1.);
#12237 = AXIS2_PLACEMENT_3D('',#12238,#12239,#12240);
#12238 = CARTESIAN_POINT('',(106.25,-51.05,0.));
#12239 = DIRECTION('',(-0.,0.,-1.));
#12240 = DIRECTION('',(-0.,-1.,0.));
#12241 = FACE_BOUND('',#12242,.F.);
#12242 = EDGE_LOOP('',(#12243));
#12243 = ORIENTED_EDGE('',*,*,#12244,.T.);
#12244 = EDGE_CURVE('',#12245,#12245,#12247,.T.);
#12245 = VERTEX_POINT('',#12246);
#12246 = CARTESIAN_POINT('',(107.5,-62.381,0.));
#12247 = CIRCLE('',#12248,0.381);
#12248 = AXIS2_PLACEMENT_3D('',#12249,#12250,#12251);
#12249 = CARTESIAN_POINT('',(107.5,-62.,0.));
#12250 = DIRECTION('',(-0.,0.,-1.));
#12251 = DIRECTION('',(-0.,-1.,0.));
#12252 = FACE_BOUND('',#12253,.F.);
#12253 = EDGE_LOOP('',(#12254));
#12254 = ORIENTED_EDGE('',*,*,#12255,.T.);
#12255 = EDGE_CURVE('',#12256,#12256,#12258,.T.);
#12256 = VERTEX_POINT('',#12257);
#12257 = CARTESIAN_POINT('',(110.,-62.381,0.));
#12258 = CIRCLE('',#12259,0.381);
#12259 = AXIS2_PLACEMENT_3D('',#12260,#12261,#12262);
#12260 = CARTESIAN_POINT('',(110.,-62.,0.));
#12261 = DIRECTION('',(-0.,0.,-1.));
#12262 = DIRECTION('',(-0.,-1.,0.));
#12263 = FACE_BOUND('',#12264,.F.);
#12264 = EDGE_LOOP('',(#12265));
#12265 = ORIENTED_EDGE('',*,*,#12266,.T.);
#12266 = EDGE_CURVE('',#12267,#12267,#12269,.T.);
#12267 = VERTEX_POINT('',#12268);
#12268 = CARTESIAN_POINT('',(112.5,-62.381,0.));
#12269 = CIRCLE('',#12270,0.381);
#12270 = AXIS2_PLACEMENT_3D('',#12271,#12272,#12273);
#12271 = CARTESIAN_POINT('',(112.5,-62.,0.));
#12272 = DIRECTION('',(-0.,0.,-1.));
#12273 = DIRECTION('',(-0.,-1.,0.));
#12274 = FACE_BOUND('',#12275,.F.);
#12275 = EDGE_LOOP('',(#12276));
#12276 = ORIENTED_EDGE('',*,*,#12277,.T.);
#12277 = EDGE_CURVE('',#12278,#12278,#12280,.T.);
#12278 = VERTEX_POINT('',#12279);
#12279 = CARTESIAN_POINT('',(115.,-62.381,0.));
#12280 = CIRCLE('',#12281,0.381);
#12281 = AXIS2_PLACEMENT_3D('',#12282,#12283,#12284);
#12282 = CARTESIAN_POINT('',(115.,-62.,0.));
#12283 = DIRECTION('',(-0.,0.,-1.));
#12284 = DIRECTION('',(-0.,-1.,0.));
#12285 = FACE_BOUND('',#12286,.F.);
#12286 = EDGE_LOOP('',(#12287));
#12287 = ORIENTED_EDGE('',*,*,#12288,.T.);
#12288 = EDGE_CURVE('',#12289,#12289,#12291,.T.);
#12289 = VERTEX_POINT('',#12290);
#12290 = CARTESIAN_POINT('',(123.,-59.5,0.));
#12291 = CIRCLE('',#12292,0.5);
#12292 = AXIS2_PLACEMENT_3D('',#12293,#12294,#12295);
#12293 = CARTESIAN_POINT('',(123.,-59.,0.));
#12294 = DIRECTION('',(-0.,0.,-1.));
#12295 = DIRECTION('',(-0.,-1.,0.));
#12296 = FACE_BOUND('',#12297,.F.);
#12297 = EDGE_LOOP('',(#12298));
#12298 = ORIENTED_EDGE('',*,*,#12299,.T.);
#12299 = EDGE_CURVE('',#12300,#12300,#12302,.T.);
#12300 = VERTEX_POINT('',#12301);
#12301 = CARTESIAN_POINT('',(128.,-59.5,0.));
#12302 = CIRCLE('',#12303,0.5);
#12303 = AXIS2_PLACEMENT_3D('',#12304,#12305,#12306);
#12304 = CARTESIAN_POINT('',(128.,-59.,0.));
#12305 = DIRECTION('',(-0.,0.,-1.));
#12306 = DIRECTION('',(-0.,-1.,0.));
#12307 = FACE_BOUND('',#12308,.F.);
#12308 = EDGE_LOOP('',(#12309));
#12309 = ORIENTED_EDGE('',*,*,#12310,.T.);
#12310 = EDGE_CURVE('',#12311,#12311,#12313,.T.);
#12311 = VERTEX_POINT('',#12312);
#12312 = CARTESIAN_POINT('',(86.,-43.1,0.));
#12313 = CIRCLE('',#12314,0.6);
#12314 = AXIS2_PLACEMENT_3D('',#12315,#12316,#12317);
#12315 = CARTESIAN_POINT('',(86.,-42.5,0.));
#12316 = DIRECTION('',(-0.,0.,-1.));
#12317 = DIRECTION('',(-0.,-1.,0.));
#12318 = FACE_BOUND('',#12319,.F.);
#12319 = EDGE_LOOP('',(#12320,#12331,#12339,#12348));
#12320 = ORIENTED_EDGE('',*,*,#12321,.T.);
#12321 = EDGE_CURVE('',#12322,#12324,#12326,.T.);
#12322 = VERTEX_POINT('',#12323);
#12323 = CARTESIAN_POINT('',(97.75,-46.25,0.));
#12324 = VERTEX_POINT('',#12325);
#12325 = CARTESIAN_POINT('',(96.05,-46.25,0.));
#12326 = CIRCLE('',#12327,0.85);
#12327 = AXIS2_PLACEMENT_3D('',#12328,#12329,#12330);
#12328 = CARTESIAN_POINT('',(96.9,-46.25,0.));
#12329 = DIRECTION('',(-0.,0.,-1.));
#12330 = DIRECTION('',(-1.,-8.35932630306E-15,0.));
#12331 = ORIENTED_EDGE('',*,*,#12332,.T.);
#12332 = EDGE_CURVE('',#12324,#12333,#12335,.T.);
#12333 = VERTEX_POINT('',#12334);
#12334 = CARTESIAN_POINT('',(96.05,-43.85,0.));
#12335 = LINE('',#12336,#12337);
#12336 = CARTESIAN_POINT('',(96.05,-21.925,0.));
#12337 = VECTOR('',#12338,1.);
#12338 = DIRECTION('',(-0.,1.,0.));
#12339 = ORIENTED_EDGE('',*,*,#12340,.T.);
#12340 = EDGE_CURVE('',#12333,#12341,#12343,.T.);
#12341 = VERTEX_POINT('',#12342);
#12342 = CARTESIAN_POINT('',(97.75,-43.85,0.));
#12343 = CIRCLE('',#12344,0.85);
#12344 = AXIS2_PLACEMENT_3D('',#12345,#12346,#12347);
#12345 = CARTESIAN_POINT('',(96.9,-43.85,0.));
#12346 = DIRECTION('',(0.,-0.,-1.));
#12347 = DIRECTION('',(1.,0.,-0.));
#12348 = ORIENTED_EDGE('',*,*,#12349,.T.);
#12349 = EDGE_CURVE('',#12341,#12322,#12350,.T.);
#12350 = LINE('',#12351,#12352);
#12351 = CARTESIAN_POINT('',(97.75,-23.125,0.));
#12352 = VECTOR('',#12353,1.);
#12353 = DIRECTION('',(0.,-1.,0.));
#12354 = FACE_BOUND('',#12355,.F.);
#12355 = EDGE_LOOP('',(#12356));
#12356 = ORIENTED_EDGE('',*,*,#12357,.T.);
#12357 = EDGE_CURVE('',#12358,#12358,#12360,.T.);
#12358 = VERTEX_POINT('',#12359);
#12359 = CARTESIAN_POINT('',(86.,-35.6,0.));
#12360 = CIRCLE('',#12361,0.6);
#12361 = AXIS2_PLACEMENT_3D('',#12362,#12363,#12364);
#12362 = CARTESIAN_POINT('',(86.,-35.,0.));
#12363 = DIRECTION('',(-0.,0.,-1.));
#12364 = DIRECTION('',(-0.,-1.,0.));
#12365 = FACE_BOUND('',#12366,.F.);
#12366 = EDGE_LOOP('',(#12367));
#12367 = ORIENTED_EDGE('',*,*,#12368,.T.);
#12368 = EDGE_CURVE('',#12369,#12369,#12371,.T.);
#12369 = VERTEX_POINT('',#12370);
#12370 = CARTESIAN_POINT('',(100.,-40.381,0.));
#12371 = CIRCLE('',#12372,0.381);
#12372 = AXIS2_PLACEMENT_3D('',#12373,#12374,#12375);
#12373 = CARTESIAN_POINT('',(100.,-40.,0.));
#12374 = DIRECTION('',(-0.,0.,-1.));
#12375 = DIRECTION('',(-0.,-1.,0.));
#12376 = FACE_BOUND('',#12377,.F.);
#12377 = EDGE_LOOP('',(#12378));
#12378 = ORIENTED_EDGE('',*,*,#12379,.T.);
#12379 = EDGE_CURVE('',#12380,#12380,#12382,.T.);
#12380 = VERTEX_POINT('',#12381);
#12381 = CARTESIAN_POINT('',(102.5,-40.381,0.));
#12382 = CIRCLE('',#12383,0.381);
#12383 = AXIS2_PLACEMENT_3D('',#12384,#12385,#12386);
#12384 = CARTESIAN_POINT('',(102.5,-40.,0.));
#12385 = DIRECTION('',(-0.,0.,-1.));
#12386 = DIRECTION('',(-0.,-1.,0.));
#12387 = FACE_BOUND('',#12388,.F.);
#12388 = EDGE_LOOP('',(#12389));
#12389 = ORIENTED_EDGE('',*,*,#12390,.T.);
#12390 = EDGE_CURVE('',#12391,#12391,#12393,.T.);
#12391 = VERTEX_POINT('',#12392);
#12392 = CARTESIAN_POINT('',(105.,-40.381,0.));
#12393 = CIRCLE('',#12394,0.381);
#12394 = AXIS2_PLACEMENT_3D('',#12395,#12396,#12397);
#12395 = CARTESIAN_POINT('',(105.,-40.,0.));
#12396 = DIRECTION('',(-0.,0.,-1.));
#12397 = DIRECTION('',(-0.,-1.,0.));
#12398 = FACE_BOUND('',#12399,.F.);
#12399 = EDGE_LOOP('',(#12400));
#12400 = ORIENTED_EDGE('',*,*,#12401,.T.);
#12401 = EDGE_CURVE('',#12402,#12402,#12404,.T.);
#12402 = VERTEX_POINT('',#12403);
#12403 = CARTESIAN_POINT('',(106.25,-34.25,0.));
#12404 = CIRCLE('',#12405,1.);
#12405 = AXIS2_PLACEMENT_3D('',#12406,#12407,#12408);
#12406 = CARTESIAN_POINT('',(106.25,-33.25,0.));
#12407 = DIRECTION('',(-0.,0.,-1.));
#12408 = DIRECTION('',(-0.,-1.,0.));
#12409 = FACE_BOUND('',#12410,.F.);
#12410 = EDGE_LOOP('',(#12411,#12422,#12430,#12439));
#12411 = ORIENTED_EDGE('',*,*,#12412,.T.);
#12412 = EDGE_CURVE('',#12413,#12415,#12417,.T.);
#12413 = VERTEX_POINT('',#12414);
#12414 = CARTESIAN_POINT('',(118.95,-46.25,0.));
#12415 = VERTEX_POINT('',#12416);
#12416 = CARTESIAN_POINT('',(117.25,-46.25,0.));
#12417 = CIRCLE('',#12418,0.85);
#12418 = AXIS2_PLACEMENT_3D('',#12419,#12420,#12421);
#12419 = CARTESIAN_POINT('',(118.1,-46.25,0.));
#12420 = DIRECTION('',(-0.,0.,-1.));
#12421 = DIRECTION('',(-1.,-8.35932630306E-15,0.));
#12422 = ORIENTED_EDGE('',*,*,#12423,.T.);
#12423 = EDGE_CURVE('',#12415,#12424,#12426,.T.);
#12424 = VERTEX_POINT('',#12425);
#12425 = CARTESIAN_POINT('',(117.25,-43.85,0.));
#12426 = LINE('',#12427,#12428);
#12427 = CARTESIAN_POINT('',(117.25,-21.925,0.));
#12428 = VECTOR('',#12429,1.);
#12429 = DIRECTION('',(-0.,1.,0.));
#12430 = ORIENTED_EDGE('',*,*,#12431,.T.);
#12431 = EDGE_CURVE('',#12424,#12432,#12434,.T.);
#12432 = VERTEX_POINT('',#12433);
#12433 = CARTESIAN_POINT('',(118.95,-43.85,0.));
#12434 = CIRCLE('',#12435,0.85);
#12435 = AXIS2_PLACEMENT_3D('',#12436,#12437,#12438);
#12436 = CARTESIAN_POINT('',(118.1,-43.85,0.));
#12437 = DIRECTION('',(0.,-0.,-1.));
#12438 = DIRECTION('',(1.,0.,-0.));
#12439 = ORIENTED_EDGE('',*,*,#12440,.T.);
#12440 = EDGE_CURVE('',#12432,#12413,#12441,.T.);
#12441 = LINE('',#12442,#12443);
#12442 = CARTESIAN_POINT('',(118.95,-23.125,0.));
#12443 = VECTOR('',#12444,1.);
#12444 = DIRECTION('',(0.,-1.,0.));
#12445 = FACE_BOUND('',#12446,.F.);
#12446 = EDGE_LOOP('',(#12447));
#12447 = ORIENTED_EDGE('',*,*,#12448,.T.);
#12448 = EDGE_CURVE('',#12449,#12449,#12451,.T.);
#12449 = VERTEX_POINT('',#12450);
#12450 = CARTESIAN_POINT('',(107.5,-40.381,0.));
#12451 = CIRCLE('',#12452,0.381);
#12452 = AXIS2_PLACEMENT_3D('',#12453,#12454,#12455);
#12453 = CARTESIAN_POINT('',(107.5,-40.,0.));
#12454 = DIRECTION('',(-0.,0.,-1.));
#12455 = DIRECTION('',(-0.,-1.,0.));
#12456 = FACE_BOUND('',#12457,.F.);
#12457 = EDGE_LOOP('',(#12458));
#12458 = ORIENTED_EDGE('',*,*,#12459,.T.);
#12459 = EDGE_CURVE('',#12460,#12460,#12462,.T.);
#12460 = VERTEX_POINT('',#12461);
#12461 = CARTESIAN_POINT('',(110.,-40.381,0.));
#12462 = CIRCLE('',#12463,0.381);
#12463 = AXIS2_PLACEMENT_3D('',#12464,#12465,#12466);
#12464 = CARTESIAN_POINT('',(110.,-40.,0.));
#12465 = DIRECTION('',(-0.,0.,-1.));
#12466 = DIRECTION('',(-0.,-1.,0.));
#12467 = FACE_BOUND('',#12468,.F.);
#12468 = EDGE_LOOP('',(#12469));
#12469 = ORIENTED_EDGE('',*,*,#12470,.T.);
#12470 = EDGE_CURVE('',#12471,#12471,#12473,.T.);
#12471 = VERTEX_POINT('',#12472);
#12472 = CARTESIAN_POINT('',(112.5,-40.381,0.));
#12473 = CIRCLE('',#12474,0.381);
#12474 = AXIS2_PLACEMENT_3D('',#12475,#12476,#12477);
#12475 = CARTESIAN_POINT('',(112.5,-40.,0.));
#12476 = DIRECTION('',(-0.,0.,-1.));
#12477 = DIRECTION('',(-0.,-1.,0.));
#12478 = FACE_BOUND('',#12479,.F.);
#12479 = EDGE_LOOP('',(#12480));
#12480 = ORIENTED_EDGE('',*,*,#12481,.T.);
#12481 = EDGE_CURVE('',#12482,#12482,#12484,.T.);
#12482 = VERTEX_POINT('',#12483);
#12483 = CARTESIAN_POINT('',(115.,-40.381,0.));
#12484 = CIRCLE('',#12485,0.381);
#12485 = AXIS2_PLACEMENT_3D('',#12486,#12487,#12488);
#12486 = CARTESIAN_POINT('',(115.,-40.,0.));
#12487 = DIRECTION('',(-0.,0.,-1.));
#12488 = DIRECTION('',(-0.,-1.,0.));
#12489 = FACE_BOUND('',#12490,.F.);
#12490 = EDGE_LOOP('',(#12491));
#12491 = ORIENTED_EDGE('',*,*,#12492,.F.);
#12492 = EDGE_CURVE('',#12493,#12493,#12495,.T.);
#12493 = VERTEX_POINT('',#12494);
#12494 = CARTESIAN_POINT('',(126.67,-35.,0.));
#12495 = CIRCLE('',#12496,1.67);
#12496 = AXIS2_PLACEMENT_3D('',#12497,#12498,#12499);
#12497 = CARTESIAN_POINT('',(125.,-35.,0.));
#12498 = DIRECTION('',(0.,0.,1.));
#12499 = DIRECTION('',(1.,0.,-0.));
#12500 = PLANE('',#12501);
#12501 = AXIS2_PLACEMENT_3D('',#12502,#12503,#12504);
#12502 = CARTESIAN_POINT('',(0.,0.,0.));
#12503 = DIRECTION('',(0.,0.,1.));
#12504 = DIRECTION('',(1.,0.,-0.));
#12505 = ADVANCED_FACE('',(#12506,#12552,#12563,#12574,#12585,#12596,
    #12607,#12618,#12629,#12640,#12651,#12662,#12673,#12684,#12695,
    #12706,#12717,#12728,#12739,#12750,#12761,#12772,#12783,#12794,
    #12805,#12816,#12827,#12838,#12849,#12860,#12871,#12882,#12893,
    #12904,#12915,#12926,#12937,#12948,#12959,#12970,#12981,#12992,
    #13003,#13039,#13050,#13061,#13072,#13083,#13119,#13130,#13141,
    #13177,#13188,#13199,#13210,#13221,#13232,#13243,#13279,#13290,
    #13301,#13312,#13323,#13334,#13345,#13356,#13367,#13378,#13389,
    #13400,#13411,#13422,#13433,#13469,#13480,#13491,#13502,#13513,
    #13524,#13560,#13571,#13582,#13593,#13604),#13615,.T.);
#12506 = FACE_BOUND('',#12507,.T.);
#12507 = EDGE_LOOP('',(#12508,#12509,#12510,#12519,#12527,#12536,#12544,
    #12551));
#12508 = ORIENTED_EDGE('',*,*,#11300,.F.);
#12509 = ORIENTED_EDGE('',*,*,#11342,.F.);
#12510 = ORIENTED_EDGE('',*,*,#12511,.F.);
#12511 = EDGE_CURVE('',#12512,#11335,#12514,.T.);
#12512 = VERTEX_POINT('',#12513);
#12513 = CARTESIAN_POINT('',(40.,-32.,1.51));
#12514 = CIRCLE('',#12515,1.99999850585);
#12515 = AXIS2_PLACEMENT_3D('',#12516,#12517,#12518);
#12516 = CARTESIAN_POINT('',(41.99999850585,-31.99999850585,1.51));
#12517 = DIRECTION('',(0.,0.,-1.));
#12518 = DIRECTION('',(-1.,-7.470757438357E-07,-0.));
#12519 = ORIENTED_EDGE('',*,*,#12520,.F.);
#12520 = EDGE_CURVE('',#12521,#12512,#12523,.T.);
#12521 = VERTEX_POINT('',#12522);
#12522 = CARTESIAN_POINT('',(40.,-98.,1.51));
#12523 = LINE('',#12524,#12525);
#12524 = CARTESIAN_POINT('',(40.,-98.,1.51));
#12525 = VECTOR('',#12526,1.);
#12526 = DIRECTION('',(0.,1.,0.));
#12527 = ORIENTED_EDGE('',*,*,#12528,.F.);
#12528 = EDGE_CURVE('',#12529,#12521,#12531,.T.);
#12529 = VERTEX_POINT('',#12530);
#12530 = CARTESIAN_POINT('',(42.,-100.,1.51));
#12531 = CIRCLE('',#12532,1.99999850585);
#12532 = AXIS2_PLACEMENT_3D('',#12533,#12534,#12535);
#12533 = CARTESIAN_POINT('',(41.99999850585,-98.00000149415,1.51));
#12534 = DIRECTION('',(0.,0.,-1.));
#12535 = DIRECTION('',(7.470757420593E-07,-1.,0.));
#12536 = ORIENTED_EDGE('',*,*,#12537,.F.);
#12537 = EDGE_CURVE('',#12538,#12529,#12540,.T.);
#12538 = VERTEX_POINT('',#12539);
#12539 = CARTESIAN_POINT('',(128.,-100.,1.51));
#12540 = LINE('',#12541,#12542);
#12541 = CARTESIAN_POINT('',(128.,-100.,1.51));
#12542 = VECTOR('',#12543,1.);
#12543 = DIRECTION('',(-1.,0.,0.));
#12544 = ORIENTED_EDGE('',*,*,#12545,.F.);
#12545 = EDGE_CURVE('',#11365,#12538,#12546,.T.);
#12546 = CIRCLE('',#12547,1.99999850585);
#12547 = AXIS2_PLACEMENT_3D('',#12548,#12549,#12550);
#12548 = CARTESIAN_POINT('',(128.00000149415,-98.00000149415,1.51));
#12549 = DIRECTION('',(0.,0.,-1.));
#12550 = DIRECTION('',(1.,7.470757349539E-07,0.));
#12551 = ORIENTED_EDGE('',*,*,#11364,.F.);
#12552 = FACE_BOUND('',#12553,.T.);
#12553 = EDGE_LOOP('',(#12554));
#12554 = ORIENTED_EDGE('',*,*,#12555,.F.);
#12555 = EDGE_CURVE('',#12556,#12556,#12558,.T.);
#12556 = VERTEX_POINT('',#12557);
#12557 = CARTESIAN_POINT('',(46.67,-95.,1.51));
#12558 = CIRCLE('',#12559,1.67);
#12559 = AXIS2_PLACEMENT_3D('',#12560,#12561,#12562);
#12560 = CARTESIAN_POINT('',(45.,-95.,1.51));
#12561 = DIRECTION('',(0.,0.,1.));
#12562 = DIRECTION('',(1.,0.,-0.));
#12563 = FACE_BOUND('',#12564,.T.);
#12564 = EDGE_LOOP('',(#12565));
#12565 = ORIENTED_EDGE('',*,*,#12566,.T.);
#12566 = EDGE_CURVE('',#12567,#12567,#12569,.T.);
#12567 = VERTEX_POINT('',#12568);
#12568 = CARTESIAN_POINT('',(55.,-97.35,1.51));
#12569 = CIRCLE('',#12570,1.35);
#12570 = AXIS2_PLACEMENT_3D('',#12571,#12572,#12573);
#12571 = CARTESIAN_POINT('',(55.,-96.,1.51));
#12572 = DIRECTION('',(-0.,0.,-1.));
#12573 = DIRECTION('',(-0.,-1.,0.));
#12574 = FACE_BOUND('',#12575,.T.);
#12575 = EDGE_LOOP('',(#12576));
#12576 = ORIENTED_EDGE('',*,*,#12577,.T.);
#12577 = EDGE_CURVE('',#12578,#12578,#12580,.T.);
#12578 = VERTEX_POINT('',#12579);
#12579 = CARTESIAN_POINT('',(55.,-92.35,1.51));
#12580 = CIRCLE('',#12581,1.35);
#12581 = AXIS2_PLACEMENT_3D('',#12582,#12583,#12584);
#12582 = CARTESIAN_POINT('',(55.,-91.,1.51));
#12583 = DIRECTION('',(-0.,0.,-1.));
#12584 = DIRECTION('',(-0.,-1.,0.));
#12585 = FACE_BOUND('',#12586,.T.);
#12586 = EDGE_LOOP('',(#12587));
#12587 = ORIENTED_EDGE('',*,*,#12588,.T.);
#12588 = EDGE_CURVE('',#12589,#12589,#12591,.T.);
#12589 = VERTEX_POINT('',#12590);
#12590 = CARTESIAN_POINT('',(65.,-97.35,1.51));
#12591 = CIRCLE('',#12592,1.35);
#12592 = AXIS2_PLACEMENT_3D('',#12593,#12594,#12595);
#12593 = CARTESIAN_POINT('',(65.,-96.,1.51));
#12594 = DIRECTION('',(-0.,0.,-1.));
#12595 = DIRECTION('',(-0.,-1.,0.));
#12596 = FACE_BOUND('',#12597,.T.);
#12597 = EDGE_LOOP('',(#12598));
#12598 = ORIENTED_EDGE('',*,*,#12599,.T.);
#12599 = EDGE_CURVE('',#12600,#12600,#12602,.T.);
#12600 = VERTEX_POINT('',#12601);
#12601 = CARTESIAN_POINT('',(75.,-97.35,1.51));
#12602 = CIRCLE('',#12603,1.35);
#12603 = AXIS2_PLACEMENT_3D('',#12604,#12605,#12606);
#12604 = CARTESIAN_POINT('',(75.,-96.,1.51));
#12605 = DIRECTION('',(-0.,0.,-1.));
#12606 = DIRECTION('',(-0.,-1.,0.));
#12607 = FACE_BOUND('',#12608,.T.);
#12608 = EDGE_LOOP('',(#12609));
#12609 = ORIENTED_EDGE('',*,*,#12610,.T.);
#12610 = EDGE_CURVE('',#12611,#12611,#12613,.T.);
#12611 = VERTEX_POINT('',#12612);
#12612 = CARTESIAN_POINT('',(65.,-92.35,1.51));
#12613 = CIRCLE('',#12614,1.35);
#12614 = AXIS2_PLACEMENT_3D('',#12615,#12616,#12617);
#12615 = CARTESIAN_POINT('',(65.,-91.,1.51));
#12616 = DIRECTION('',(-0.,0.,-1.));
#12617 = DIRECTION('',(-0.,-1.,0.));
#12618 = FACE_BOUND('',#12619,.T.);
#12619 = EDGE_LOOP('',(#12620));
#12620 = ORIENTED_EDGE('',*,*,#12621,.T.);
#12621 = EDGE_CURVE('',#12622,#12622,#12624,.T.);
#12622 = VERTEX_POINT('',#12623);
#12623 = CARTESIAN_POINT('',(75.,-92.35,1.51));
#12624 = CIRCLE('',#12625,1.35);
#12625 = AXIS2_PLACEMENT_3D('',#12626,#12627,#12628);
#12626 = CARTESIAN_POINT('',(75.,-91.,1.51));
#12627 = DIRECTION('',(-0.,0.,-1.));
#12628 = DIRECTION('',(-0.,-1.,0.));
#12629 = FACE_BOUND('',#12630,.T.);
#12630 = EDGE_LOOP('',(#12631));
#12631 = ORIENTED_EDGE('',*,*,#12632,.T.);
#12632 = EDGE_CURVE('',#12633,#12633,#12635,.T.);
#12633 = VERTEX_POINT('',#12634);
#12634 = CARTESIAN_POINT('',(85.,-97.35,1.51));
#12635 = CIRCLE('',#12636,1.35);
#12636 = AXIS2_PLACEMENT_3D('',#12637,#12638,#12639);
#12637 = CARTESIAN_POINT('',(85.,-96.,1.51));
#12638 = DIRECTION('',(-0.,0.,-1.));
#12639 = DIRECTION('',(-0.,-1.,0.));
#12640 = FACE_BOUND('',#12641,.T.);
#12641 = EDGE_LOOP('',(#12642));
#12642 = ORIENTED_EDGE('',*,*,#12643,.T.);
#12643 = EDGE_CURVE('',#12644,#12644,#12646,.T.);
#12644 = VERTEX_POINT('',#12645);
#12645 = CARTESIAN_POINT('',(85.,-92.35,1.51));
#12646 = CIRCLE('',#12647,1.35);
#12647 = AXIS2_PLACEMENT_3D('',#12648,#12649,#12650);
#12648 = CARTESIAN_POINT('',(85.,-91.,1.51));
#12649 = DIRECTION('',(-0.,0.,-1.));
#12650 = DIRECTION('',(-0.,-1.,0.));
#12651 = FACE_BOUND('',#12652,.T.);
#12652 = EDGE_LOOP('',(#12653));
#12653 = ORIENTED_EDGE('',*,*,#12654,.T.);
#12654 = EDGE_CURVE('',#12655,#12655,#12657,.T.);
#12655 = VERTEX_POINT('',#12656);
#12656 = CARTESIAN_POINT('',(85.,-82.95,1.51));
#12657 = CIRCLE('',#12658,0.45);
#12658 = AXIS2_PLACEMENT_3D('',#12659,#12660,#12661);
#12659 = CARTESIAN_POINT('',(85.,-82.5,1.51));
#12660 = DIRECTION('',(-0.,0.,-1.));
#12661 = DIRECTION('',(-0.,-1.,0.));
#12662 = FACE_BOUND('',#12663,.T.);
#12663 = EDGE_LOOP('',(#12664));
#12664 = ORIENTED_EDGE('',*,*,#12665,.T.);
#12665 = EDGE_CURVE('',#12666,#12666,#12668,.T.);
#12666 = VERTEX_POINT('',#12667);
#12667 = CARTESIAN_POINT('',(50.,-75.5,1.51));
#12668 = CIRCLE('',#12669,0.5);
#12669 = AXIS2_PLACEMENT_3D('',#12670,#12671,#12672);
#12670 = CARTESIAN_POINT('',(50.,-75.,1.51));
#12671 = DIRECTION('',(-0.,0.,-1.));
#12672 = DIRECTION('',(-0.,-1.,0.));
#12673 = FACE_BOUND('',#12674,.T.);
#12674 = EDGE_LOOP('',(#12675));
#12675 = ORIENTED_EDGE('',*,*,#12676,.T.);
#12676 = EDGE_CURVE('',#12677,#12677,#12679,.T.);
#12677 = VERTEX_POINT('',#12678);
#12678 = CARTESIAN_POINT('',(60.,-75.5,1.51));
#12679 = CIRCLE('',#12680,0.5);
#12680 = AXIS2_PLACEMENT_3D('',#12681,#12682,#12683);
#12681 = CARTESIAN_POINT('',(60.,-75.,1.51));
#12682 = DIRECTION('',(-0.,0.,-1.));
#12683 = DIRECTION('',(-0.,-1.,0.));
#12684 = FACE_BOUND('',#12685,.T.);
#12685 = EDGE_LOOP('',(#12686));
#12686 = ORIENTED_EDGE('',*,*,#12687,.T.);
#12687 = EDGE_CURVE('',#12688,#12688,#12690,.T.);
#12688 = VERTEX_POINT('',#12689);
#12689 = CARTESIAN_POINT('',(50.,-73.,1.51));
#12690 = CIRCLE('',#12691,0.5);
#12691 = AXIS2_PLACEMENT_3D('',#12692,#12693,#12694);
#12692 = CARTESIAN_POINT('',(50.,-72.5,1.51));
#12693 = DIRECTION('',(-0.,0.,-1.));
#12694 = DIRECTION('',(-0.,-1.,0.));
#12695 = FACE_BOUND('',#12696,.T.);
#12696 = EDGE_LOOP('',(#12697));
#12697 = ORIENTED_EDGE('',*,*,#12698,.T.);
#12698 = EDGE_CURVE('',#12699,#12699,#12701,.T.);
#12699 = VERTEX_POINT('',#12700);
#12700 = CARTESIAN_POINT('',(50.,-65.5,1.51));
#12701 = CIRCLE('',#12702,0.5);
#12702 = AXIS2_PLACEMENT_3D('',#12703,#12704,#12705);
#12703 = CARTESIAN_POINT('',(50.,-65.,1.51));
#12704 = DIRECTION('',(-0.,0.,-1.));
#12705 = DIRECTION('',(-0.,-1.,0.));
#12706 = FACE_BOUND('',#12707,.T.);
#12707 = EDGE_LOOP('',(#12708));
#12708 = ORIENTED_EDGE('',*,*,#12709,.T.);
#12709 = EDGE_CURVE('',#12710,#12710,#12712,.T.);
#12710 = VERTEX_POINT('',#12711);
#12711 = CARTESIAN_POINT('',(60.,-73.,1.51));
#12712 = CIRCLE('',#12713,0.5);
#12713 = AXIS2_PLACEMENT_3D('',#12714,#12715,#12716);
#12714 = CARTESIAN_POINT('',(60.,-72.5,1.51));
#12715 = DIRECTION('',(-0.,0.,-1.));
#12716 = DIRECTION('',(-0.,-1.,0.));
#12717 = FACE_BOUND('',#12718,.T.);
#12718 = EDGE_LOOP('',(#12719));
#12719 = ORIENTED_EDGE('',*,*,#12720,.T.);
#12720 = EDGE_CURVE('',#12721,#12721,#12723,.T.);
#12721 = VERTEX_POINT('',#12722);
#12722 = CARTESIAN_POINT('',(85.,-80.41,1.51));
#12723 = CIRCLE('',#12724,0.45);
#12724 = AXIS2_PLACEMENT_3D('',#12725,#12726,#12727);
#12725 = CARTESIAN_POINT('',(85.,-79.96,1.51));
#12726 = DIRECTION('',(-0.,0.,-1.));
#12727 = DIRECTION('',(-0.,-1.,0.));
#12728 = FACE_BOUND('',#12729,.T.);
#12729 = EDGE_LOOP('',(#12730));
#12730 = ORIENTED_EDGE('',*,*,#12731,.T.);
#12731 = EDGE_CURVE('',#12732,#12732,#12734,.T.);
#12732 = VERTEX_POINT('',#12733);
#12733 = CARTESIAN_POINT('',(82.,-77.98,1.51));
#12734 = CIRCLE('',#12735,0.4);
#12735 = AXIS2_PLACEMENT_3D('',#12736,#12737,#12738);
#12736 = CARTESIAN_POINT('',(82.,-77.58,1.51));
#12737 = DIRECTION('',(-0.,0.,-1.));
#12738 = DIRECTION('',(-0.,-1.,0.));
#12739 = FACE_BOUND('',#12740,.T.);
#12740 = EDGE_LOOP('',(#12741));
#12741 = ORIENTED_EDGE('',*,*,#12742,.T.);
#12742 = EDGE_CURVE('',#12743,#12743,#12745,.T.);
#12743 = VERTEX_POINT('',#12744);
#12744 = CARTESIAN_POINT('',(74.,-65.55,1.51));
#12745 = CIRCLE('',#12746,0.55);
#12746 = AXIS2_PLACEMENT_3D('',#12747,#12748,#12749);
#12747 = CARTESIAN_POINT('',(74.,-65.,1.51));
#12748 = DIRECTION('',(-0.,0.,-1.));
#12749 = DIRECTION('',(-0.,-1.,0.));
#12750 = FACE_BOUND('',#12751,.T.);
#12751 = EDGE_LOOP('',(#12752));
#12752 = ORIENTED_EDGE('',*,*,#12753,.T.);
#12753 = EDGE_CURVE('',#12754,#12754,#12756,.T.);
#12754 = VERTEX_POINT('',#12755);
#12755 = CARTESIAN_POINT('',(76.29,-65.55,1.51));
#12756 = CIRCLE('',#12757,0.55);
#12757 = AXIS2_PLACEMENT_3D('',#12758,#12759,#12760);
#12758 = CARTESIAN_POINT('',(76.29,-65.,1.51));
#12759 = DIRECTION('',(-0.,0.,-1.));
#12760 = DIRECTION('',(2.5837917664E-14,-1.,-0.));
#12761 = FACE_BOUND('',#12762,.T.);
#12762 = EDGE_LOOP('',(#12763));
#12763 = ORIENTED_EDGE('',*,*,#12764,.T.);
#12764 = EDGE_CURVE('',#12765,#12765,#12767,.T.);
#12765 = VERTEX_POINT('',#12766);
#12766 = CARTESIAN_POINT('',(78.58,-65.55,1.51));
#12767 = CIRCLE('',#12768,0.55);
#12768 = AXIS2_PLACEMENT_3D('',#12769,#12770,#12771);
#12769 = CARTESIAN_POINT('',(78.58,-65.,1.51));
#12770 = DIRECTION('',(-0.,0.,-1.));
#12771 = DIRECTION('',(-0.,-1.,0.));
#12772 = FACE_BOUND('',#12773,.T.);
#12773 = EDGE_LOOP('',(#12774));
#12774 = ORIENTED_EDGE('',*,*,#12775,.T.);
#12775 = EDGE_CURVE('',#12776,#12776,#12778,.T.);
#12776 = VERTEX_POINT('',#12777);
#12777 = CARTESIAN_POINT('',(82.,-67.82,1.51));
#12778 = CIRCLE('',#12779,0.4);
#12779 = AXIS2_PLACEMENT_3D('',#12780,#12781,#12782);
#12780 = CARTESIAN_POINT('',(82.,-67.42,1.51));
#12781 = DIRECTION('',(-0.,0.,-1.));
#12782 = DIRECTION('',(-0.,-1.,0.));
#12783 = FACE_BOUND('',#12784,.T.);
#12784 = EDGE_LOOP('',(#12785));
#12785 = ORIENTED_EDGE('',*,*,#12786,.T.);
#12786 = EDGE_CURVE('',#12787,#12787,#12789,.T.);
#12787 = VERTEX_POINT('',#12788);
#12788 = CARTESIAN_POINT('',(95.,-97.35,1.51));
#12789 = CIRCLE('',#12790,1.35);
#12790 = AXIS2_PLACEMENT_3D('',#12791,#12792,#12793);
#12791 = CARTESIAN_POINT('',(95.,-96.,1.51));
#12792 = DIRECTION('',(-0.,0.,-1.));
#12793 = DIRECTION('',(-0.,-1.,0.));
#12794 = FACE_BOUND('',#12795,.T.);
#12795 = EDGE_LOOP('',(#12796));
#12796 = ORIENTED_EDGE('',*,*,#12797,.T.);
#12797 = EDGE_CURVE('',#12798,#12798,#12800,.T.);
#12798 = VERTEX_POINT('',#12799);
#12799 = CARTESIAN_POINT('',(95.,-92.35,1.51));
#12800 = CIRCLE('',#12801,1.35);
#12801 = AXIS2_PLACEMENT_3D('',#12802,#12803,#12804);
#12802 = CARTESIAN_POINT('',(95.,-91.,1.51));
#12803 = DIRECTION('',(-0.,0.,-1.));
#12804 = DIRECTION('',(-0.,-1.,0.));
#12805 = FACE_BOUND('',#12806,.T.);
#12806 = EDGE_LOOP('',(#12807));
#12807 = ORIENTED_EDGE('',*,*,#12808,.T.);
#12808 = EDGE_CURVE('',#12809,#12809,#12811,.T.);
#12809 = VERTEX_POINT('',#12810);
#12810 = CARTESIAN_POINT('',(105.,-97.35,1.51));
#12811 = CIRCLE('',#12812,1.35);
#12812 = AXIS2_PLACEMENT_3D('',#12813,#12814,#12815);
#12813 = CARTESIAN_POINT('',(105.,-96.,1.51));
#12814 = DIRECTION('',(-0.,0.,-1.));
#12815 = DIRECTION('',(-0.,-1.,0.));
#12816 = FACE_BOUND('',#12817,.T.);
#12817 = EDGE_LOOP('',(#12818));
#12818 = ORIENTED_EDGE('',*,*,#12819,.T.);
#12819 = EDGE_CURVE('',#12820,#12820,#12822,.T.);
#12820 = VERTEX_POINT('',#12821);
#12821 = CARTESIAN_POINT('',(105.,-92.35,1.51));
#12822 = CIRCLE('',#12823,1.35);
#12823 = AXIS2_PLACEMENT_3D('',#12824,#12825,#12826);
#12824 = CARTESIAN_POINT('',(105.,-91.,1.51));
#12825 = DIRECTION('',(-0.,0.,-1.));
#12826 = DIRECTION('',(-0.,-1.,0.));
#12827 = FACE_BOUND('',#12828,.T.);
#12828 = EDGE_LOOP('',(#12829));
#12829 = ORIENTED_EDGE('',*,*,#12830,.T.);
#12830 = EDGE_CURVE('',#12831,#12831,#12833,.T.);
#12831 = VERTEX_POINT('',#12832);
#12832 = CARTESIAN_POINT('',(90.,-82.99,1.51));
#12833 = CIRCLE('',#12834,0.45);
#12834 = AXIS2_PLACEMENT_3D('',#12835,#12836,#12837);
#12835 = CARTESIAN_POINT('',(90.,-82.54,1.51));
#12836 = DIRECTION('',(-0.,0.,-1.));
#12837 = DIRECTION('',(-0.,-1.,0.));
#12838 = FACE_BOUND('',#12839,.T.);
#12839 = EDGE_LOOP('',(#12840));
#12840 = ORIENTED_EDGE('',*,*,#12841,.T.);
#12841 = EDGE_CURVE('',#12842,#12842,#12844,.T.);
#12842 = VERTEX_POINT('',#12843);
#12843 = CARTESIAN_POINT('',(95.,-82.99,1.51));
#12844 = CIRCLE('',#12845,0.45);
#12845 = AXIS2_PLACEMENT_3D('',#12846,#12847,#12848);
#12846 = CARTESIAN_POINT('',(95.,-82.54,1.51));
#12847 = DIRECTION('',(-0.,0.,-1.));
#12848 = DIRECTION('',(-0.,-1.,0.));
#12849 = FACE_BOUND('',#12850,.T.);
#12850 = EDGE_LOOP('',(#12851));
#12851 = ORIENTED_EDGE('',*,*,#12852,.T.);
#12852 = EDGE_CURVE('',#12853,#12853,#12855,.T.);
#12853 = VERTEX_POINT('',#12854);
#12854 = CARTESIAN_POINT('',(115.,-97.35,1.51));
#12855 = CIRCLE('',#12856,1.35);
#12856 = AXIS2_PLACEMENT_3D('',#12857,#12858,#12859);
#12857 = CARTESIAN_POINT('',(115.,-96.,1.51));
#12858 = DIRECTION('',(-0.,0.,-1.));
#12859 = DIRECTION('',(-0.,-1.,0.));
#12860 = FACE_BOUND('',#12861,.T.);
#12861 = EDGE_LOOP('',(#12862));
#12862 = ORIENTED_EDGE('',*,*,#12863,.T.);
#12863 = EDGE_CURVE('',#12864,#12864,#12866,.T.);
#12864 = VERTEX_POINT('',#12865);
#12865 = CARTESIAN_POINT('',(115.,-92.35,1.51));
#12866 = CIRCLE('',#12867,1.35);
#12867 = AXIS2_PLACEMENT_3D('',#12868,#12869,#12870);
#12868 = CARTESIAN_POINT('',(115.,-91.,1.51));
#12869 = DIRECTION('',(-0.,0.,-1.));
#12870 = DIRECTION('',(-0.,-1.,0.));
#12871 = FACE_BOUND('',#12872,.T.);
#12872 = EDGE_LOOP('',(#12873));
#12873 = ORIENTED_EDGE('',*,*,#12874,.F.);
#12874 = EDGE_CURVE('',#12875,#12875,#12877,.T.);
#12875 = VERTEX_POINT('',#12876);
#12876 = CARTESIAN_POINT('',(126.67,-95.,1.51));
#12877 = CIRCLE('',#12878,1.67);
#12878 = AXIS2_PLACEMENT_3D('',#12879,#12880,#12881);
#12879 = CARTESIAN_POINT('',(125.,-95.,1.51));
#12880 = DIRECTION('',(0.,0.,1.));
#12881 = DIRECTION('',(1.,0.,-0.));
#12882 = FACE_BOUND('',#12883,.T.);
#12883 = EDGE_LOOP('',(#12884));
#12884 = ORIENTED_EDGE('',*,*,#12885,.T.);
#12885 = EDGE_CURVE('',#12886,#12886,#12888,.T.);
#12886 = VERTEX_POINT('',#12887);
#12887 = CARTESIAN_POINT('',(90.,-80.45,1.51));
#12888 = CIRCLE('',#12889,0.45);
#12889 = AXIS2_PLACEMENT_3D('',#12890,#12891,#12892);
#12890 = CARTESIAN_POINT('',(90.,-80.,1.51));
#12891 = DIRECTION('',(-0.,0.,-1.));
#12892 = DIRECTION('',(-0.,-1.,0.));
#12893 = FACE_BOUND('',#12894,.T.);
#12894 = EDGE_LOOP('',(#12895));
#12895 = ORIENTED_EDGE('',*,*,#12896,.T.);
#12896 = EDGE_CURVE('',#12897,#12897,#12899,.T.);
#12897 = VERTEX_POINT('',#12898);
#12898 = CARTESIAN_POINT('',(86.,-77.98,1.51));
#12899 = CIRCLE('',#12900,0.4);
#12900 = AXIS2_PLACEMENT_3D('',#12901,#12902,#12903);
#12901 = CARTESIAN_POINT('',(86.,-77.58,1.51));
#12902 = DIRECTION('',(-0.,0.,-1.));
#12903 = DIRECTION('',(-0.,-1.,0.));
#12904 = FACE_BOUND('',#12905,.T.);
#12905 = EDGE_LOOP('',(#12906));
#12906 = ORIENTED_EDGE('',*,*,#12907,.T.);
#12907 = EDGE_CURVE('',#12908,#12908,#12910,.T.);
#12908 = VERTEX_POINT('',#12909);
#12909 = CARTESIAN_POINT('',(90.,-77.98,1.51));
#12910 = CIRCLE('',#12911,0.4);
#12911 = AXIS2_PLACEMENT_3D('',#12912,#12913,#12914);
#12912 = CARTESIAN_POINT('',(90.,-77.58,1.51));
#12913 = DIRECTION('',(-0.,0.,-1.));
#12914 = DIRECTION('',(-0.,-1.,0.));
#12915 = FACE_BOUND('',#12916,.T.);
#12916 = EDGE_LOOP('',(#12917));
#12917 = ORIENTED_EDGE('',*,*,#12918,.T.);
#12918 = EDGE_CURVE('',#12919,#12919,#12921,.T.);
#12919 = VERTEX_POINT('',#12920);
#12920 = CARTESIAN_POINT('',(95.,-80.45,1.51));
#12921 = CIRCLE('',#12922,0.45);
#12922 = AXIS2_PLACEMENT_3D('',#12923,#12924,#12925);
#12923 = CARTESIAN_POINT('',(95.,-80.,1.51));
#12924 = DIRECTION('',(-0.,0.,-1.));
#12925 = DIRECTION('',(-0.,-1.,0.));
#12926 = FACE_BOUND('',#12927,.T.);
#12927 = EDGE_LOOP('',(#12928));
#12928 = ORIENTED_EDGE('',*,*,#12929,.T.);
#12929 = EDGE_CURVE('',#12930,#12930,#12932,.T.);
#12930 = VERTEX_POINT('',#12931);
#12931 = CARTESIAN_POINT('',(94.,-77.98,1.51));
#12932 = CIRCLE('',#12933,0.4);
#12933 = AXIS2_PLACEMENT_3D('',#12934,#12935,#12936);
#12934 = CARTESIAN_POINT('',(94.,-77.58,1.51));
#12935 = DIRECTION('',(-0.,0.,-1.));
#12936 = DIRECTION('',(-0.,-1.,0.));
#12937 = FACE_BOUND('',#12938,.T.);
#12938 = EDGE_LOOP('',(#12939));
#12939 = ORIENTED_EDGE('',*,*,#12940,.T.);
#12940 = EDGE_CURVE('',#12941,#12941,#12943,.T.);
#12941 = VERTEX_POINT('',#12942);
#12942 = CARTESIAN_POINT('',(100.,-81.5,1.51));
#12943 = CIRCLE('',#12944,0.5);
#12944 = AXIS2_PLACEMENT_3D('',#12945,#12946,#12947);
#12945 = CARTESIAN_POINT('',(100.,-81.,1.51));
#12946 = DIRECTION('',(-0.,0.,-1.));
#12947 = DIRECTION('',(-0.,-1.,0.));
#12948 = FACE_BOUND('',#12949,.T.);
#12949 = EDGE_LOOP('',(#12950));
#12950 = ORIENTED_EDGE('',*,*,#12951,.T.);
#12951 = EDGE_CURVE('',#12952,#12952,#12954,.T.);
#12952 = VERTEX_POINT('',#12953);
#12953 = CARTESIAN_POINT('',(105.,-81.5,1.51));
#12954 = CIRCLE('',#12955,0.5);
#12955 = AXIS2_PLACEMENT_3D('',#12956,#12957,#12958);
#12956 = CARTESIAN_POINT('',(105.,-81.,1.51));
#12957 = DIRECTION('',(-0.,0.,-1.));
#12958 = DIRECTION('',(-0.,-1.,0.));
#12959 = FACE_BOUND('',#12960,.T.);
#12960 = EDGE_LOOP('',(#12961));
#12961 = ORIENTED_EDGE('',*,*,#12962,.T.);
#12962 = EDGE_CURVE('',#12963,#12963,#12965,.T.);
#12963 = VERTEX_POINT('',#12964);
#12964 = CARTESIAN_POINT('',(106.25,-74.05,1.51));
#12965 = CIRCLE('',#12966,1.);
#12966 = AXIS2_PLACEMENT_3D('',#12967,#12968,#12969);
#12967 = CARTESIAN_POINT('',(106.25,-73.05,1.51));
#12968 = DIRECTION('',(-0.,0.,-1.));
#12969 = DIRECTION('',(-0.,-1.,0.));
#12970 = FACE_BOUND('',#12971,.T.);
#12971 = EDGE_LOOP('',(#12972));
#12972 = ORIENTED_EDGE('',*,*,#12973,.T.);
#12973 = EDGE_CURVE('',#12974,#12974,#12976,.T.);
#12974 = VERTEX_POINT('',#12975);
#12975 = CARTESIAN_POINT('',(86.,-67.82,1.51));
#12976 = CIRCLE('',#12977,0.4);
#12977 = AXIS2_PLACEMENT_3D('',#12978,#12979,#12980);
#12978 = CARTESIAN_POINT('',(86.,-67.42,1.51));
#12979 = DIRECTION('',(-0.,0.,-1.));
#12980 = DIRECTION('',(-0.,-1.,0.));
#12981 = FACE_BOUND('',#12982,.T.);
#12982 = EDGE_LOOP('',(#12983));
#12983 = ORIENTED_EDGE('',*,*,#12984,.T.);
#12984 = EDGE_CURVE('',#12985,#12985,#12987,.T.);
#12985 = VERTEX_POINT('',#12986);
#12986 = CARTESIAN_POINT('',(90.,-67.82,1.51));
#12987 = CIRCLE('',#12988,0.4);
#12988 = AXIS2_PLACEMENT_3D('',#12989,#12990,#12991);
#12989 = CARTESIAN_POINT('',(90.,-67.42,1.51));
#12990 = DIRECTION('',(-0.,0.,-1.));
#12991 = DIRECTION('',(-0.,-1.,0.));
#12992 = FACE_BOUND('',#12993,.T.);
#12993 = EDGE_LOOP('',(#12994));
#12994 = ORIENTED_EDGE('',*,*,#12995,.T.);
#12995 = EDGE_CURVE('',#12996,#12996,#12998,.T.);
#12996 = VERTEX_POINT('',#12997);
#12997 = CARTESIAN_POINT('',(94.,-67.82,1.51));
#12998 = CIRCLE('',#12999,0.4);
#12999 = AXIS2_PLACEMENT_3D('',#13000,#13001,#13002);
#13000 = CARTESIAN_POINT('',(94.,-67.42,1.51));
#13001 = DIRECTION('',(-0.,0.,-1.));
#13002 = DIRECTION('',(-0.,-1.,0.));
#13003 = FACE_BOUND('',#13004,.T.);
#13004 = EDGE_LOOP('',(#13005,#13016,#13024,#13033));
#13005 = ORIENTED_EDGE('',*,*,#13006,.T.);
#13006 = EDGE_CURVE('',#13007,#13009,#13011,.T.);
#13007 = VERTEX_POINT('',#13008);
#13008 = CARTESIAN_POINT('',(97.75,-68.25,1.51));
#13009 = VERTEX_POINT('',#13010);
#13010 = CARTESIAN_POINT('',(96.05,-68.25,1.51));
#13011 = CIRCLE('',#13012,0.85);
#13012 = AXIS2_PLACEMENT_3D('',#13013,#13014,#13015);
#13013 = CARTESIAN_POINT('',(96.9,-68.25,1.51));
#13014 = DIRECTION('',(-0.,0.,-1.));
#13015 = DIRECTION('',(-1.,-1.671865260612E-14,0.));
#13016 = ORIENTED_EDGE('',*,*,#13017,.T.);
#13017 = EDGE_CURVE('',#13009,#13018,#13020,.T.);
#13018 = VERTEX_POINT('',#13019);
#13019 = CARTESIAN_POINT('',(96.05,-65.85,1.51));
#13020 = LINE('',#13021,#13022);
#13021 = CARTESIAN_POINT('',(96.05,-32.925,1.51));
#13022 = VECTOR('',#13023,1.);
#13023 = DIRECTION('',(-0.,1.,0.));
#13024 = ORIENTED_EDGE('',*,*,#13025,.T.);
#13025 = EDGE_CURVE('',#13018,#13026,#13028,.T.);
#13026 = VERTEX_POINT('',#13027);
#13027 = CARTESIAN_POINT('',(97.75,-65.85,1.51));
#13028 = CIRCLE('',#13029,0.85);
#13029 = AXIS2_PLACEMENT_3D('',#13030,#13031,#13032);
#13030 = CARTESIAN_POINT('',(96.9,-65.85,1.51));
#13031 = DIRECTION('',(0.,-0.,-1.));
#13032 = DIRECTION('',(1.,1.671865260612E-14,-0.));
#13033 = ORIENTED_EDGE('',*,*,#13034,.T.);
#13034 = EDGE_CURVE('',#13026,#13007,#13035,.T.);
#13035 = LINE('',#13036,#13037);
#13036 = CARTESIAN_POINT('',(97.75,-34.125,1.51));
#13037 = VECTOR('',#13038,1.);
#13038 = DIRECTION('',(0.,-1.,0.));
#13039 = FACE_BOUND('',#13040,.T.);
#13040 = EDGE_LOOP('',(#13041));
#13041 = ORIENTED_EDGE('',*,*,#13042,.T.);
#13042 = EDGE_CURVE('',#13043,#13043,#13045,.T.);
#13043 = VERTEX_POINT('',#13044);
#13044 = CARTESIAN_POINT('',(111.,-81.5,1.51));
#13045 = CIRCLE('',#13046,0.5);
#13046 = AXIS2_PLACEMENT_3D('',#13047,#13048,#13049);
#13047 = CARTESIAN_POINT('',(111.,-81.,1.51));
#13048 = DIRECTION('',(-0.,0.,-1.));
#13049 = DIRECTION('',(-0.,-1.,0.));
#13050 = FACE_BOUND('',#13051,.T.);
#13051 = EDGE_LOOP('',(#13052));
#13052 = ORIENTED_EDGE('',*,*,#13053,.T.);
#13053 = EDGE_CURVE('',#13054,#13054,#13056,.T.);
#13054 = VERTEX_POINT('',#13055);
#13055 = CARTESIAN_POINT('',(116.,-81.5,1.51));
#13056 = CIRCLE('',#13057,0.5);
#13057 = AXIS2_PLACEMENT_3D('',#13058,#13059,#13060);
#13058 = CARTESIAN_POINT('',(116.,-81.,1.51));
#13059 = DIRECTION('',(-0.,0.,-1.));
#13060 = DIRECTION('',(-0.,-1.,0.));
#13061 = FACE_BOUND('',#13062,.T.);
#13062 = EDGE_LOOP('',(#13063));
#13063 = ORIENTED_EDGE('',*,*,#13064,.T.);
#13064 = EDGE_CURVE('',#13065,#13065,#13067,.T.);
#13065 = VERTEX_POINT('',#13066);
#13066 = CARTESIAN_POINT('',(123.,-70.5,1.51));
#13067 = CIRCLE('',#13068,0.5);
#13068 = AXIS2_PLACEMENT_3D('',#13069,#13070,#13071);
#13069 = CARTESIAN_POINT('',(123.,-70.,1.51));
#13070 = DIRECTION('',(-0.,0.,-1.));
#13071 = DIRECTION('',(-0.,-1.,0.));
#13072 = FACE_BOUND('',#13073,.T.);
#13073 = EDGE_LOOP('',(#13074));
#13074 = ORIENTED_EDGE('',*,*,#13075,.T.);
#13075 = EDGE_CURVE('',#13076,#13076,#13078,.T.);
#13076 = VERTEX_POINT('',#13077);
#13077 = CARTESIAN_POINT('',(128.,-70.5,1.51));
#13078 = CIRCLE('',#13079,0.5);
#13079 = AXIS2_PLACEMENT_3D('',#13080,#13081,#13082);
#13080 = CARTESIAN_POINT('',(128.,-70.,1.51));
#13081 = DIRECTION('',(-0.,0.,-1.));
#13082 = DIRECTION('',(-0.,-1.,0.));
#13083 = FACE_BOUND('',#13084,.T.);
#13084 = EDGE_LOOP('',(#13085,#13096,#13104,#13113));
#13085 = ORIENTED_EDGE('',*,*,#13086,.T.);
#13086 = EDGE_CURVE('',#13087,#13089,#13091,.T.);
#13087 = VERTEX_POINT('',#13088);
#13088 = CARTESIAN_POINT('',(118.95,-68.25,1.51));
#13089 = VERTEX_POINT('',#13090);
#13090 = CARTESIAN_POINT('',(117.25,-68.25,1.51));
#13091 = CIRCLE('',#13092,0.85);
#13092 = AXIS2_PLACEMENT_3D('',#13093,#13094,#13095);
#13093 = CARTESIAN_POINT('',(118.1,-68.25,1.51));
#13094 = DIRECTION('',(-0.,0.,-1.));
#13095 = DIRECTION('',(-1.,-1.671865260612E-14,0.));
#13096 = ORIENTED_EDGE('',*,*,#13097,.T.);
#13097 = EDGE_CURVE('',#13089,#13098,#13100,.T.);
#13098 = VERTEX_POINT('',#13099);
#13099 = CARTESIAN_POINT('',(117.25,-65.85,1.51));
#13100 = LINE('',#13101,#13102);
#13101 = CARTESIAN_POINT('',(117.25,-32.925,1.51));
#13102 = VECTOR('',#13103,1.);
#13103 = DIRECTION('',(-0.,1.,0.));
#13104 = ORIENTED_EDGE('',*,*,#13105,.T.);
#13105 = EDGE_CURVE('',#13098,#13106,#13108,.T.);
#13106 = VERTEX_POINT('',#13107);
#13107 = CARTESIAN_POINT('',(118.95,-65.85,1.51));
#13108 = CIRCLE('',#13109,0.85);
#13109 = AXIS2_PLACEMENT_3D('',#13110,#13111,#13112);
#13110 = CARTESIAN_POINT('',(118.1,-65.85,1.51));
#13111 = DIRECTION('',(0.,-0.,-1.));
#13112 = DIRECTION('',(1.,1.671865260612E-14,-0.));
#13113 = ORIENTED_EDGE('',*,*,#13114,.T.);
#13114 = EDGE_CURVE('',#13106,#13087,#13115,.T.);
#13115 = LINE('',#13116,#13117);
#13116 = CARTESIAN_POINT('',(118.95,-34.125,1.51));
#13117 = VECTOR('',#13118,1.);
#13118 = DIRECTION('',(0.,-1.,0.));
#13119 = FACE_BOUND('',#13120,.T.);
#13120 = EDGE_LOOP('',(#13121));
#13121 = ORIENTED_EDGE('',*,*,#13122,.T.);
#13122 = EDGE_CURVE('',#13123,#13123,#13125,.T.);
#13123 = VERTEX_POINT('',#13124);
#13124 = CARTESIAN_POINT('',(50.,-63.,1.51));
#13125 = CIRCLE('',#13126,0.5);
#13126 = AXIS2_PLACEMENT_3D('',#13127,#13128,#13129);
#13127 = CARTESIAN_POINT('',(50.,-62.5,1.51));
#13128 = DIRECTION('',(-0.,0.,-1.));
#13129 = DIRECTION('',(-0.,-1.,0.));
#13130 = FACE_BOUND('',#13131,.T.);
#13131 = EDGE_LOOP('',(#13132));
#13132 = ORIENTED_EDGE('',*,*,#13133,.T.);
#13133 = EDGE_CURVE('',#13134,#13134,#13136,.T.);
#13134 = VERTEX_POINT('',#13135);
#13135 = CARTESIAN_POINT('',(63.84,-60.4,1.51));
#13136 = CIRCLE('',#13137,0.4);
#13137 = AXIS2_PLACEMENT_3D('',#13138,#13139,#13140);
#13138 = CARTESIAN_POINT('',(63.84,-60.,1.51));
#13139 = DIRECTION('',(-0.,0.,-1.));
#13140 = DIRECTION('',(1.7763568394E-14,-1.,-0.));
#13141 = FACE_BOUND('',#13142,.T.);
#13142 = EDGE_LOOP('',(#13143,#13154,#13162,#13171));
#13143 = ORIENTED_EDGE('',*,*,#13144,.T.);
#13144 = EDGE_CURVE('',#13145,#13147,#13149,.T.);
#13145 = VERTEX_POINT('',#13146);
#13146 = CARTESIAN_POINT('',(54.55,-52.85,1.51));
#13147 = VERTEX_POINT('',#13148);
#13148 = CARTESIAN_POINT('',(54.55,-53.45,1.51));
#13149 = CIRCLE('',#13150,0.3);
#13150 = AXIS2_PLACEMENT_3D('',#13151,#13152,#13153);
#13151 = CARTESIAN_POINT('',(54.55,-53.15,1.51));
#13152 = DIRECTION('',(-0.,0.,-1.));
#13153 = DIRECTION('',(-2.368475785867E-14,-1.,0.));
#13154 = ORIENTED_EDGE('',*,*,#13155,.T.);
#13155 = EDGE_CURVE('',#13147,#13156,#13158,.T.);
#13156 = VERTEX_POINT('',#13157);
#13157 = CARTESIAN_POINT('',(53.45,-53.45,1.51));
#13158 = LINE('',#13159,#13160);
#13159 = CARTESIAN_POINT('',(26.725,-53.45,1.51));
#13160 = VECTOR('',#13161,1.);
#13161 = DIRECTION('',(-1.,0.,0.));
#13162 = ORIENTED_EDGE('',*,*,#13163,.T.);
#13163 = EDGE_CURVE('',#13156,#13164,#13166,.T.);
#13164 = VERTEX_POINT('',#13165);
#13165 = CARTESIAN_POINT('',(53.45,-52.85,1.51));
#13166 = CIRCLE('',#13167,0.3);
#13167 = AXIS2_PLACEMENT_3D('',#13168,#13169,#13170);
#13168 = CARTESIAN_POINT('',(53.45,-53.15,1.51));
#13169 = DIRECTION('',(0.,-0.,-1.));
#13170 = DIRECTION('',(2.368475785867E-14,1.,-0.));
#13171 = ORIENTED_EDGE('',*,*,#13172,.T.);
#13172 = EDGE_CURVE('',#13164,#13145,#13173,.T.);
#13173 = LINE('',#13174,#13175);
#13174 = CARTESIAN_POINT('',(27.275,-52.85,1.51));
#13175 = VECTOR('',#13176,1.);
#13176 = DIRECTION('',(1.,0.,-0.));
#13177 = FACE_BOUND('',#13178,.T.);
#13178 = EDGE_LOOP('',(#13179));
#13179 = ORIENTED_EDGE('',*,*,#13180,.T.);
#13180 = EDGE_CURVE('',#13181,#13181,#13183,.T.);
#13181 = VERTEX_POINT('',#13182);
#13182 = CARTESIAN_POINT('',(60.,-51.35,1.51));
#13183 = CIRCLE('',#13184,1.35);
#13184 = AXIS2_PLACEMENT_3D('',#13185,#13186,#13187);
#13185 = CARTESIAN_POINT('',(60.,-50.,1.51));
#13186 = DIRECTION('',(-0.,0.,-1.));
#13187 = DIRECTION('',(-0.,-1.,0.));
#13188 = FACE_BOUND('',#13189,.T.);
#13189 = EDGE_LOOP('',(#13190));
#13190 = ORIENTED_EDGE('',*,*,#13191,.T.);
#13191 = EDGE_CURVE('',#13192,#13192,#13194,.T.);
#13192 = VERTEX_POINT('',#13193);
#13193 = CARTESIAN_POINT('',(63.84,-50.4,1.51));
#13194 = CIRCLE('',#13195,0.4);
#13195 = AXIS2_PLACEMENT_3D('',#13196,#13197,#13198);
#13196 = CARTESIAN_POINT('',(63.84,-50.,1.51));
#13197 = DIRECTION('',(-0.,0.,-1.));
#13198 = DIRECTION('',(1.7763568394E-14,-1.,-0.));
#13199 = FACE_BOUND('',#13200,.T.);
#13200 = EDGE_LOOP('',(#13201));
#13201 = ORIENTED_EDGE('',*,*,#13202,.T.);
#13202 = EDGE_CURVE('',#13203,#13203,#13205,.T.);
#13203 = VERTEX_POINT('',#13204);
#13204 = CARTESIAN_POINT('',(74.,-60.4,1.51));
#13205 = CIRCLE('',#13206,0.4);
#13206 = AXIS2_PLACEMENT_3D('',#13207,#13208,#13209);
#13207 = CARTESIAN_POINT('',(74.,-60.,1.51));
#13208 = DIRECTION('',(-0.,0.,-1.));
#13209 = DIRECTION('',(-0.,-1.,0.));
#13210 = FACE_BOUND('',#13211,.T.);
#13211 = EDGE_LOOP('',(#13212));
#13212 = ORIENTED_EDGE('',*,*,#13213,.T.);
#13213 = EDGE_CURVE('',#13214,#13214,#13216,.T.);
#13214 = VERTEX_POINT('',#13215);
#13215 = CARTESIAN_POINT('',(74.,-50.4,1.51));
#13216 = CIRCLE('',#13217,0.4);
#13217 = AXIS2_PLACEMENT_3D('',#13218,#13219,#13220);
#13218 = CARTESIAN_POINT('',(74.,-50.,1.51));
#13219 = DIRECTION('',(-0.,0.,-1.));
#13220 = DIRECTION('',(-0.,-1.,0.));
#13221 = FACE_BOUND('',#13222,.T.);
#13222 = EDGE_LOOP('',(#13223));
#13223 = ORIENTED_EDGE('',*,*,#13224,.T.);
#13224 = EDGE_CURVE('',#13225,#13225,#13227,.T.);
#13225 = VERTEX_POINT('',#13226);
#13226 = CARTESIAN_POINT('',(60.,-44.15,1.51));
#13227 = CIRCLE('',#13228,1.35);
#13228 = AXIS2_PLACEMENT_3D('',#13229,#13230,#13231);
#13229 = CARTESIAN_POINT('',(60.,-42.8,1.51));
#13230 = DIRECTION('',(-0.,0.,-1.));
#13231 = DIRECTION('',(-0.,-1.,0.));
#13232 = FACE_BOUND('',#13233,.T.);
#13233 = EDGE_LOOP('',(#13234));
#13234 = ORIENTED_EDGE('',*,*,#13235,.F.);
#13235 = EDGE_CURVE('',#13236,#13236,#13238,.T.);
#13236 = VERTEX_POINT('',#13237);
#13237 = CARTESIAN_POINT('',(46.67,-35.,1.51));
#13238 = CIRCLE('',#13239,1.67);
#13239 = AXIS2_PLACEMENT_3D('',#13240,#13241,#13242);
#13240 = CARTESIAN_POINT('',(45.,-35.,1.51));
#13241 = DIRECTION('',(0.,0.,1.));
#13242 = DIRECTION('',(1.,0.,-0.));
#13243 = FACE_BOUND('',#13244,.T.);
#13244 = EDGE_LOOP('',(#13245,#13256,#13264,#13273));
#13245 = ORIENTED_EDGE('',*,*,#13246,.T.);
#13246 = EDGE_CURVE('',#13247,#13249,#13251,.T.);
#13247 = VERTEX_POINT('',#13248);
#13248 = CARTESIAN_POINT('',(54.55,-39.35,1.51));
#13249 = VERTEX_POINT('',#13250);
#13250 = CARTESIAN_POINT('',(54.55,-39.95,1.51));
#13251 = CIRCLE('',#13252,0.3);
#13252 = AXIS2_PLACEMENT_3D('',#13253,#13254,#13255);
#13253 = CARTESIAN_POINT('',(54.55,-39.65,1.51));
#13254 = DIRECTION('',(-0.,0.,-1.));
#13255 = DIRECTION('',(-2.368475785867E-14,-1.,0.));
#13256 = ORIENTED_EDGE('',*,*,#13257,.T.);
#13257 = EDGE_CURVE('',#13249,#13258,#13260,.T.);
#13258 = VERTEX_POINT('',#13259);
#13259 = CARTESIAN_POINT('',(53.45,-39.95,1.51));
#13260 = LINE('',#13261,#13262);
#13261 = CARTESIAN_POINT('',(26.725,-39.95,1.51));
#13262 = VECTOR('',#13263,1.);
#13263 = DIRECTION('',(-1.,0.,0.));
#13264 = ORIENTED_EDGE('',*,*,#13265,.T.);
#13265 = EDGE_CURVE('',#13258,#13266,#13268,.T.);
#13266 = VERTEX_POINT('',#13267);
#13267 = CARTESIAN_POINT('',(53.45,-39.35,1.51));
#13268 = CIRCLE('',#13269,0.3);
#13269 = AXIS2_PLACEMENT_3D('',#13270,#13271,#13272);
#13270 = CARTESIAN_POINT('',(53.45,-39.65,1.51));
#13271 = DIRECTION('',(0.,-0.,-1.));
#13272 = DIRECTION('',(2.368475785867E-14,1.,-0.));
#13273 = ORIENTED_EDGE('',*,*,#13274,.T.);
#13274 = EDGE_CURVE('',#13266,#13247,#13275,.T.);
#13275 = LINE('',#13276,#13277);
#13276 = CARTESIAN_POINT('',(27.275,-39.35,1.51));
#13277 = VECTOR('',#13278,1.);
#13278 = DIRECTION('',(1.,0.,-0.));
#13279 = FACE_BOUND('',#13280,.T.);
#13280 = EDGE_LOOP('',(#13281));
#13281 = ORIENTED_EDGE('',*,*,#13282,.T.);
#13282 = EDGE_CURVE('',#13283,#13283,#13285,.T.);
#13283 = VERTEX_POINT('',#13284);
#13284 = CARTESIAN_POINT('',(86.,-61.1,1.51));
#13285 = CIRCLE('',#13286,0.6);
#13286 = AXIS2_PLACEMENT_3D('',#13287,#13288,#13289);
#13287 = CARTESIAN_POINT('',(86.,-60.5,1.51));
#13288 = DIRECTION('',(-0.,0.,-1.));
#13289 = DIRECTION('',(-0.,-1.,0.));
#13290 = FACE_BOUND('',#13291,.T.);
#13291 = EDGE_LOOP('',(#13292));
#13292 = ORIENTED_EDGE('',*,*,#13293,.T.);
#13293 = EDGE_CURVE('',#13294,#13294,#13296,.T.);
#13294 = VERTEX_POINT('',#13295);
#13295 = CARTESIAN_POINT('',(100.,-62.381,1.51));
#13296 = CIRCLE('',#13297,0.381);
#13297 = AXIS2_PLACEMENT_3D('',#13298,#13299,#13300);
#13298 = CARTESIAN_POINT('',(100.,-62.,1.51));
#13299 = DIRECTION('',(-0.,0.,-1.));
#13300 = DIRECTION('',(-0.,-1.,0.));
#13301 = FACE_BOUND('',#13302,.T.);
#13302 = EDGE_LOOP('',(#13303));
#13303 = ORIENTED_EDGE('',*,*,#13304,.T.);
#13304 = EDGE_CURVE('',#13305,#13305,#13307,.T.);
#13305 = VERTEX_POINT('',#13306);
#13306 = CARTESIAN_POINT('',(102.5,-62.381,1.51));
#13307 = CIRCLE('',#13308,0.381);
#13308 = AXIS2_PLACEMENT_3D('',#13309,#13310,#13311);
#13309 = CARTESIAN_POINT('',(102.5,-62.,1.51));
#13310 = DIRECTION('',(-0.,0.,-1.));
#13311 = DIRECTION('',(-0.,-1.,0.));
#13312 = FACE_BOUND('',#13313,.T.);
#13313 = EDGE_LOOP('',(#13314));
#13314 = ORIENTED_EDGE('',*,*,#13315,.T.);
#13315 = EDGE_CURVE('',#13316,#13316,#13318,.T.);
#13316 = VERTEX_POINT('',#13317);
#13317 = CARTESIAN_POINT('',(105.,-62.381,1.51));
#13318 = CIRCLE('',#13319,0.381);
#13319 = AXIS2_PLACEMENT_3D('',#13320,#13321,#13322);
#13320 = CARTESIAN_POINT('',(105.,-62.,1.51));
#13321 = DIRECTION('',(-0.,0.,-1.));
#13322 = DIRECTION('',(-0.,-1.,0.));
#13323 = FACE_BOUND('',#13324,.T.);
#13324 = EDGE_LOOP('',(#13325));
#13325 = ORIENTED_EDGE('',*,*,#13326,.T.);
#13326 = EDGE_CURVE('',#13327,#13327,#13329,.T.);
#13327 = VERTEX_POINT('',#13328);
#13328 = CARTESIAN_POINT('',(86.,-53.6,1.51));
#13329 = CIRCLE('',#13330,0.6);
#13330 = AXIS2_PLACEMENT_3D('',#13331,#13332,#13333);
#13331 = CARTESIAN_POINT('',(86.,-53.,1.51));
#13332 = DIRECTION('',(-0.,0.,-1.));
#13333 = DIRECTION('',(-0.,-1.,0.));
#13334 = FACE_BOUND('',#13335,.T.);
#13335 = EDGE_LOOP('',(#13336));
#13336 = ORIENTED_EDGE('',*,*,#13337,.T.);
#13337 = EDGE_CURVE('',#13338,#13338,#13340,.T.);
#13338 = VERTEX_POINT('',#13339);
#13339 = CARTESIAN_POINT('',(106.25,-56.25,1.51));
#13340 = CIRCLE('',#13341,1.);
#13341 = AXIS2_PLACEMENT_3D('',#13342,#13343,#13344);
#13342 = CARTESIAN_POINT('',(106.25,-55.25,1.51));
#13343 = DIRECTION('',(-0.,0.,-1.));
#13344 = DIRECTION('',(-0.,-1.,0.));
#13345 = FACE_BOUND('',#13346,.T.);
#13346 = EDGE_LOOP('',(#13347));
#13347 = ORIENTED_EDGE('',*,*,#13348,.T.);
#13348 = EDGE_CURVE('',#13349,#13349,#13351,.T.);
#13349 = VERTEX_POINT('',#13350);
#13350 = CARTESIAN_POINT('',(106.25,-52.05,1.51));
#13351 = CIRCLE('',#13352,1.);
#13352 = AXIS2_PLACEMENT_3D('',#13353,#13354,#13355);
#13353 = CARTESIAN_POINT('',(106.25,-51.05,1.51));
#13354 = DIRECTION('',(-0.,0.,-1.));
#13355 = DIRECTION('',(-0.,-1.,0.));
#13356 = FACE_BOUND('',#13357,.T.);
#13357 = EDGE_LOOP('',(#13358));
#13358 = ORIENTED_EDGE('',*,*,#13359,.T.);
#13359 = EDGE_CURVE('',#13360,#13360,#13362,.T.);
#13360 = VERTEX_POINT('',#13361);
#13361 = CARTESIAN_POINT('',(107.5,-62.381,1.51));
#13362 = CIRCLE('',#13363,0.381);
#13363 = AXIS2_PLACEMENT_3D('',#13364,#13365,#13366);
#13364 = CARTESIAN_POINT('',(107.5,-62.,1.51));
#13365 = DIRECTION('',(-0.,0.,-1.));
#13366 = DIRECTION('',(-0.,-1.,0.));
#13367 = FACE_BOUND('',#13368,.T.);
#13368 = EDGE_LOOP('',(#13369));
#13369 = ORIENTED_EDGE('',*,*,#13370,.T.);
#13370 = EDGE_CURVE('',#13371,#13371,#13373,.T.);
#13371 = VERTEX_POINT('',#13372);
#13372 = CARTESIAN_POINT('',(110.,-62.381,1.51));
#13373 = CIRCLE('',#13374,0.381);
#13374 = AXIS2_PLACEMENT_3D('',#13375,#13376,#13377);
#13375 = CARTESIAN_POINT('',(110.,-62.,1.51));
#13376 = DIRECTION('',(-0.,0.,-1.));
#13377 = DIRECTION('',(-0.,-1.,0.));
#13378 = FACE_BOUND('',#13379,.T.);
#13379 = EDGE_LOOP('',(#13380));
#13380 = ORIENTED_EDGE('',*,*,#13381,.T.);
#13381 = EDGE_CURVE('',#13382,#13382,#13384,.T.);
#13382 = VERTEX_POINT('',#13383);
#13383 = CARTESIAN_POINT('',(112.5,-62.381,1.51));
#13384 = CIRCLE('',#13385,0.381);
#13385 = AXIS2_PLACEMENT_3D('',#13386,#13387,#13388);
#13386 = CARTESIAN_POINT('',(112.5,-62.,1.51));
#13387 = DIRECTION('',(-0.,0.,-1.));
#13388 = DIRECTION('',(-0.,-1.,0.));
#13389 = FACE_BOUND('',#13390,.T.);
#13390 = EDGE_LOOP('',(#13391));
#13391 = ORIENTED_EDGE('',*,*,#13392,.T.);
#13392 = EDGE_CURVE('',#13393,#13393,#13395,.T.);
#13393 = VERTEX_POINT('',#13394);
#13394 = CARTESIAN_POINT('',(115.,-62.381,1.51));
#13395 = CIRCLE('',#13396,0.381);
#13396 = AXIS2_PLACEMENT_3D('',#13397,#13398,#13399);
#13397 = CARTESIAN_POINT('',(115.,-62.,1.51));
#13398 = DIRECTION('',(-0.,0.,-1.));
#13399 = DIRECTION('',(-0.,-1.,0.));
#13400 = FACE_BOUND('',#13401,.T.);
#13401 = EDGE_LOOP('',(#13402));
#13402 = ORIENTED_EDGE('',*,*,#13403,.T.);
#13403 = EDGE_CURVE('',#13404,#13404,#13406,.T.);
#13404 = VERTEX_POINT('',#13405);
#13405 = CARTESIAN_POINT('',(123.,-59.5,1.51));
#13406 = CIRCLE('',#13407,0.5);
#13407 = AXIS2_PLACEMENT_3D('',#13408,#13409,#13410);
#13408 = CARTESIAN_POINT('',(123.,-59.,1.51));
#13409 = DIRECTION('',(-0.,0.,-1.));
#13410 = DIRECTION('',(-0.,-1.,0.));
#13411 = FACE_BOUND('',#13412,.T.);
#13412 = EDGE_LOOP('',(#13413));
#13413 = ORIENTED_EDGE('',*,*,#13414,.T.);
#13414 = EDGE_CURVE('',#13415,#13415,#13417,.T.);
#13415 = VERTEX_POINT('',#13416);
#13416 = CARTESIAN_POINT('',(128.,-59.5,1.51));
#13417 = CIRCLE('',#13418,0.5);
#13418 = AXIS2_PLACEMENT_3D('',#13419,#13420,#13421);
#13419 = CARTESIAN_POINT('',(128.,-59.,1.51));
#13420 = DIRECTION('',(-0.,0.,-1.));
#13421 = DIRECTION('',(-0.,-1.,0.));
#13422 = FACE_BOUND('',#13423,.T.);
#13423 = EDGE_LOOP('',(#13424));
#13424 = ORIENTED_EDGE('',*,*,#13425,.T.);
#13425 = EDGE_CURVE('',#13426,#13426,#13428,.T.);
#13426 = VERTEX_POINT('',#13427);
#13427 = CARTESIAN_POINT('',(86.,-43.1,1.51));
#13428 = CIRCLE('',#13429,0.6);
#13429 = AXIS2_PLACEMENT_3D('',#13430,#13431,#13432);
#13430 = CARTESIAN_POINT('',(86.,-42.5,1.51));
#13431 = DIRECTION('',(-0.,0.,-1.));
#13432 = DIRECTION('',(-0.,-1.,0.));
#13433 = FACE_BOUND('',#13434,.T.);
#13434 = EDGE_LOOP('',(#13435,#13446,#13454,#13463));
#13435 = ORIENTED_EDGE('',*,*,#13436,.T.);
#13436 = EDGE_CURVE('',#13437,#13439,#13441,.T.);
#13437 = VERTEX_POINT('',#13438);
#13438 = CARTESIAN_POINT('',(97.75,-46.25,1.51));
#13439 = VERTEX_POINT('',#13440);
#13440 = CARTESIAN_POINT('',(96.05,-46.25,1.51));
#13441 = CIRCLE('',#13442,0.85);
#13442 = AXIS2_PLACEMENT_3D('',#13443,#13444,#13445);
#13443 = CARTESIAN_POINT('',(96.9,-46.25,1.51));
#13444 = DIRECTION('',(-0.,0.,-1.));
#13445 = DIRECTION('',(-1.,-8.35932630306E-15,0.));
#13446 = ORIENTED_EDGE('',*,*,#13447,.T.);
#13447 = EDGE_CURVE('',#13439,#13448,#13450,.T.);
#13448 = VERTEX_POINT('',#13449);
#13449 = CARTESIAN_POINT('',(96.05,-43.85,1.51));
#13450 = LINE('',#13451,#13452);
#13451 = CARTESIAN_POINT('',(96.05,-21.925,1.51));
#13452 = VECTOR('',#13453,1.);
#13453 = DIRECTION('',(-0.,1.,0.));
#13454 = ORIENTED_EDGE('',*,*,#13455,.T.);
#13455 = EDGE_CURVE('',#13448,#13456,#13458,.T.);
#13456 = VERTEX_POINT('',#13457);
#13457 = CARTESIAN_POINT('',(97.75,-43.85,1.51));
#13458 = CIRCLE('',#13459,0.85);
#13459 = AXIS2_PLACEMENT_3D('',#13460,#13461,#13462);
#13460 = CARTESIAN_POINT('',(96.9,-43.85,1.51));
#13461 = DIRECTION('',(0.,-0.,-1.));
#13462 = DIRECTION('',(1.,0.,-0.));
#13463 = ORIENTED_EDGE('',*,*,#13464,.T.);
#13464 = EDGE_CURVE('',#13456,#13437,#13465,.T.);
#13465 = LINE('',#13466,#13467);
#13466 = CARTESIAN_POINT('',(97.75,-23.125,1.51));
#13467 = VECTOR('',#13468,1.);
#13468 = DIRECTION('',(0.,-1.,0.));
#13469 = FACE_BOUND('',#13470,.T.);
#13470 = EDGE_LOOP('',(#13471));
#13471 = ORIENTED_EDGE('',*,*,#13472,.T.);
#13472 = EDGE_CURVE('',#13473,#13473,#13475,.T.);
#13473 = VERTEX_POINT('',#13474);
#13474 = CARTESIAN_POINT('',(86.,-35.6,1.51));
#13475 = CIRCLE('',#13476,0.6);
#13476 = AXIS2_PLACEMENT_3D('',#13477,#13478,#13479);
#13477 = CARTESIAN_POINT('',(86.,-35.,1.51));
#13478 = DIRECTION('',(-0.,0.,-1.));
#13479 = DIRECTION('',(-0.,-1.,0.));
#13480 = FACE_BOUND('',#13481,.T.);
#13481 = EDGE_LOOP('',(#13482));
#13482 = ORIENTED_EDGE('',*,*,#13483,.T.);
#13483 = EDGE_CURVE('',#13484,#13484,#13486,.T.);
#13484 = VERTEX_POINT('',#13485);
#13485 = CARTESIAN_POINT('',(100.,-40.381,1.51));
#13486 = CIRCLE('',#13487,0.381);
#13487 = AXIS2_PLACEMENT_3D('',#13488,#13489,#13490);
#13488 = CARTESIAN_POINT('',(100.,-40.,1.51));
#13489 = DIRECTION('',(-0.,0.,-1.));
#13490 = DIRECTION('',(-0.,-1.,0.));
#13491 = FACE_BOUND('',#13492,.T.);
#13492 = EDGE_LOOP('',(#13493));
#13493 = ORIENTED_EDGE('',*,*,#13494,.T.);
#13494 = EDGE_CURVE('',#13495,#13495,#13497,.T.);
#13495 = VERTEX_POINT('',#13496);
#13496 = CARTESIAN_POINT('',(102.5,-40.381,1.51));
#13497 = CIRCLE('',#13498,0.381);
#13498 = AXIS2_PLACEMENT_3D('',#13499,#13500,#13501);
#13499 = CARTESIAN_POINT('',(102.5,-40.,1.51));
#13500 = DIRECTION('',(-0.,0.,-1.));
#13501 = DIRECTION('',(-0.,-1.,0.));
#13502 = FACE_BOUND('',#13503,.T.);
#13503 = EDGE_LOOP('',(#13504));
#13504 = ORIENTED_EDGE('',*,*,#13505,.T.);
#13505 = EDGE_CURVE('',#13506,#13506,#13508,.T.);
#13506 = VERTEX_POINT('',#13507);
#13507 = CARTESIAN_POINT('',(105.,-40.381,1.51));
#13508 = CIRCLE('',#13509,0.381);
#13509 = AXIS2_PLACEMENT_3D('',#13510,#13511,#13512);
#13510 = CARTESIAN_POINT('',(105.,-40.,1.51));
#13511 = DIRECTION('',(-0.,0.,-1.));
#13512 = DIRECTION('',(-0.,-1.,0.));
#13513 = FACE_BOUND('',#13514,.T.);
#13514 = EDGE_LOOP('',(#13515));
#13515 = ORIENTED_EDGE('',*,*,#13516,.T.);
#13516 = EDGE_CURVE('',#13517,#13517,#13519,.T.);
#13517 = VERTEX_POINT('',#13518);
#13518 = CARTESIAN_POINT('',(106.25,-34.25,1.51));
#13519 = CIRCLE('',#13520,1.);
#13520 = AXIS2_PLACEMENT_3D('',#13521,#13522,#13523);
#13521 = CARTESIAN_POINT('',(106.25,-33.25,1.51));
#13522 = DIRECTION('',(-0.,0.,-1.));
#13523 = DIRECTION('',(-0.,-1.,0.));
#13524 = FACE_BOUND('',#13525,.T.);
#13525 = EDGE_LOOP('',(#13526,#13537,#13545,#13554));
#13526 = ORIENTED_EDGE('',*,*,#13527,.T.);
#13527 = EDGE_CURVE('',#13528,#13530,#13532,.T.);
#13528 = VERTEX_POINT('',#13529);
#13529 = CARTESIAN_POINT('',(118.95,-46.25,1.51));
#13530 = VERTEX_POINT('',#13531);
#13531 = CARTESIAN_POINT('',(117.25,-46.25,1.51));
#13532 = CIRCLE('',#13533,0.85);
#13533 = AXIS2_PLACEMENT_3D('',#13534,#13535,#13536);
#13534 = CARTESIAN_POINT('',(118.1,-46.25,1.51));
#13535 = DIRECTION('',(-0.,0.,-1.));
#13536 = DIRECTION('',(-1.,-8.35932630306E-15,0.));
#13537 = ORIENTED_EDGE('',*,*,#13538,.T.);
#13538 = EDGE_CURVE('',#13530,#13539,#13541,.T.);
#13539 = VERTEX_POINT('',#13540);
#13540 = CARTESIAN_POINT('',(117.25,-43.85,1.51));
#13541 = LINE('',#13542,#13543);
#13542 = CARTESIAN_POINT('',(117.25,-21.925,1.51));
#13543 = VECTOR('',#13544,1.);
#13544 = DIRECTION('',(-0.,1.,0.));
#13545 = ORIENTED_EDGE('',*,*,#13546,.T.);
#13546 = EDGE_CURVE('',#13539,#13547,#13549,.T.);
#13547 = VERTEX_POINT('',#13548);
#13548 = CARTESIAN_POINT('',(118.95,-43.85,1.51));
#13549 = CIRCLE('',#13550,0.85);
#13550 = AXIS2_PLACEMENT_3D('',#13551,#13552,#13553);
#13551 = CARTESIAN_POINT('',(118.1,-43.85,1.51));
#13552 = DIRECTION('',(0.,-0.,-1.));
#13553 = DIRECTION('',(1.,0.,-0.));
#13554 = ORIENTED_EDGE('',*,*,#13555,.T.);
#13555 = EDGE_CURVE('',#13547,#13528,#13556,.T.);
#13556 = LINE('',#13557,#13558);
#13557 = CARTESIAN_POINT('',(118.95,-23.125,1.51));
#13558 = VECTOR('',#13559,1.);
#13559 = DIRECTION('',(0.,-1.,0.));
#13560 = FACE_BOUND('',#13561,.T.);
#13561 = EDGE_LOOP('',(#13562));
#13562 = ORIENTED_EDGE('',*,*,#13563,.T.);
#13563 = EDGE_CURVE('',#13564,#13564,#13566,.T.);
#13564 = VERTEX_POINT('',#13565);
#13565 = CARTESIAN_POINT('',(107.5,-40.381,1.51));
#13566 = CIRCLE('',#13567,0.381);
#13567 = AXIS2_PLACEMENT_3D('',#13568,#13569,#13570);
#13568 = CARTESIAN_POINT('',(107.5,-40.,1.51));
#13569 = DIRECTION('',(-0.,0.,-1.));
#13570 = DIRECTION('',(-0.,-1.,0.));
#13571 = FACE_BOUND('',#13572,.T.);
#13572 = EDGE_LOOP('',(#13573));
#13573 = ORIENTED_EDGE('',*,*,#13574,.T.);
#13574 = EDGE_CURVE('',#13575,#13575,#13577,.T.);
#13575 = VERTEX_POINT('',#13576);
#13576 = CARTESIAN_POINT('',(110.,-40.381,1.51));
#13577 = CIRCLE('',#13578,0.381);
#13578 = AXIS2_PLACEMENT_3D('',#13579,#13580,#13581);
#13579 = CARTESIAN_POINT('',(110.,-40.,1.51));
#13580 = DIRECTION('',(-0.,0.,-1.));
#13581 = DIRECTION('',(-0.,-1.,0.));
#13582 = FACE_BOUND('',#13583,.T.);
#13583 = EDGE_LOOP('',(#13584));
#13584 = ORIENTED_EDGE('',*,*,#13585,.T.);
#13585 = EDGE_CURVE('',#13586,#13586,#13588,.T.);
#13586 = VERTEX_POINT('',#13587);
#13587 = CARTESIAN_POINT('',(112.5,-40.381,1.51));
#13588 = CIRCLE('',#13589,0.381);
#13589 = AXIS2_PLACEMENT_3D('',#13590,#13591,#13592);
#13590 = CARTESIAN_POINT('',(112.5,-40.,1.51));
#13591 = DIRECTION('',(-0.,0.,-1.));
#13592 = DIRECTION('',(-0.,-1.,0.));
#13593 = FACE_BOUND('',#13594,.T.);
#13594 = EDGE_LOOP('',(#13595));
#13595 = ORIENTED_EDGE('',*,*,#13596,.T.);
#13596 = EDGE_CURVE('',#13597,#13597,#13599,.T.);
#13597 = VERTEX_POINT('',#13598);
#13598 = CARTESIAN_POINT('',(115.,-40.381,1.51));
#13599 = CIRCLE('',#13600,0.381);
#13600 = AXIS2_PLACEMENT_3D('',#13601,#13602,#13603);
#13601 = CARTESIAN_POINT('',(115.,-40.,1.51));
#13602 = DIRECTION('',(-0.,0.,-1.));
#13603 = DIRECTION('',(-0.,-1.,0.));
#13604 = FACE_BOUND('',#13605,.T.);
#13605 = EDGE_LOOP('',(#13606));
#13606 = ORIENTED_EDGE('',*,*,#13607,.F.);
#13607 = EDGE_CURVE('',#13608,#13608,#13610,.T.);
#13608 = VERTEX_POINT('',#13609);
#13609 = CARTESIAN_POINT('',(126.67,-35.,1.51));
#13610 = CIRCLE('',#13611,1.67);
#13611 = AXIS2_PLACEMENT_3D('',#13612,#13613,#13614);
#13612 = CARTESIAN_POINT('',(125.,-35.,1.51));
#13613 = DIRECTION('',(0.,0.,1.));
#13614 = DIRECTION('',(1.,0.,-0.));
#13615 = PLANE('',#13616);
#13616 = AXIS2_PLACEMENT_3D('',#13617,#13618,#13619);
#13617 = CARTESIAN_POINT('',(0.,0.,1.51));
#13618 = DIRECTION('',(0.,0.,1.));
#13619 = DIRECTION('',(1.,0.,-0.));
#13620 = ADVANCED_FACE('',(#13621),#13632,.T.);
#13621 = FACE_BOUND('',#13622,.T.);
#13622 = EDGE_LOOP('',(#13623,#13629,#13630,#13631));
#13623 = ORIENTED_EDGE('',*,*,#13624,.T.);
#13624 = EDGE_CURVE('',#11397,#12512,#13625,.T.);
#13625 = LINE('',#13626,#13627);
#13626 = CARTESIAN_POINT('',(40.,-32.,0.));
#13627 = VECTOR('',#13628,1.);
#13628 = DIRECTION('',(0.,0.,1.));
#13629 = ORIENTED_EDGE('',*,*,#12511,.T.);
#13630 = ORIENTED_EDGE('',*,*,#11332,.F.);
#13631 = ORIENTED_EDGE('',*,*,#11396,.F.);
#13632 = CYLINDRICAL_SURFACE('',#13633,1.99999850585);
#13633 = AXIS2_PLACEMENT_3D('',#13634,#13635,#13636);
#13634 = CARTESIAN_POINT('',(41.99999850585,-31.99999850585,0.));
#13635 = DIRECTION('',(0.,0.,-1.));
#13636 = DIRECTION('',(-1.,-7.470757438357E-07,-0.));
#13637 = ADVANCED_FACE('',(#13638),#13649,.T.);
#13638 = FACE_BOUND('',#13639,.T.);
#13639 = EDGE_LOOP('',(#13640,#13641,#13642,#13648));
#13640 = ORIENTED_EDGE('',*,*,#11372,.T.);
#13641 = ORIENTED_EDGE('',*,*,#12545,.T.);
#13642 = ORIENTED_EDGE('',*,*,#13643,.F.);
#13643 = EDGE_CURVE('',#11423,#12538,#13644,.T.);
#13644 = LINE('',#13645,#13646);
#13645 = CARTESIAN_POINT('',(128.,-100.,0.));
#13646 = VECTOR('',#13647,1.);
#13647 = DIRECTION('',(0.,0.,1.));
#13648 = ORIENTED_EDGE('',*,*,#11430,.F.);
#13649 = CYLINDRICAL_SURFACE('',#13650,1.99999850585);
#13650 = AXIS2_PLACEMENT_3D('',#13651,#13652,#13653);
#13651 = CARTESIAN_POINT('',(128.00000149415,-98.00000149415,0.));
#13652 = DIRECTION('',(0.,0.,-1.));
#13653 = DIRECTION('',(1.,7.470757349539E-07,0.));
#13654 = ADVANCED_FACE('',(#13655),#13666,.T.);
#13655 = FACE_BOUND('',#13656,.T.);
#13656 = EDGE_LOOP('',(#13657,#13663,#13664,#13665));
#13657 = ORIENTED_EDGE('',*,*,#13658,.T.);
#13658 = EDGE_CURVE('',#11406,#12521,#13659,.T.);
#13659 = LINE('',#13660,#13661);
#13660 = CARTESIAN_POINT('',(40.,-98.,0.));
#13661 = VECTOR('',#13662,1.);
#13662 = DIRECTION('',(0.,0.,1.));
#13663 = ORIENTED_EDGE('',*,*,#12520,.T.);
#13664 = ORIENTED_EDGE('',*,*,#13624,.F.);
#13665 = ORIENTED_EDGE('',*,*,#11405,.F.);
#13666 = PLANE('',#13667);
#13667 = AXIS2_PLACEMENT_3D('',#13668,#13669,#13670);
#13668 = CARTESIAN_POINT('',(40.,-98.,0.));
#13669 = DIRECTION('',(-1.,0.,0.));
#13670 = DIRECTION('',(0.,1.,0.));
#13671 = ADVANCED_FACE('',(#13672),#13683,.T.);
#13672 = FACE_BOUND('',#13673,.T.);
#13673 = EDGE_LOOP('',(#13674,#13675,#13676,#13682));
#13674 = ORIENTED_EDGE('',*,*,#13643,.T.);
#13675 = ORIENTED_EDGE('',*,*,#12537,.T.);
#13676 = ORIENTED_EDGE('',*,*,#13677,.F.);
#13677 = EDGE_CURVE('',#11414,#12529,#13678,.T.);
#13678 = LINE('',#13679,#13680);
#13679 = CARTESIAN_POINT('',(42.,-100.,0.));
#13680 = VECTOR('',#13681,1.);
#13681 = DIRECTION('',(0.,0.,1.));
#13682 = ORIENTED_EDGE('',*,*,#11422,.F.);
#13683 = PLANE('',#13684);
#13684 = AXIS2_PLACEMENT_3D('',#13685,#13686,#13687);
#13685 = CARTESIAN_POINT('',(128.,-100.,0.));
#13686 = DIRECTION('',(0.,-1.,0.));
#13687 = DIRECTION('',(-1.,0.,0.));
#13688 = ADVANCED_FACE('',(#13689),#13695,.T.);
#13689 = FACE_BOUND('',#13690,.T.);
#13690 = EDGE_LOOP('',(#13691,#13692,#13693,#13694));
#13691 = ORIENTED_EDGE('',*,*,#13677,.T.);
#13692 = ORIENTED_EDGE('',*,*,#12528,.T.);
#13693 = ORIENTED_EDGE('',*,*,#13658,.F.);
#13694 = ORIENTED_EDGE('',*,*,#11413,.F.);
#13695 = CYLINDRICAL_SURFACE('',#13696,1.99999850585);
#13696 = AXIS2_PLACEMENT_3D('',#13697,#13698,#13699);
#13697 = CARTESIAN_POINT('',(41.99999850585,-98.00000149415,0.));
#13698 = DIRECTION('',(0.,0.,-1.));
#13699 = DIRECTION('',(7.470757420593E-07,-1.,0.));
#13700 = ADVANCED_FACE('',(#13701),#13712,.F.);
#13701 = FACE_BOUND('',#13702,.T.);
#13702 = EDGE_LOOP('',(#13703,#13709,#13710,#13711));
#13703 = ORIENTED_EDGE('',*,*,#13704,.T.);
#13704 = EDGE_CURVE('',#11441,#12556,#13705,.T.);
#13705 = LINE('',#13706,#13707);
#13706 = CARTESIAN_POINT('',(46.67,-95.,0.));
#13707 = VECTOR('',#13708,1.);
#13708 = DIRECTION('',(0.,0.,1.));
#13709 = ORIENTED_EDGE('',*,*,#12555,.T.);
#13710 = ORIENTED_EDGE('',*,*,#13704,.F.);
#13711 = ORIENTED_EDGE('',*,*,#11440,.F.);
#13712 = CYLINDRICAL_SURFACE('',#13713,1.67);
#13713 = AXIS2_PLACEMENT_3D('',#13714,#13715,#13716);
#13714 = CARTESIAN_POINT('',(45.,-95.,0.));
#13715 = DIRECTION('',(-0.,-0.,-1.));
#13716 = DIRECTION('',(1.,0.,-0.));
#13717 = ADVANCED_FACE('',(#13718),#13729,.F.);
#13718 = FACE_BOUND('',#13719,.T.);
#13719 = EDGE_LOOP('',(#13720,#13721,#13727,#13728));
#13720 = ORIENTED_EDGE('',*,*,#11451,.T.);
#13721 = ORIENTED_EDGE('',*,*,#13722,.T.);
#13722 = EDGE_CURVE('',#11452,#12567,#13723,.T.);
#13723 = LINE('',#13724,#13725);
#13724 = CARTESIAN_POINT('',(55.,-97.35,-4.6E-02));
#13725 = VECTOR('',#13726,1.);
#13726 = DIRECTION('',(0.,0.,1.));
#13727 = ORIENTED_EDGE('',*,*,#12566,.F.);
#13728 = ORIENTED_EDGE('',*,*,#13722,.F.);
#13729 = CYLINDRICAL_SURFACE('',#13730,1.35);
#13730 = AXIS2_PLACEMENT_3D('',#13731,#13732,#13733);
#13731 = CARTESIAN_POINT('',(55.,-96.,-4.6E-02));
#13732 = DIRECTION('',(-0.,-0.,-1.));
#13733 = DIRECTION('',(-0.,-1.,0.));
#13734 = ADVANCED_FACE('',(#13735),#13746,.F.);
#13735 = FACE_BOUND('',#13736,.T.);
#13736 = EDGE_LOOP('',(#13737,#13738,#13744,#13745));
#13737 = ORIENTED_EDGE('',*,*,#11462,.T.);
#13738 = ORIENTED_EDGE('',*,*,#13739,.T.);
#13739 = EDGE_CURVE('',#11463,#12578,#13740,.T.);
#13740 = LINE('',#13741,#13742);
#13741 = CARTESIAN_POINT('',(55.,-92.35,-4.6E-02));
#13742 = VECTOR('',#13743,1.);
#13743 = DIRECTION('',(0.,0.,1.));
#13744 = ORIENTED_EDGE('',*,*,#12577,.F.);
#13745 = ORIENTED_EDGE('',*,*,#13739,.F.);
#13746 = CYLINDRICAL_SURFACE('',#13747,1.35);
#13747 = AXIS2_PLACEMENT_3D('',#13748,#13749,#13750);
#13748 = CARTESIAN_POINT('',(55.,-91.,-4.6E-02));
#13749 = DIRECTION('',(-0.,-0.,-1.));
#13750 = DIRECTION('',(-0.,-1.,0.));
#13751 = ADVANCED_FACE('',(#13752),#13763,.F.);
#13752 = FACE_BOUND('',#13753,.T.);
#13753 = EDGE_LOOP('',(#13754,#13755,#13761,#13762));
#13754 = ORIENTED_EDGE('',*,*,#11473,.T.);
#13755 = ORIENTED_EDGE('',*,*,#13756,.T.);
#13756 = EDGE_CURVE('',#11474,#12589,#13757,.T.);
#13757 = LINE('',#13758,#13759);
#13758 = CARTESIAN_POINT('',(65.,-97.35,-4.6E-02));
#13759 = VECTOR('',#13760,1.);
#13760 = DIRECTION('',(0.,0.,1.));
#13761 = ORIENTED_EDGE('',*,*,#12588,.F.);
#13762 = ORIENTED_EDGE('',*,*,#13756,.F.);
#13763 = CYLINDRICAL_SURFACE('',#13764,1.35);
#13764 = AXIS2_PLACEMENT_3D('',#13765,#13766,#13767);
#13765 = CARTESIAN_POINT('',(65.,-96.,-4.6E-02));
#13766 = DIRECTION('',(-0.,-0.,-1.));
#13767 = DIRECTION('',(-0.,-1.,0.));
#13768 = ADVANCED_FACE('',(#13769),#13780,.F.);
#13769 = FACE_BOUND('',#13770,.T.);
#13770 = EDGE_LOOP('',(#13771,#13772,#13778,#13779));
#13771 = ORIENTED_EDGE('',*,*,#11484,.T.);
#13772 = ORIENTED_EDGE('',*,*,#13773,.T.);
#13773 = EDGE_CURVE('',#11485,#12600,#13774,.T.);
#13774 = LINE('',#13775,#13776);
#13775 = CARTESIAN_POINT('',(75.,-97.35,-4.6E-02));
#13776 = VECTOR('',#13777,1.);
#13777 = DIRECTION('',(0.,0.,1.));
#13778 = ORIENTED_EDGE('',*,*,#12599,.F.);
#13779 = ORIENTED_EDGE('',*,*,#13773,.F.);
#13780 = CYLINDRICAL_SURFACE('',#13781,1.35);
#13781 = AXIS2_PLACEMENT_3D('',#13782,#13783,#13784);
#13782 = CARTESIAN_POINT('',(75.,-96.,-4.6E-02));
#13783 = DIRECTION('',(-0.,-0.,-1.));
#13784 = DIRECTION('',(-0.,-1.,0.));
#13785 = ADVANCED_FACE('',(#13786),#13797,.F.);
#13786 = FACE_BOUND('',#13787,.T.);
#13787 = EDGE_LOOP('',(#13788,#13789,#13795,#13796));
#13788 = ORIENTED_EDGE('',*,*,#11495,.T.);
#13789 = ORIENTED_EDGE('',*,*,#13790,.T.);
#13790 = EDGE_CURVE('',#11496,#12611,#13791,.T.);
#13791 = LINE('',#13792,#13793);
#13792 = CARTESIAN_POINT('',(65.,-92.35,-4.6E-02));
#13793 = VECTOR('',#13794,1.);
#13794 = DIRECTION('',(0.,0.,1.));
#13795 = ORIENTED_EDGE('',*,*,#12610,.F.);
#13796 = ORIENTED_EDGE('',*,*,#13790,.F.);
#13797 = CYLINDRICAL_SURFACE('',#13798,1.35);
#13798 = AXIS2_PLACEMENT_3D('',#13799,#13800,#13801);
#13799 = CARTESIAN_POINT('',(65.,-91.,-4.6E-02));
#13800 = DIRECTION('',(-0.,-0.,-1.));
#13801 = DIRECTION('',(-0.,-1.,0.));
#13802 = ADVANCED_FACE('',(#13803),#13814,.F.);
#13803 = FACE_BOUND('',#13804,.T.);
#13804 = EDGE_LOOP('',(#13805,#13806,#13812,#13813));
#13805 = ORIENTED_EDGE('',*,*,#11506,.T.);
#13806 = ORIENTED_EDGE('',*,*,#13807,.T.);
#13807 = EDGE_CURVE('',#11507,#12622,#13808,.T.);
#13808 = LINE('',#13809,#13810);
#13809 = CARTESIAN_POINT('',(75.,-92.35,-4.6E-02));
#13810 = VECTOR('',#13811,1.);
#13811 = DIRECTION('',(0.,0.,1.));
#13812 = ORIENTED_EDGE('',*,*,#12621,.F.);
#13813 = ORIENTED_EDGE('',*,*,#13807,.F.);
#13814 = CYLINDRICAL_SURFACE('',#13815,1.35);
#13815 = AXIS2_PLACEMENT_3D('',#13816,#13817,#13818);
#13816 = CARTESIAN_POINT('',(75.,-91.,-4.6E-02));
#13817 = DIRECTION('',(-0.,-0.,-1.));
#13818 = DIRECTION('',(-0.,-1.,0.));
#13819 = ADVANCED_FACE('',(#13820),#13831,.F.);
#13820 = FACE_BOUND('',#13821,.T.);
#13821 = EDGE_LOOP('',(#13822,#13823,#13829,#13830));
#13822 = ORIENTED_EDGE('',*,*,#11517,.T.);
#13823 = ORIENTED_EDGE('',*,*,#13824,.T.);
#13824 = EDGE_CURVE('',#11518,#12633,#13825,.T.);
#13825 = LINE('',#13826,#13827);
#13826 = CARTESIAN_POINT('',(85.,-97.35,-4.6E-02));
#13827 = VECTOR('',#13828,1.);
#13828 = DIRECTION('',(0.,0.,1.));
#13829 = ORIENTED_EDGE('',*,*,#12632,.F.);
#13830 = ORIENTED_EDGE('',*,*,#13824,.F.);
#13831 = CYLINDRICAL_SURFACE('',#13832,1.35);
#13832 = AXIS2_PLACEMENT_3D('',#13833,#13834,#13835);
#13833 = CARTESIAN_POINT('',(85.,-96.,-4.6E-02));
#13834 = DIRECTION('',(-0.,-0.,-1.));
#13835 = DIRECTION('',(-0.,-1.,0.));
#13836 = ADVANCED_FACE('',(#13837),#13848,.F.);
#13837 = FACE_BOUND('',#13838,.T.);
#13838 = EDGE_LOOP('',(#13839,#13840,#13846,#13847));
#13839 = ORIENTED_EDGE('',*,*,#11528,.T.);
#13840 = ORIENTED_EDGE('',*,*,#13841,.T.);
#13841 = EDGE_CURVE('',#11529,#12644,#13842,.T.);
#13842 = LINE('',#13843,#13844);
#13843 = CARTESIAN_POINT('',(85.,-92.35,-4.6E-02));
#13844 = VECTOR('',#13845,1.);
#13845 = DIRECTION('',(0.,0.,1.));
#13846 = ORIENTED_EDGE('',*,*,#12643,.F.);
#13847 = ORIENTED_EDGE('',*,*,#13841,.F.);
#13848 = CYLINDRICAL_SURFACE('',#13849,1.35);
#13849 = AXIS2_PLACEMENT_3D('',#13850,#13851,#13852);
#13850 = CARTESIAN_POINT('',(85.,-91.,-4.6E-02));
#13851 = DIRECTION('',(-0.,-0.,-1.));
#13852 = DIRECTION('',(-0.,-1.,0.));
#13853 = ADVANCED_FACE('',(#13854),#13865,.F.);
#13854 = FACE_BOUND('',#13855,.T.);
#13855 = EDGE_LOOP('',(#13856,#13857,#13863,#13864));
#13856 = ORIENTED_EDGE('',*,*,#11539,.T.);
#13857 = ORIENTED_EDGE('',*,*,#13858,.T.);
#13858 = EDGE_CURVE('',#11540,#12655,#13859,.T.);
#13859 = LINE('',#13860,#13861);
#13860 = CARTESIAN_POINT('',(85.,-82.95,-4.6E-02));
#13861 = VECTOR('',#13862,1.);
#13862 = DIRECTION('',(0.,0.,1.));
#13863 = ORIENTED_EDGE('',*,*,#12654,.F.);
#13864 = ORIENTED_EDGE('',*,*,#13858,.F.);
#13865 = CYLINDRICAL_SURFACE('',#13866,0.45);
#13866 = AXIS2_PLACEMENT_3D('',#13867,#13868,#13869);
#13867 = CARTESIAN_POINT('',(85.,-82.5,-4.6E-02));
#13868 = DIRECTION('',(-0.,-0.,-1.));
#13869 = DIRECTION('',(-0.,-1.,0.));
#13870 = ADVANCED_FACE('',(#13871),#13882,.F.);
#13871 = FACE_BOUND('',#13872,.T.);
#13872 = EDGE_LOOP('',(#13873,#13874,#13880,#13881));
#13873 = ORIENTED_EDGE('',*,*,#11550,.T.);
#13874 = ORIENTED_EDGE('',*,*,#13875,.T.);
#13875 = EDGE_CURVE('',#11551,#12666,#13876,.T.);
#13876 = LINE('',#13877,#13878);
#13877 = CARTESIAN_POINT('',(50.,-75.5,-4.6E-02));
#13878 = VECTOR('',#13879,1.);
#13879 = DIRECTION('',(0.,0.,1.));
#13880 = ORIENTED_EDGE('',*,*,#12665,.F.);
#13881 = ORIENTED_EDGE('',*,*,#13875,.F.);
#13882 = CYLINDRICAL_SURFACE('',#13883,0.5);
#13883 = AXIS2_PLACEMENT_3D('',#13884,#13885,#13886);
#13884 = CARTESIAN_POINT('',(50.,-75.,-4.6E-02));
#13885 = DIRECTION('',(-0.,-0.,-1.));
#13886 = DIRECTION('',(-0.,-1.,0.));
#13887 = ADVANCED_FACE('',(#13888),#13899,.F.);
#13888 = FACE_BOUND('',#13889,.T.);
#13889 = EDGE_LOOP('',(#13890,#13891,#13897,#13898));
#13890 = ORIENTED_EDGE('',*,*,#11561,.T.);
#13891 = ORIENTED_EDGE('',*,*,#13892,.T.);
#13892 = EDGE_CURVE('',#11562,#12677,#13893,.T.);
#13893 = LINE('',#13894,#13895);
#13894 = CARTESIAN_POINT('',(60.,-75.5,-4.6E-02));
#13895 = VECTOR('',#13896,1.);
#13896 = DIRECTION('',(0.,0.,1.));
#13897 = ORIENTED_EDGE('',*,*,#12676,.F.);
#13898 = ORIENTED_EDGE('',*,*,#13892,.F.);
#13899 = CYLINDRICAL_SURFACE('',#13900,0.5);
#13900 = AXIS2_PLACEMENT_3D('',#13901,#13902,#13903);
#13901 = CARTESIAN_POINT('',(60.,-75.,-4.6E-02));
#13902 = DIRECTION('',(-0.,-0.,-1.));
#13903 = DIRECTION('',(-0.,-1.,0.));
#13904 = ADVANCED_FACE('',(#13905),#13916,.F.);
#13905 = FACE_BOUND('',#13906,.T.);
#13906 = EDGE_LOOP('',(#13907,#13908,#13914,#13915));
#13907 = ORIENTED_EDGE('',*,*,#11572,.T.);
#13908 = ORIENTED_EDGE('',*,*,#13909,.T.);
#13909 = EDGE_CURVE('',#11573,#12688,#13910,.T.);
#13910 = LINE('',#13911,#13912);
#13911 = CARTESIAN_POINT('',(50.,-73.,-4.6E-02));
#13912 = VECTOR('',#13913,1.);
#13913 = DIRECTION('',(0.,0.,1.));
#13914 = ORIENTED_EDGE('',*,*,#12687,.F.);
#13915 = ORIENTED_EDGE('',*,*,#13909,.F.);
#13916 = CYLINDRICAL_SURFACE('',#13917,0.5);
#13917 = AXIS2_PLACEMENT_3D('',#13918,#13919,#13920);
#13918 = CARTESIAN_POINT('',(50.,-72.5,-4.6E-02));
#13919 = DIRECTION('',(-0.,-0.,-1.));
#13920 = DIRECTION('',(-0.,-1.,0.));
#13921 = ADVANCED_FACE('',(#13922),#13933,.F.);
#13922 = FACE_BOUND('',#13923,.T.);
#13923 = EDGE_LOOP('',(#13924,#13925,#13931,#13932));
#13924 = ORIENTED_EDGE('',*,*,#11583,.T.);
#13925 = ORIENTED_EDGE('',*,*,#13926,.T.);
#13926 = EDGE_CURVE('',#11584,#12699,#13927,.T.);
#13927 = LINE('',#13928,#13929);
#13928 = CARTESIAN_POINT('',(50.,-65.5,-4.6E-02));
#13929 = VECTOR('',#13930,1.);
#13930 = DIRECTION('',(0.,0.,1.));
#13931 = ORIENTED_EDGE('',*,*,#12698,.F.);
#13932 = ORIENTED_EDGE('',*,*,#13926,.F.);
#13933 = CYLINDRICAL_SURFACE('',#13934,0.5);
#13934 = AXIS2_PLACEMENT_3D('',#13935,#13936,#13937);
#13935 = CARTESIAN_POINT('',(50.,-65.,-4.6E-02));
#13936 = DIRECTION('',(-0.,-0.,-1.));
#13937 = DIRECTION('',(-0.,-1.,0.));
#13938 = ADVANCED_FACE('',(#13939),#13950,.F.);
#13939 = FACE_BOUND('',#13940,.T.);
#13940 = EDGE_LOOP('',(#13941,#13942,#13948,#13949));
#13941 = ORIENTED_EDGE('',*,*,#11594,.T.);
#13942 = ORIENTED_EDGE('',*,*,#13943,.T.);
#13943 = EDGE_CURVE('',#11595,#12710,#13944,.T.);
#13944 = LINE('',#13945,#13946);
#13945 = CARTESIAN_POINT('',(60.,-73.,-4.6E-02));
#13946 = VECTOR('',#13947,1.);
#13947 = DIRECTION('',(0.,0.,1.));
#13948 = ORIENTED_EDGE('',*,*,#12709,.F.);
#13949 = ORIENTED_EDGE('',*,*,#13943,.F.);
#13950 = CYLINDRICAL_SURFACE('',#13951,0.5);
#13951 = AXIS2_PLACEMENT_3D('',#13952,#13953,#13954);
#13952 = CARTESIAN_POINT('',(60.,-72.5,-4.6E-02));
#13953 = DIRECTION('',(-0.,-0.,-1.));
#13954 = DIRECTION('',(-0.,-1.,0.));
#13955 = ADVANCED_FACE('',(#13956),#13967,.F.);
#13956 = FACE_BOUND('',#13957,.T.);
#13957 = EDGE_LOOP('',(#13958,#13959,#13965,#13966));
#13958 = ORIENTED_EDGE('',*,*,#11605,.T.);
#13959 = ORIENTED_EDGE('',*,*,#13960,.T.);
#13960 = EDGE_CURVE('',#11606,#12721,#13961,.T.);
#13961 = LINE('',#13962,#13963);
#13962 = CARTESIAN_POINT('',(85.,-80.41,-4.6E-02));
#13963 = VECTOR('',#13964,1.);
#13964 = DIRECTION('',(0.,0.,1.));
#13965 = ORIENTED_EDGE('',*,*,#12720,.F.);
#13966 = ORIENTED_EDGE('',*,*,#13960,.F.);
#13967 = CYLINDRICAL_SURFACE('',#13968,0.45);
#13968 = AXIS2_PLACEMENT_3D('',#13969,#13970,#13971);
#13969 = CARTESIAN_POINT('',(85.,-79.96,-4.6E-02));
#13970 = DIRECTION('',(-0.,-0.,-1.));
#13971 = DIRECTION('',(-0.,-1.,0.));
#13972 = ADVANCED_FACE('',(#13973),#13984,.F.);
#13973 = FACE_BOUND('',#13974,.T.);
#13974 = EDGE_LOOP('',(#13975,#13976,#13982,#13983));
#13975 = ORIENTED_EDGE('',*,*,#11616,.T.);
#13976 = ORIENTED_EDGE('',*,*,#13977,.T.);
#13977 = EDGE_CURVE('',#11617,#12732,#13978,.T.);
#13978 = LINE('',#13979,#13980);
#13979 = CARTESIAN_POINT('',(82.,-77.98,-4.6E-02));
#13980 = VECTOR('',#13981,1.);
#13981 = DIRECTION('',(0.,0.,1.));
#13982 = ORIENTED_EDGE('',*,*,#12731,.F.);
#13983 = ORIENTED_EDGE('',*,*,#13977,.F.);
#13984 = CYLINDRICAL_SURFACE('',#13985,0.4);
#13985 = AXIS2_PLACEMENT_3D('',#13986,#13987,#13988);
#13986 = CARTESIAN_POINT('',(82.,-77.58,-4.6E-02));
#13987 = DIRECTION('',(-0.,-0.,-1.));
#13988 = DIRECTION('',(-0.,-1.,0.));
#13989 = ADVANCED_FACE('',(#13990),#14001,.F.);
#13990 = FACE_BOUND('',#13991,.T.);
#13991 = EDGE_LOOP('',(#13992,#13993,#13999,#14000));
#13992 = ORIENTED_EDGE('',*,*,#11627,.T.);
#13993 = ORIENTED_EDGE('',*,*,#13994,.T.);
#13994 = EDGE_CURVE('',#11628,#12743,#13995,.T.);
#13995 = LINE('',#13996,#13997);
#13996 = CARTESIAN_POINT('',(74.,-65.55,-4.6E-02));
#13997 = VECTOR('',#13998,1.);
#13998 = DIRECTION('',(0.,0.,1.));
#13999 = ORIENTED_EDGE('',*,*,#12742,.F.);
#14000 = ORIENTED_EDGE('',*,*,#13994,.F.);
#14001 = CYLINDRICAL_SURFACE('',#14002,0.55);
#14002 = AXIS2_PLACEMENT_3D('',#14003,#14004,#14005);
#14003 = CARTESIAN_POINT('',(74.,-65.,-4.6E-02));
#14004 = DIRECTION('',(-0.,-0.,-1.));
#14005 = DIRECTION('',(-0.,-1.,0.));
#14006 = ADVANCED_FACE('',(#14007),#14018,.F.);
#14007 = FACE_BOUND('',#14008,.T.);
#14008 = EDGE_LOOP('',(#14009,#14010,#14016,#14017));
#14009 = ORIENTED_EDGE('',*,*,#11638,.T.);
#14010 = ORIENTED_EDGE('',*,*,#14011,.T.);
#14011 = EDGE_CURVE('',#11639,#12754,#14012,.T.);
#14012 = LINE('',#14013,#14014);
#14013 = CARTESIAN_POINT('',(76.29,-65.55,-4.6E-02));
#14014 = VECTOR('',#14015,1.);
#14015 = DIRECTION('',(0.,0.,1.));
#14016 = ORIENTED_EDGE('',*,*,#12753,.F.);
#14017 = ORIENTED_EDGE('',*,*,#14011,.F.);
#14018 = CYLINDRICAL_SURFACE('',#14019,0.55);
#14019 = AXIS2_PLACEMENT_3D('',#14020,#14021,#14022);
#14020 = CARTESIAN_POINT('',(76.29,-65.,-4.6E-02));
#14021 = DIRECTION('',(-0.,0.,-1.));
#14022 = DIRECTION('',(2.5837917664E-14,-1.,-0.));
#14023 = ADVANCED_FACE('',(#14024),#14035,.F.);
#14024 = FACE_BOUND('',#14025,.T.);
#14025 = EDGE_LOOP('',(#14026,#14027,#14033,#14034));
#14026 = ORIENTED_EDGE('',*,*,#11649,.T.);
#14027 = ORIENTED_EDGE('',*,*,#14028,.T.);
#14028 = EDGE_CURVE('',#11650,#12765,#14029,.T.);
#14029 = LINE('',#14030,#14031);
#14030 = CARTESIAN_POINT('',(78.58,-65.55,-4.6E-02));
#14031 = VECTOR('',#14032,1.);
#14032 = DIRECTION('',(0.,0.,1.));
#14033 = ORIENTED_EDGE('',*,*,#12764,.F.);
#14034 = ORIENTED_EDGE('',*,*,#14028,.F.);
#14035 = CYLINDRICAL_SURFACE('',#14036,0.55);
#14036 = AXIS2_PLACEMENT_3D('',#14037,#14038,#14039);
#14037 = CARTESIAN_POINT('',(78.58,-65.,-4.6E-02));
#14038 = DIRECTION('',(-0.,-0.,-1.));
#14039 = DIRECTION('',(-0.,-1.,0.));
#14040 = ADVANCED_FACE('',(#14041),#14052,.F.);
#14041 = FACE_BOUND('',#14042,.T.);
#14042 = EDGE_LOOP('',(#14043,#14044,#14050,#14051));
#14043 = ORIENTED_EDGE('',*,*,#11660,.T.);
#14044 = ORIENTED_EDGE('',*,*,#14045,.T.);
#14045 = EDGE_CURVE('',#11661,#12776,#14046,.T.);
#14046 = LINE('',#14047,#14048);
#14047 = CARTESIAN_POINT('',(82.,-67.82,-4.6E-02));
#14048 = VECTOR('',#14049,1.);
#14049 = DIRECTION('',(0.,0.,1.));
#14050 = ORIENTED_EDGE('',*,*,#12775,.F.);
#14051 = ORIENTED_EDGE('',*,*,#14045,.F.);
#14052 = CYLINDRICAL_SURFACE('',#14053,0.4);
#14053 = AXIS2_PLACEMENT_3D('',#14054,#14055,#14056);
#14054 = CARTESIAN_POINT('',(82.,-67.42,-4.6E-02));
#14055 = DIRECTION('',(-0.,-0.,-1.));
#14056 = DIRECTION('',(-0.,-1.,0.));
#14057 = ADVANCED_FACE('',(#14058),#14069,.F.);
#14058 = FACE_BOUND('',#14059,.T.);
#14059 = EDGE_LOOP('',(#14060,#14061,#14067,#14068));
#14060 = ORIENTED_EDGE('',*,*,#11671,.T.);
#14061 = ORIENTED_EDGE('',*,*,#14062,.T.);
#14062 = EDGE_CURVE('',#11672,#12787,#14063,.T.);
#14063 = LINE('',#14064,#14065);
#14064 = CARTESIAN_POINT('',(95.,-97.35,-4.6E-02));
#14065 = VECTOR('',#14066,1.);
#14066 = DIRECTION('',(0.,0.,1.));
#14067 = ORIENTED_EDGE('',*,*,#12786,.F.);
#14068 = ORIENTED_EDGE('',*,*,#14062,.F.);
#14069 = CYLINDRICAL_SURFACE('',#14070,1.35);
#14070 = AXIS2_PLACEMENT_3D('',#14071,#14072,#14073);
#14071 = CARTESIAN_POINT('',(95.,-96.,-4.6E-02));
#14072 = DIRECTION('',(-0.,-0.,-1.));
#14073 = DIRECTION('',(-0.,-1.,0.));
#14074 = ADVANCED_FACE('',(#14075),#14086,.F.);
#14075 = FACE_BOUND('',#14076,.T.);
#14076 = EDGE_LOOP('',(#14077,#14078,#14084,#14085));
#14077 = ORIENTED_EDGE('',*,*,#11682,.T.);
#14078 = ORIENTED_EDGE('',*,*,#14079,.T.);
#14079 = EDGE_CURVE('',#11683,#12798,#14080,.T.);
#14080 = LINE('',#14081,#14082);
#14081 = CARTESIAN_POINT('',(95.,-92.35,-4.6E-02));
#14082 = VECTOR('',#14083,1.);
#14083 = DIRECTION('',(0.,0.,1.));
#14084 = ORIENTED_EDGE('',*,*,#12797,.F.);
#14085 = ORIENTED_EDGE('',*,*,#14079,.F.);
#14086 = CYLINDRICAL_SURFACE('',#14087,1.35);
#14087 = AXIS2_PLACEMENT_3D('',#14088,#14089,#14090);
#14088 = CARTESIAN_POINT('',(95.,-91.,-4.6E-02));
#14089 = DIRECTION('',(-0.,-0.,-1.));
#14090 = DIRECTION('',(-0.,-1.,0.));
#14091 = ADVANCED_FACE('',(#14092),#14103,.F.);
#14092 = FACE_BOUND('',#14093,.T.);
#14093 = EDGE_LOOP('',(#14094,#14095,#14101,#14102));
#14094 = ORIENTED_EDGE('',*,*,#11693,.T.);
#14095 = ORIENTED_EDGE('',*,*,#14096,.T.);
#14096 = EDGE_CURVE('',#11694,#12809,#14097,.T.);
#14097 = LINE('',#14098,#14099);
#14098 = CARTESIAN_POINT('',(105.,-97.35,-4.6E-02));
#14099 = VECTOR('',#14100,1.);
#14100 = DIRECTION('',(0.,0.,1.));
#14101 = ORIENTED_EDGE('',*,*,#12808,.F.);
#14102 = ORIENTED_EDGE('',*,*,#14096,.F.);
#14103 = CYLINDRICAL_SURFACE('',#14104,1.35);
#14104 = AXIS2_PLACEMENT_3D('',#14105,#14106,#14107);
#14105 = CARTESIAN_POINT('',(105.,-96.,-4.6E-02));
#14106 = DIRECTION('',(-0.,-0.,-1.));
#14107 = DIRECTION('',(-0.,-1.,0.));
#14108 = ADVANCED_FACE('',(#14109),#14120,.F.);
#14109 = FACE_BOUND('',#14110,.T.);
#14110 = EDGE_LOOP('',(#14111,#14112,#14118,#14119));
#14111 = ORIENTED_EDGE('',*,*,#11704,.T.);
#14112 = ORIENTED_EDGE('',*,*,#14113,.T.);
#14113 = EDGE_CURVE('',#11705,#12820,#14114,.T.);
#14114 = LINE('',#14115,#14116);
#14115 = CARTESIAN_POINT('',(105.,-92.35,-4.6E-02));
#14116 = VECTOR('',#14117,1.);
#14117 = DIRECTION('',(0.,0.,1.));
#14118 = ORIENTED_EDGE('',*,*,#12819,.F.);
#14119 = ORIENTED_EDGE('',*,*,#14113,.F.);
#14120 = CYLINDRICAL_SURFACE('',#14121,1.35);
#14121 = AXIS2_PLACEMENT_3D('',#14122,#14123,#14124);
#14122 = CARTESIAN_POINT('',(105.,-91.,-4.6E-02));
#14123 = DIRECTION('',(-0.,-0.,-1.));
#14124 = DIRECTION('',(-0.,-1.,0.));
#14125 = ADVANCED_FACE('',(#14126),#14137,.F.);
#14126 = FACE_BOUND('',#14127,.T.);
#14127 = EDGE_LOOP('',(#14128,#14129,#14135,#14136));
#14128 = ORIENTED_EDGE('',*,*,#11715,.T.);
#14129 = ORIENTED_EDGE('',*,*,#14130,.T.);
#14130 = EDGE_CURVE('',#11716,#12831,#14131,.T.);
#14131 = LINE('',#14132,#14133);
#14132 = CARTESIAN_POINT('',(90.,-82.99,-4.6E-02));
#14133 = VECTOR('',#14134,1.);
#14134 = DIRECTION('',(0.,0.,1.));
#14135 = ORIENTED_EDGE('',*,*,#12830,.F.);
#14136 = ORIENTED_EDGE('',*,*,#14130,.F.);
#14137 = CYLINDRICAL_SURFACE('',#14138,0.45);
#14138 = AXIS2_PLACEMENT_3D('',#14139,#14140,#14141);
#14139 = CARTESIAN_POINT('',(90.,-82.54,-4.6E-02));
#14140 = DIRECTION('',(-0.,-0.,-1.));
#14141 = DIRECTION('',(-0.,-1.,0.));
#14142 = ADVANCED_FACE('',(#14143),#14154,.F.);
#14143 = FACE_BOUND('',#14144,.T.);
#14144 = EDGE_LOOP('',(#14145,#14146,#14152,#14153));
#14145 = ORIENTED_EDGE('',*,*,#11726,.T.);
#14146 = ORIENTED_EDGE('',*,*,#14147,.T.);
#14147 = EDGE_CURVE('',#11727,#12842,#14148,.T.);
#14148 = LINE('',#14149,#14150);
#14149 = CARTESIAN_POINT('',(95.,-82.99,-4.6E-02));
#14150 = VECTOR('',#14151,1.);
#14151 = DIRECTION('',(0.,0.,1.));
#14152 = ORIENTED_EDGE('',*,*,#12841,.F.);
#14153 = ORIENTED_EDGE('',*,*,#14147,.F.);
#14154 = CYLINDRICAL_SURFACE('',#14155,0.45);
#14155 = AXIS2_PLACEMENT_3D('',#14156,#14157,#14158);
#14156 = CARTESIAN_POINT('',(95.,-82.54,-4.6E-02));
#14157 = DIRECTION('',(-0.,-0.,-1.));
#14158 = DIRECTION('',(-0.,-1.,0.));
#14159 = ADVANCED_FACE('',(#14160),#14171,.F.);
#14160 = FACE_BOUND('',#14161,.T.);
#14161 = EDGE_LOOP('',(#14162,#14163,#14169,#14170));
#14162 = ORIENTED_EDGE('',*,*,#11737,.T.);
#14163 = ORIENTED_EDGE('',*,*,#14164,.T.);
#14164 = EDGE_CURVE('',#11738,#12853,#14165,.T.);
#14165 = LINE('',#14166,#14167);
#14166 = CARTESIAN_POINT('',(115.,-97.35,-4.6E-02));
#14167 = VECTOR('',#14168,1.);
#14168 = DIRECTION('',(0.,0.,1.));
#14169 = ORIENTED_EDGE('',*,*,#12852,.F.);
#14170 = ORIENTED_EDGE('',*,*,#14164,.F.);
#14171 = CYLINDRICAL_SURFACE('',#14172,1.35);
#14172 = AXIS2_PLACEMENT_3D('',#14173,#14174,#14175);
#14173 = CARTESIAN_POINT('',(115.,-96.,-4.6E-02));
#14174 = DIRECTION('',(-0.,-0.,-1.));
#14175 = DIRECTION('',(-0.,-1.,0.));
#14176 = ADVANCED_FACE('',(#14177),#14188,.F.);
#14177 = FACE_BOUND('',#14178,.T.);
#14178 = EDGE_LOOP('',(#14179,#14180,#14186,#14187));
#14179 = ORIENTED_EDGE('',*,*,#11748,.T.);
#14180 = ORIENTED_EDGE('',*,*,#14181,.T.);
#14181 = EDGE_CURVE('',#11749,#12864,#14182,.T.);
#14182 = LINE('',#14183,#14184);
#14183 = CARTESIAN_POINT('',(115.,-92.35,-4.6E-02));
#14184 = VECTOR('',#14185,1.);
#14185 = DIRECTION('',(0.,0.,1.));
#14186 = ORIENTED_EDGE('',*,*,#12863,.F.);
#14187 = ORIENTED_EDGE('',*,*,#14181,.F.);
#14188 = CYLINDRICAL_SURFACE('',#14189,1.35);
#14189 = AXIS2_PLACEMENT_3D('',#14190,#14191,#14192);
#14190 = CARTESIAN_POINT('',(115.,-91.,-4.6E-02));
#14191 = DIRECTION('',(-0.,-0.,-1.));
#14192 = DIRECTION('',(-0.,-1.,0.));
#14193 = ADVANCED_FACE('',(#14194),#14205,.F.);
#14194 = FACE_BOUND('',#14195,.T.);
#14195 = EDGE_LOOP('',(#14196,#14202,#14203,#14204));
#14196 = ORIENTED_EDGE('',*,*,#14197,.T.);
#14197 = EDGE_CURVE('',#11760,#12875,#14198,.T.);
#14198 = LINE('',#14199,#14200);
#14199 = CARTESIAN_POINT('',(126.67,-95.,0.));
#14200 = VECTOR('',#14201,1.);
#14201 = DIRECTION('',(0.,0.,1.));
#14202 = ORIENTED_EDGE('',*,*,#12874,.T.);
#14203 = ORIENTED_EDGE('',*,*,#14197,.F.);
#14204 = ORIENTED_EDGE('',*,*,#11759,.F.);
#14205 = CYLINDRICAL_SURFACE('',#14206,1.67);
#14206 = AXIS2_PLACEMENT_3D('',#14207,#14208,#14209);
#14207 = CARTESIAN_POINT('',(125.,-95.,0.));
#14208 = DIRECTION('',(-0.,-0.,-1.));
#14209 = DIRECTION('',(1.,0.,-0.));
#14210 = ADVANCED_FACE('',(#14211),#14222,.F.);
#14211 = FACE_BOUND('',#14212,.T.);
#14212 = EDGE_LOOP('',(#14213,#14214,#14220,#14221));
#14213 = ORIENTED_EDGE('',*,*,#11770,.T.);
#14214 = ORIENTED_EDGE('',*,*,#14215,.T.);
#14215 = EDGE_CURVE('',#11771,#12886,#14216,.T.);
#14216 = LINE('',#14217,#14218);
#14217 = CARTESIAN_POINT('',(90.,-80.45,-4.6E-02));
#14218 = VECTOR('',#14219,1.);
#14219 = DIRECTION('',(0.,0.,1.));
#14220 = ORIENTED_EDGE('',*,*,#12885,.F.);
#14221 = ORIENTED_EDGE('',*,*,#14215,.F.);
#14222 = CYLINDRICAL_SURFACE('',#14223,0.45);
#14223 = AXIS2_PLACEMENT_3D('',#14224,#14225,#14226);
#14224 = CARTESIAN_POINT('',(90.,-80.,-4.6E-02));
#14225 = DIRECTION('',(-0.,-0.,-1.));
#14226 = DIRECTION('',(-0.,-1.,0.));
#14227 = ADVANCED_FACE('',(#14228),#14239,.F.);
#14228 = FACE_BOUND('',#14229,.T.);
#14229 = EDGE_LOOP('',(#14230,#14231,#14237,#14238));
#14230 = ORIENTED_EDGE('',*,*,#11781,.T.);
#14231 = ORIENTED_EDGE('',*,*,#14232,.T.);
#14232 = EDGE_CURVE('',#11782,#12897,#14233,.T.);
#14233 = LINE('',#14234,#14235);
#14234 = CARTESIAN_POINT('',(86.,-77.98,-4.6E-02));
#14235 = VECTOR('',#14236,1.);
#14236 = DIRECTION('',(0.,0.,1.));
#14237 = ORIENTED_EDGE('',*,*,#12896,.F.);
#14238 = ORIENTED_EDGE('',*,*,#14232,.F.);
#14239 = CYLINDRICAL_SURFACE('',#14240,0.4);
#14240 = AXIS2_PLACEMENT_3D('',#14241,#14242,#14243);
#14241 = CARTESIAN_POINT('',(86.,-77.58,-4.6E-02));
#14242 = DIRECTION('',(-0.,-0.,-1.));
#14243 = DIRECTION('',(-0.,-1.,0.));
#14244 = ADVANCED_FACE('',(#14245),#14256,.F.);
#14245 = FACE_BOUND('',#14246,.T.);
#14246 = EDGE_LOOP('',(#14247,#14248,#14254,#14255));
#14247 = ORIENTED_EDGE('',*,*,#11792,.T.);
#14248 = ORIENTED_EDGE('',*,*,#14249,.T.);
#14249 = EDGE_CURVE('',#11793,#12908,#14250,.T.);
#14250 = LINE('',#14251,#14252);
#14251 = CARTESIAN_POINT('',(90.,-77.98,-4.6E-02));
#14252 = VECTOR('',#14253,1.);
#14253 = DIRECTION('',(0.,0.,1.));
#14254 = ORIENTED_EDGE('',*,*,#12907,.F.);
#14255 = ORIENTED_EDGE('',*,*,#14249,.F.);
#14256 = CYLINDRICAL_SURFACE('',#14257,0.4);
#14257 = AXIS2_PLACEMENT_3D('',#14258,#14259,#14260);
#14258 = CARTESIAN_POINT('',(90.,-77.58,-4.6E-02));
#14259 = DIRECTION('',(-0.,-0.,-1.));
#14260 = DIRECTION('',(-0.,-1.,0.));
#14261 = ADVANCED_FACE('',(#14262),#14273,.F.);
#14262 = FACE_BOUND('',#14263,.T.);
#14263 = EDGE_LOOP('',(#14264,#14265,#14271,#14272));
#14264 = ORIENTED_EDGE('',*,*,#11803,.T.);
#14265 = ORIENTED_EDGE('',*,*,#14266,.T.);
#14266 = EDGE_CURVE('',#11804,#12919,#14267,.T.);
#14267 = LINE('',#14268,#14269);
#14268 = CARTESIAN_POINT('',(95.,-80.45,-4.6E-02));
#14269 = VECTOR('',#14270,1.);
#14270 = DIRECTION('',(0.,0.,1.));
#14271 = ORIENTED_EDGE('',*,*,#12918,.F.);
#14272 = ORIENTED_EDGE('',*,*,#14266,.F.);
#14273 = CYLINDRICAL_SURFACE('',#14274,0.45);
#14274 = AXIS2_PLACEMENT_3D('',#14275,#14276,#14277);
#14275 = CARTESIAN_POINT('',(95.,-80.,-4.6E-02));
#14276 = DIRECTION('',(-0.,-0.,-1.));
#14277 = DIRECTION('',(-0.,-1.,0.));
#14278 = ADVANCED_FACE('',(#14279),#14290,.F.);
#14279 = FACE_BOUND('',#14280,.T.);
#14280 = EDGE_LOOP('',(#14281,#14282,#14288,#14289));
#14281 = ORIENTED_EDGE('',*,*,#11814,.T.);
#14282 = ORIENTED_EDGE('',*,*,#14283,.T.);
#14283 = EDGE_CURVE('',#11815,#12930,#14284,.T.);
#14284 = LINE('',#14285,#14286);
#14285 = CARTESIAN_POINT('',(94.,-77.98,-4.6E-02));
#14286 = VECTOR('',#14287,1.);
#14287 = DIRECTION('',(0.,0.,1.));
#14288 = ORIENTED_EDGE('',*,*,#12929,.F.);
#14289 = ORIENTED_EDGE('',*,*,#14283,.F.);
#14290 = CYLINDRICAL_SURFACE('',#14291,0.4);
#14291 = AXIS2_PLACEMENT_3D('',#14292,#14293,#14294);
#14292 = CARTESIAN_POINT('',(94.,-77.58,-4.6E-02));
#14293 = DIRECTION('',(-0.,-0.,-1.));
#14294 = DIRECTION('',(-0.,-1.,0.));
#14295 = ADVANCED_FACE('',(#14296),#14307,.F.);
#14296 = FACE_BOUND('',#14297,.T.);
#14297 = EDGE_LOOP('',(#14298,#14299,#14305,#14306));
#14298 = ORIENTED_EDGE('',*,*,#11825,.T.);
#14299 = ORIENTED_EDGE('',*,*,#14300,.T.);
#14300 = EDGE_CURVE('',#11826,#12941,#14301,.T.);
#14301 = LINE('',#14302,#14303);
#14302 = CARTESIAN_POINT('',(100.,-81.5,-4.6E-02));
#14303 = VECTOR('',#14304,1.);
#14304 = DIRECTION('',(0.,0.,1.));
#14305 = ORIENTED_EDGE('',*,*,#12940,.F.);
#14306 = ORIENTED_EDGE('',*,*,#14300,.F.);
#14307 = CYLINDRICAL_SURFACE('',#14308,0.5);
#14308 = AXIS2_PLACEMENT_3D('',#14309,#14310,#14311);
#14309 = CARTESIAN_POINT('',(100.,-81.,-4.6E-02));
#14310 = DIRECTION('',(-0.,-0.,-1.));
#14311 = DIRECTION('',(-0.,-1.,0.));
#14312 = ADVANCED_FACE('',(#14313),#14324,.F.);
#14313 = FACE_BOUND('',#14314,.T.);
#14314 = EDGE_LOOP('',(#14315,#14316,#14322,#14323));
#14315 = ORIENTED_EDGE('',*,*,#11836,.T.);
#14316 = ORIENTED_EDGE('',*,*,#14317,.T.);
#14317 = EDGE_CURVE('',#11837,#12952,#14318,.T.);
#14318 = LINE('',#14319,#14320);
#14319 = CARTESIAN_POINT('',(105.,-81.5,-4.6E-02));
#14320 = VECTOR('',#14321,1.);
#14321 = DIRECTION('',(0.,0.,1.));
#14322 = ORIENTED_EDGE('',*,*,#12951,.F.);
#14323 = ORIENTED_EDGE('',*,*,#14317,.F.);
#14324 = CYLINDRICAL_SURFACE('',#14325,0.5);
#14325 = AXIS2_PLACEMENT_3D('',#14326,#14327,#14328);
#14326 = CARTESIAN_POINT('',(105.,-81.,-4.6E-02));
#14327 = DIRECTION('',(-0.,-0.,-1.));
#14328 = DIRECTION('',(-0.,-1.,0.));
#14329 = ADVANCED_FACE('',(#14330),#14341,.F.);
#14330 = FACE_BOUND('',#14331,.T.);
#14331 = EDGE_LOOP('',(#14332,#14333,#14339,#14340));
#14332 = ORIENTED_EDGE('',*,*,#11847,.T.);
#14333 = ORIENTED_EDGE('',*,*,#14334,.T.);
#14334 = EDGE_CURVE('',#11848,#12963,#14335,.T.);
#14335 = LINE('',#14336,#14337);
#14336 = CARTESIAN_POINT('',(106.25,-74.05,-4.6E-02));
#14337 = VECTOR('',#14338,1.);
#14338 = DIRECTION('',(0.,0.,1.));
#14339 = ORIENTED_EDGE('',*,*,#12962,.F.);
#14340 = ORIENTED_EDGE('',*,*,#14334,.F.);
#14341 = CYLINDRICAL_SURFACE('',#14342,1.);
#14342 = AXIS2_PLACEMENT_3D('',#14343,#14344,#14345);
#14343 = CARTESIAN_POINT('',(106.25,-73.05,-4.6E-02));
#14344 = DIRECTION('',(-0.,-0.,-1.));
#14345 = DIRECTION('',(-0.,-1.,0.));
#14346 = ADVANCED_FACE('',(#14347),#14358,.F.);
#14347 = FACE_BOUND('',#14348,.T.);
#14348 = EDGE_LOOP('',(#14349,#14350,#14356,#14357));
#14349 = ORIENTED_EDGE('',*,*,#11858,.T.);
#14350 = ORIENTED_EDGE('',*,*,#14351,.T.);
#14351 = EDGE_CURVE('',#11859,#12974,#14352,.T.);
#14352 = LINE('',#14353,#14354);
#14353 = CARTESIAN_POINT('',(86.,-67.82,-4.6E-02));
#14354 = VECTOR('',#14355,1.);
#14355 = DIRECTION('',(0.,0.,1.));
#14356 = ORIENTED_EDGE('',*,*,#12973,.F.);
#14357 = ORIENTED_EDGE('',*,*,#14351,.F.);
#14358 = CYLINDRICAL_SURFACE('',#14359,0.4);
#14359 = AXIS2_PLACEMENT_3D('',#14360,#14361,#14362);
#14360 = CARTESIAN_POINT('',(86.,-67.42,-4.6E-02));
#14361 = DIRECTION('',(-0.,-0.,-1.));
#14362 = DIRECTION('',(-0.,-1.,0.));
#14363 = ADVANCED_FACE('',(#14364),#14375,.F.);
#14364 = FACE_BOUND('',#14365,.T.);
#14365 = EDGE_LOOP('',(#14366,#14367,#14373,#14374));
#14366 = ORIENTED_EDGE('',*,*,#11869,.T.);
#14367 = ORIENTED_EDGE('',*,*,#14368,.T.);
#14368 = EDGE_CURVE('',#11870,#12985,#14369,.T.);
#14369 = LINE('',#14370,#14371);
#14370 = CARTESIAN_POINT('',(90.,-67.82,-4.6E-02));
#14371 = VECTOR('',#14372,1.);
#14372 = DIRECTION('',(0.,0.,1.));
#14373 = ORIENTED_EDGE('',*,*,#12984,.F.);
#14374 = ORIENTED_EDGE('',*,*,#14368,.F.);
#14375 = CYLINDRICAL_SURFACE('',#14376,0.4);
#14376 = AXIS2_PLACEMENT_3D('',#14377,#14378,#14379);
#14377 = CARTESIAN_POINT('',(90.,-67.42,-4.6E-02));
#14378 = DIRECTION('',(-0.,-0.,-1.));
#14379 = DIRECTION('',(-0.,-1.,0.));
#14380 = ADVANCED_FACE('',(#14381),#14392,.F.);
#14381 = FACE_BOUND('',#14382,.T.);
#14382 = EDGE_LOOP('',(#14383,#14384,#14390,#14391));
#14383 = ORIENTED_EDGE('',*,*,#11880,.T.);
#14384 = ORIENTED_EDGE('',*,*,#14385,.T.);
#14385 = EDGE_CURVE('',#11881,#12996,#14386,.T.);
#14386 = LINE('',#14387,#14388);
#14387 = CARTESIAN_POINT('',(94.,-67.82,-4.6E-02));
#14388 = VECTOR('',#14389,1.);
#14389 = DIRECTION('',(0.,0.,1.));
#14390 = ORIENTED_EDGE('',*,*,#12995,.F.);
#14391 = ORIENTED_EDGE('',*,*,#14385,.F.);
#14392 = CYLINDRICAL_SURFACE('',#14393,0.4);
#14393 = AXIS2_PLACEMENT_3D('',#14394,#14395,#14396);
#14394 = CARTESIAN_POINT('',(94.,-67.42,-4.6E-02));
#14395 = DIRECTION('',(-0.,-0.,-1.));
#14396 = DIRECTION('',(-0.,-1.,0.));
#14397 = ADVANCED_FACE('',(#14398),#14414,.F.);
#14398 = FACE_BOUND('',#14399,.T.);
#14399 = EDGE_LOOP('',(#14400,#14401,#14407,#14408));
#14400 = ORIENTED_EDGE('',*,*,#11891,.T.);
#14401 = ORIENTED_EDGE('',*,*,#14402,.T.);
#14402 = EDGE_CURVE('',#11894,#13009,#14403,.T.);
#14403 = LINE('',#14404,#14405);
#14404 = CARTESIAN_POINT('',(96.05,-68.25,-4.6E-02));
#14405 = VECTOR('',#14406,1.);
#14406 = DIRECTION('',(0.,0.,1.));
#14407 = ORIENTED_EDGE('',*,*,#13006,.F.);
#14408 = ORIENTED_EDGE('',*,*,#14409,.F.);
#14409 = EDGE_CURVE('',#11892,#13007,#14410,.T.);
#14410 = LINE('',#14411,#14412);
#14411 = CARTESIAN_POINT('',(97.75,-68.25,-4.6E-02));
#14412 = VECTOR('',#14413,1.);
#14413 = DIRECTION('',(0.,0.,1.));
#14414 = CYLINDRICAL_SURFACE('',#14415,0.85);
#14415 = AXIS2_PLACEMENT_3D('',#14416,#14417,#14418);
#14416 = CARTESIAN_POINT('',(96.9,-68.25,-4.6E-02));
#14417 = DIRECTION('',(-0.,-0.,-1.));
#14418 = DIRECTION('',(-1.,-1.671865260612E-14,0.));
#14419 = ADVANCED_FACE('',(#14420),#14431,.T.);
#14420 = FACE_BOUND('',#14421,.T.);
#14421 = EDGE_LOOP('',(#14422,#14423,#14424,#14425));
#14422 = ORIENTED_EDGE('',*,*,#11919,.T.);
#14423 = ORIENTED_EDGE('',*,*,#14409,.T.);
#14424 = ORIENTED_EDGE('',*,*,#13034,.F.);
#14425 = ORIENTED_EDGE('',*,*,#14426,.F.);
#14426 = EDGE_CURVE('',#11911,#13026,#14427,.T.);
#14427 = LINE('',#14428,#14429);
#14428 = CARTESIAN_POINT('',(97.75,-65.85,-4.6E-02));
#14429 = VECTOR('',#14430,1.);
#14430 = DIRECTION('',(0.,0.,1.));
#14431 = PLANE('',#14432);
#14432 = AXIS2_PLACEMENT_3D('',#14433,#14434,#14435);
#14433 = CARTESIAN_POINT('',(97.75,-68.25,-4.6E-02));
#14434 = DIRECTION('',(-1.,0.,0.));
#14435 = DIRECTION('',(0.,1.,0.));
#14436 = ADVANCED_FACE('',(#14437),#14448,.F.);
#14437 = FACE_BOUND('',#14438,.T.);
#14438 = EDGE_LOOP('',(#14439,#14440,#14441,#14442));
#14439 = ORIENTED_EDGE('',*,*,#11910,.T.);
#14440 = ORIENTED_EDGE('',*,*,#14426,.T.);
#14441 = ORIENTED_EDGE('',*,*,#13025,.F.);
#14442 = ORIENTED_EDGE('',*,*,#14443,.F.);
#14443 = EDGE_CURVE('',#11903,#13018,#14444,.T.);
#14444 = LINE('',#14445,#14446);
#14445 = CARTESIAN_POINT('',(96.05,-65.85,-4.6E-02));
#14446 = VECTOR('',#14447,1.);
#14447 = DIRECTION('',(0.,0.,1.));
#14448 = CYLINDRICAL_SURFACE('',#14449,0.85);
#14449 = AXIS2_PLACEMENT_3D('',#14450,#14451,#14452);
#14450 = CARTESIAN_POINT('',(96.9,-65.85,-4.6E-02));
#14451 = DIRECTION('',(-0.,-0.,-1.));
#14452 = DIRECTION('',(1.,1.671865260612E-14,-0.));
#14453 = ADVANCED_FACE('',(#14454),#14460,.T.);
#14454 = FACE_BOUND('',#14455,.T.);
#14455 = EDGE_LOOP('',(#14456,#14457,#14458,#14459));
#14456 = ORIENTED_EDGE('',*,*,#11902,.T.);
#14457 = ORIENTED_EDGE('',*,*,#14443,.T.);
#14458 = ORIENTED_EDGE('',*,*,#13017,.F.);
#14459 = ORIENTED_EDGE('',*,*,#14402,.F.);
#14460 = PLANE('',#14461);
#14461 = AXIS2_PLACEMENT_3D('',#14462,#14463,#14464);
#14462 = CARTESIAN_POINT('',(96.05,-65.85,-4.6E-02));
#14463 = DIRECTION('',(1.,0.,-0.));
#14464 = DIRECTION('',(0.,-1.,0.));
#14465 = ADVANCED_FACE('',(#14466),#14477,.F.);
#14466 = FACE_BOUND('',#14467,.T.);
#14467 = EDGE_LOOP('',(#14468,#14469,#14475,#14476));
#14468 = ORIENTED_EDGE('',*,*,#11927,.T.);
#14469 = ORIENTED_EDGE('',*,*,#14470,.T.);
#14470 = EDGE_CURVE('',#11928,#13043,#14471,.T.);
#14471 = LINE('',#14472,#14473);
#14472 = CARTESIAN_POINT('',(111.,-81.5,-4.6E-02));
#14473 = VECTOR('',#14474,1.);
#14474 = DIRECTION('',(0.,0.,1.));
#14475 = ORIENTED_EDGE('',*,*,#13042,.F.);
#14476 = ORIENTED_EDGE('',*,*,#14470,.F.);
#14477 = CYLINDRICAL_SURFACE('',#14478,0.5);
#14478 = AXIS2_PLACEMENT_3D('',#14479,#14480,#14481);
#14479 = CARTESIAN_POINT('',(111.,-81.,-4.6E-02));
#14480 = DIRECTION('',(-0.,-0.,-1.));
#14481 = DIRECTION('',(-0.,-1.,0.));
#14482 = ADVANCED_FACE('',(#14483),#14494,.F.);
#14483 = FACE_BOUND('',#14484,.T.);
#14484 = EDGE_LOOP('',(#14485,#14486,#14492,#14493));
#14485 = ORIENTED_EDGE('',*,*,#11938,.T.);
#14486 = ORIENTED_EDGE('',*,*,#14487,.T.);
#14487 = EDGE_CURVE('',#11939,#13054,#14488,.T.);
#14488 = LINE('',#14489,#14490);
#14489 = CARTESIAN_POINT('',(116.,-81.5,-4.6E-02));
#14490 = VECTOR('',#14491,1.);
#14491 = DIRECTION('',(0.,0.,1.));
#14492 = ORIENTED_EDGE('',*,*,#13053,.F.);
#14493 = ORIENTED_EDGE('',*,*,#14487,.F.);
#14494 = CYLINDRICAL_SURFACE('',#14495,0.5);
#14495 = AXIS2_PLACEMENT_3D('',#14496,#14497,#14498);
#14496 = CARTESIAN_POINT('',(116.,-81.,-4.6E-02));
#14497 = DIRECTION('',(-0.,-0.,-1.));
#14498 = DIRECTION('',(-0.,-1.,0.));
#14499 = ADVANCED_FACE('',(#14500),#14511,.F.);
#14500 = FACE_BOUND('',#14501,.T.);
#14501 = EDGE_LOOP('',(#14502,#14503,#14509,#14510));
#14502 = ORIENTED_EDGE('',*,*,#11949,.T.);
#14503 = ORIENTED_EDGE('',*,*,#14504,.T.);
#14504 = EDGE_CURVE('',#11950,#13065,#14505,.T.);
#14505 = LINE('',#14506,#14507);
#14506 = CARTESIAN_POINT('',(123.,-70.5,-4.6E-02));
#14507 = VECTOR('',#14508,1.);
#14508 = DIRECTION('',(0.,0.,1.));
#14509 = ORIENTED_EDGE('',*,*,#13064,.F.);
#14510 = ORIENTED_EDGE('',*,*,#14504,.F.);
#14511 = CYLINDRICAL_SURFACE('',#14512,0.5);
#14512 = AXIS2_PLACEMENT_3D('',#14513,#14514,#14515);
#14513 = CARTESIAN_POINT('',(123.,-70.,-4.6E-02));
#14514 = DIRECTION('',(-0.,-0.,-1.));
#14515 = DIRECTION('',(-0.,-1.,0.));
#14516 = ADVANCED_FACE('',(#14517),#14528,.F.);
#14517 = FACE_BOUND('',#14518,.T.);
#14518 = EDGE_LOOP('',(#14519,#14520,#14526,#14527));
#14519 = ORIENTED_EDGE('',*,*,#11960,.T.);
#14520 = ORIENTED_EDGE('',*,*,#14521,.T.);
#14521 = EDGE_CURVE('',#11961,#13076,#14522,.T.);
#14522 = LINE('',#14523,#14524);
#14523 = CARTESIAN_POINT('',(128.,-70.5,-4.6E-02));
#14524 = VECTOR('',#14525,1.);
#14525 = DIRECTION('',(0.,0.,1.));
#14526 = ORIENTED_EDGE('',*,*,#13075,.F.);
#14527 = ORIENTED_EDGE('',*,*,#14521,.F.);
#14528 = CYLINDRICAL_SURFACE('',#14529,0.5);
#14529 = AXIS2_PLACEMENT_3D('',#14530,#14531,#14532);
#14530 = CARTESIAN_POINT('',(128.,-70.,-4.6E-02));
#14531 = DIRECTION('',(-0.,-0.,-1.));
#14532 = DIRECTION('',(-0.,-1.,0.));
#14533 = ADVANCED_FACE('',(#14534),#14550,.F.);
#14534 = FACE_BOUND('',#14535,.T.);
#14535 = EDGE_LOOP('',(#14536,#14537,#14543,#14544));
#14536 = ORIENTED_EDGE('',*,*,#11971,.T.);
#14537 = ORIENTED_EDGE('',*,*,#14538,.T.);
#14538 = EDGE_CURVE('',#11974,#13089,#14539,.T.);
#14539 = LINE('',#14540,#14541);
#14540 = CARTESIAN_POINT('',(117.25,-68.25,-4.6E-02));
#14541 = VECTOR('',#14542,1.);
#14542 = DIRECTION('',(0.,0.,1.));
#14543 = ORIENTED_EDGE('',*,*,#13086,.F.);
#14544 = ORIENTED_EDGE('',*,*,#14545,.F.);
#14545 = EDGE_CURVE('',#11972,#13087,#14546,.T.);
#14546 = LINE('',#14547,#14548);
#14547 = CARTESIAN_POINT('',(118.95,-68.25,-4.6E-02));
#14548 = VECTOR('',#14549,1.);
#14549 = DIRECTION('',(0.,0.,1.));
#14550 = CYLINDRICAL_SURFACE('',#14551,0.85);
#14551 = AXIS2_PLACEMENT_3D('',#14552,#14553,#14554);
#14552 = CARTESIAN_POINT('',(118.1,-68.25,-4.6E-02));
#14553 = DIRECTION('',(-0.,-0.,-1.));
#14554 = DIRECTION('',(-1.,-1.671865260612E-14,0.));
#14555 = ADVANCED_FACE('',(#14556),#14567,.T.);
#14556 = FACE_BOUND('',#14557,.T.);
#14557 = EDGE_LOOP('',(#14558,#14559,#14560,#14561));
#14558 = ORIENTED_EDGE('',*,*,#11999,.T.);
#14559 = ORIENTED_EDGE('',*,*,#14545,.T.);
#14560 = ORIENTED_EDGE('',*,*,#13114,.F.);
#14561 = ORIENTED_EDGE('',*,*,#14562,.F.);
#14562 = EDGE_CURVE('',#11991,#13106,#14563,.T.);
#14563 = LINE('',#14564,#14565);
#14564 = CARTESIAN_POINT('',(118.95,-65.85,-4.6E-02));
#14565 = VECTOR('',#14566,1.);
#14566 = DIRECTION('',(0.,0.,1.));
#14567 = PLANE('',#14568);
#14568 = AXIS2_PLACEMENT_3D('',#14569,#14570,#14571);
#14569 = CARTESIAN_POINT('',(118.95,-68.25,-4.6E-02));
#14570 = DIRECTION('',(-1.,0.,0.));
#14571 = DIRECTION('',(0.,1.,0.));
#14572 = ADVANCED_FACE('',(#14573),#14584,.F.);
#14573 = FACE_BOUND('',#14574,.T.);
#14574 = EDGE_LOOP('',(#14575,#14576,#14577,#14578));
#14575 = ORIENTED_EDGE('',*,*,#11990,.T.);
#14576 = ORIENTED_EDGE('',*,*,#14562,.T.);
#14577 = ORIENTED_EDGE('',*,*,#13105,.F.);
#14578 = ORIENTED_EDGE('',*,*,#14579,.F.);
#14579 = EDGE_CURVE('',#11983,#13098,#14580,.T.);
#14580 = LINE('',#14581,#14582);
#14581 = CARTESIAN_POINT('',(117.25,-65.85,-4.6E-02));
#14582 = VECTOR('',#14583,1.);
#14583 = DIRECTION('',(0.,0.,1.));
#14584 = CYLINDRICAL_SURFACE('',#14585,0.85);
#14585 = AXIS2_PLACEMENT_3D('',#14586,#14587,#14588);
#14586 = CARTESIAN_POINT('',(118.1,-65.85,-4.6E-02));
#14587 = DIRECTION('',(-0.,-0.,-1.));
#14588 = DIRECTION('',(1.,1.671865260612E-14,-0.));
#14589 = ADVANCED_FACE('',(#14590),#14596,.T.);
#14590 = FACE_BOUND('',#14591,.T.);
#14591 = EDGE_LOOP('',(#14592,#14593,#14594,#14595));
#14592 = ORIENTED_EDGE('',*,*,#11982,.T.);
#14593 = ORIENTED_EDGE('',*,*,#14579,.T.);
#14594 = ORIENTED_EDGE('',*,*,#13097,.F.);
#14595 = ORIENTED_EDGE('',*,*,#14538,.F.);
#14596 = PLANE('',#14597);
#14597 = AXIS2_PLACEMENT_3D('',#14598,#14599,#14600);
#14598 = CARTESIAN_POINT('',(117.25,-65.85,-4.6E-02));
#14599 = DIRECTION('',(1.,0.,-0.));
#14600 = DIRECTION('',(0.,-1.,0.));
#14601 = ADVANCED_FACE('',(#14602),#14613,.F.);
#14602 = FACE_BOUND('',#14603,.T.);
#14603 = EDGE_LOOP('',(#14604,#14605,#14611,#14612));
#14604 = ORIENTED_EDGE('',*,*,#12007,.T.);
#14605 = ORIENTED_EDGE('',*,*,#14606,.T.);
#14606 = EDGE_CURVE('',#12008,#13123,#14607,.T.);
#14607 = LINE('',#14608,#14609);
#14608 = CARTESIAN_POINT('',(50.,-63.,-4.6E-02));
#14609 = VECTOR('',#14610,1.);
#14610 = DIRECTION('',(0.,0.,1.));
#14611 = ORIENTED_EDGE('',*,*,#13122,.F.);
#14612 = ORIENTED_EDGE('',*,*,#14606,.F.);
#14613 = CYLINDRICAL_SURFACE('',#14614,0.5);
#14614 = AXIS2_PLACEMENT_3D('',#14615,#14616,#14617);
#14615 = CARTESIAN_POINT('',(50.,-62.5,-4.6E-02));
#14616 = DIRECTION('',(-0.,-0.,-1.));
#14617 = DIRECTION('',(-0.,-1.,0.));
#14618 = ADVANCED_FACE('',(#14619),#14630,.F.);
#14619 = FACE_BOUND('',#14620,.T.);
#14620 = EDGE_LOOP('',(#14621,#14622,#14628,#14629));
#14621 = ORIENTED_EDGE('',*,*,#12018,.T.);
#14622 = ORIENTED_EDGE('',*,*,#14623,.T.);
#14623 = EDGE_CURVE('',#12019,#13134,#14624,.T.);
#14624 = LINE('',#14625,#14626);
#14625 = CARTESIAN_POINT('',(63.84,-60.4,-4.6E-02));
#14626 = VECTOR('',#14627,1.);
#14627 = DIRECTION('',(0.,0.,1.));
#14628 = ORIENTED_EDGE('',*,*,#13133,.F.);
#14629 = ORIENTED_EDGE('',*,*,#14623,.F.);
#14630 = CYLINDRICAL_SURFACE('',#14631,0.4);
#14631 = AXIS2_PLACEMENT_3D('',#14632,#14633,#14634);
#14632 = CARTESIAN_POINT('',(63.84,-60.,-4.6E-02));
#14633 = DIRECTION('',(-0.,0.,-1.));
#14634 = DIRECTION('',(1.7763568394E-14,-1.,-0.));
#14635 = ADVANCED_FACE('',(#14636),#14652,.F.);
#14636 = FACE_BOUND('',#14637,.T.);
#14637 = EDGE_LOOP('',(#14638,#14639,#14645,#14646));
#14638 = ORIENTED_EDGE('',*,*,#12029,.T.);
#14639 = ORIENTED_EDGE('',*,*,#14640,.T.);
#14640 = EDGE_CURVE('',#12032,#13147,#14641,.T.);
#14641 = LINE('',#14642,#14643);
#14642 = CARTESIAN_POINT('',(54.55,-53.45,-4.6E-02));
#14643 = VECTOR('',#14644,1.);
#14644 = DIRECTION('',(0.,0.,1.));
#14645 = ORIENTED_EDGE('',*,*,#13144,.F.);
#14646 = ORIENTED_EDGE('',*,*,#14647,.F.);
#14647 = EDGE_CURVE('',#12030,#13145,#14648,.T.);
#14648 = LINE('',#14649,#14650);
#14649 = CARTESIAN_POINT('',(54.55,-52.85,-4.6E-02));
#14650 = VECTOR('',#14651,1.);
#14651 = DIRECTION('',(0.,0.,1.));
#14652 = CYLINDRICAL_SURFACE('',#14653,0.3);
#14653 = AXIS2_PLACEMENT_3D('',#14654,#14655,#14656);
#14654 = CARTESIAN_POINT('',(54.55,-53.15,-4.6E-02));
#14655 = DIRECTION('',(-0.,-0.,-1.));
#14656 = DIRECTION('',(-2.368475785867E-14,-1.,0.));
#14657 = ADVANCED_FACE('',(#14658),#14669,.T.);
#14658 = FACE_BOUND('',#14659,.T.);
#14659 = EDGE_LOOP('',(#14660,#14661,#14662,#14663));
#14660 = ORIENTED_EDGE('',*,*,#12057,.T.);
#14661 = ORIENTED_EDGE('',*,*,#14647,.T.);
#14662 = ORIENTED_EDGE('',*,*,#13172,.F.);
#14663 = ORIENTED_EDGE('',*,*,#14664,.F.);
#14664 = EDGE_CURVE('',#12049,#13164,#14665,.T.);
#14665 = LINE('',#14666,#14667);
#14666 = CARTESIAN_POINT('',(53.45,-52.85,-4.6E-02));
#14667 = VECTOR('',#14668,1.);
#14668 = DIRECTION('',(0.,0.,1.));
#14669 = PLANE('',#14670);
#14670 = AXIS2_PLACEMENT_3D('',#14671,#14672,#14673);
#14671 = CARTESIAN_POINT('',(54.55,-52.85,-4.6E-02));
#14672 = DIRECTION('',(0.,-1.,0.));
#14673 = DIRECTION('',(-1.,0.,0.));
#14674 = ADVANCED_FACE('',(#14675),#14686,.F.);
#14675 = FACE_BOUND('',#14676,.T.);
#14676 = EDGE_LOOP('',(#14677,#14678,#14679,#14680));
#14677 = ORIENTED_EDGE('',*,*,#12048,.T.);
#14678 = ORIENTED_EDGE('',*,*,#14664,.T.);
#14679 = ORIENTED_EDGE('',*,*,#13163,.F.);
#14680 = ORIENTED_EDGE('',*,*,#14681,.F.);
#14681 = EDGE_CURVE('',#12041,#13156,#14682,.T.);
#14682 = LINE('',#14683,#14684);
#14683 = CARTESIAN_POINT('',(53.45,-53.45,-4.6E-02));
#14684 = VECTOR('',#14685,1.);
#14685 = DIRECTION('',(0.,0.,1.));
#14686 = CYLINDRICAL_SURFACE('',#14687,0.3);
#14687 = AXIS2_PLACEMENT_3D('',#14688,#14689,#14690);
#14688 = CARTESIAN_POINT('',(53.45,-53.15,-4.6E-02));
#14689 = DIRECTION('',(-0.,-0.,-1.));
#14690 = DIRECTION('',(2.368475785867E-14,1.,-0.));
#14691 = ADVANCED_FACE('',(#14692),#14698,.T.);
#14692 = FACE_BOUND('',#14693,.T.);
#14693 = EDGE_LOOP('',(#14694,#14695,#14696,#14697));
#14694 = ORIENTED_EDGE('',*,*,#12040,.T.);
#14695 = ORIENTED_EDGE('',*,*,#14681,.T.);
#14696 = ORIENTED_EDGE('',*,*,#13155,.F.);
#14697 = ORIENTED_EDGE('',*,*,#14640,.F.);
#14698 = PLANE('',#14699);
#14699 = AXIS2_PLACEMENT_3D('',#14700,#14701,#14702);
#14700 = CARTESIAN_POINT('',(53.45,-53.45,-4.6E-02));
#14701 = DIRECTION('',(0.,1.,0.));
#14702 = DIRECTION('',(1.,0.,0.));
#14703 = ADVANCED_FACE('',(#14704),#14715,.F.);
#14704 = FACE_BOUND('',#14705,.T.);
#14705 = EDGE_LOOP('',(#14706,#14707,#14713,#14714));
#14706 = ORIENTED_EDGE('',*,*,#12065,.T.);
#14707 = ORIENTED_EDGE('',*,*,#14708,.T.);
#14708 = EDGE_CURVE('',#12066,#13181,#14709,.T.);
#14709 = LINE('',#14710,#14711);
#14710 = CARTESIAN_POINT('',(60.,-51.35,-4.6E-02));
#14711 = VECTOR('',#14712,1.);
#14712 = DIRECTION('',(0.,0.,1.));
#14713 = ORIENTED_EDGE('',*,*,#13180,.F.);
#14714 = ORIENTED_EDGE('',*,*,#14708,.F.);
#14715 = CYLINDRICAL_SURFACE('',#14716,1.35);
#14716 = AXIS2_PLACEMENT_3D('',#14717,#14718,#14719);
#14717 = CARTESIAN_POINT('',(60.,-50.,-4.6E-02));
#14718 = DIRECTION('',(-0.,-0.,-1.));
#14719 = DIRECTION('',(-0.,-1.,0.));
#14720 = ADVANCED_FACE('',(#14721),#14732,.F.);
#14721 = FACE_BOUND('',#14722,.T.);
#14722 = EDGE_LOOP('',(#14723,#14724,#14730,#14731));
#14723 = ORIENTED_EDGE('',*,*,#12076,.T.);
#14724 = ORIENTED_EDGE('',*,*,#14725,.T.);
#14725 = EDGE_CURVE('',#12077,#13192,#14726,.T.);
#14726 = LINE('',#14727,#14728);
#14727 = CARTESIAN_POINT('',(63.84,-50.4,-4.6E-02));
#14728 = VECTOR('',#14729,1.);
#14729 = DIRECTION('',(0.,0.,1.));
#14730 = ORIENTED_EDGE('',*,*,#13191,.F.);
#14731 = ORIENTED_EDGE('',*,*,#14725,.F.);
#14732 = CYLINDRICAL_SURFACE('',#14733,0.4);
#14733 = AXIS2_PLACEMENT_3D('',#14734,#14735,#14736);
#14734 = CARTESIAN_POINT('',(63.84,-50.,-4.6E-02));
#14735 = DIRECTION('',(-0.,0.,-1.));
#14736 = DIRECTION('',(1.7763568394E-14,-1.,-0.));
#14737 = ADVANCED_FACE('',(#14738),#14749,.F.);
#14738 = FACE_BOUND('',#14739,.T.);
#14739 = EDGE_LOOP('',(#14740,#14741,#14747,#14748));
#14740 = ORIENTED_EDGE('',*,*,#12087,.T.);
#14741 = ORIENTED_EDGE('',*,*,#14742,.T.);
#14742 = EDGE_CURVE('',#12088,#13203,#14743,.T.);
#14743 = LINE('',#14744,#14745);
#14744 = CARTESIAN_POINT('',(74.,-60.4,-4.6E-02));
#14745 = VECTOR('',#14746,1.);
#14746 = DIRECTION('',(0.,0.,1.));
#14747 = ORIENTED_EDGE('',*,*,#13202,.F.);
#14748 = ORIENTED_EDGE('',*,*,#14742,.F.);
#14749 = CYLINDRICAL_SURFACE('',#14750,0.4);
#14750 = AXIS2_PLACEMENT_3D('',#14751,#14752,#14753);
#14751 = CARTESIAN_POINT('',(74.,-60.,-4.6E-02));
#14752 = DIRECTION('',(-0.,-0.,-1.));
#14753 = DIRECTION('',(-0.,-1.,0.));
#14754 = ADVANCED_FACE('',(#14755),#14766,.F.);
#14755 = FACE_BOUND('',#14756,.T.);
#14756 = EDGE_LOOP('',(#14757,#14758,#14764,#14765));
#14757 = ORIENTED_EDGE('',*,*,#12098,.T.);
#14758 = ORIENTED_EDGE('',*,*,#14759,.T.);
#14759 = EDGE_CURVE('',#12099,#13214,#14760,.T.);
#14760 = LINE('',#14761,#14762);
#14761 = CARTESIAN_POINT('',(74.,-50.4,-4.6E-02));
#14762 = VECTOR('',#14763,1.);
#14763 = DIRECTION('',(0.,0.,1.));
#14764 = ORIENTED_EDGE('',*,*,#13213,.F.);
#14765 = ORIENTED_EDGE('',*,*,#14759,.F.);
#14766 = CYLINDRICAL_SURFACE('',#14767,0.4);
#14767 = AXIS2_PLACEMENT_3D('',#14768,#14769,#14770);
#14768 = CARTESIAN_POINT('',(74.,-50.,-4.6E-02));
#14769 = DIRECTION('',(-0.,-0.,-1.));
#14770 = DIRECTION('',(-0.,-1.,0.));
#14771 = ADVANCED_FACE('',(#14772),#14783,.F.);
#14772 = FACE_BOUND('',#14773,.T.);
#14773 = EDGE_LOOP('',(#14774,#14775,#14781,#14782));
#14774 = ORIENTED_EDGE('',*,*,#12109,.T.);
#14775 = ORIENTED_EDGE('',*,*,#14776,.T.);
#14776 = EDGE_CURVE('',#12110,#13225,#14777,.T.);
#14777 = LINE('',#14778,#14779);
#14778 = CARTESIAN_POINT('',(60.,-44.15,-4.6E-02));
#14779 = VECTOR('',#14780,1.);
#14780 = DIRECTION('',(0.,0.,1.));
#14781 = ORIENTED_EDGE('',*,*,#13224,.F.);
#14782 = ORIENTED_EDGE('',*,*,#14776,.F.);
#14783 = CYLINDRICAL_SURFACE('',#14784,1.35);
#14784 = AXIS2_PLACEMENT_3D('',#14785,#14786,#14787);
#14785 = CARTESIAN_POINT('',(60.,-42.8,-4.6E-02));
#14786 = DIRECTION('',(-0.,-0.,-1.));
#14787 = DIRECTION('',(-0.,-1.,0.));
#14788 = ADVANCED_FACE('',(#14789),#14800,.F.);
#14789 = FACE_BOUND('',#14790,.T.);
#14790 = EDGE_LOOP('',(#14791,#14797,#14798,#14799));
#14791 = ORIENTED_EDGE('',*,*,#14792,.T.);
#14792 = EDGE_CURVE('',#12121,#13236,#14793,.T.);
#14793 = LINE('',#14794,#14795);
#14794 = CARTESIAN_POINT('',(46.67,-35.,0.));
#14795 = VECTOR('',#14796,1.);
#14796 = DIRECTION('',(0.,0.,1.));
#14797 = ORIENTED_EDGE('',*,*,#13235,.T.);
#14798 = ORIENTED_EDGE('',*,*,#14792,.F.);
#14799 = ORIENTED_EDGE('',*,*,#12120,.F.);
#14800 = CYLINDRICAL_SURFACE('',#14801,1.67);
#14801 = AXIS2_PLACEMENT_3D('',#14802,#14803,#14804);
#14802 = CARTESIAN_POINT('',(45.,-35.,0.));
#14803 = DIRECTION('',(-0.,-0.,-1.));
#14804 = DIRECTION('',(1.,0.,-0.));
#14805 = ADVANCED_FACE('',(#14806),#14822,.F.);
#14806 = FACE_BOUND('',#14807,.T.);
#14807 = EDGE_LOOP('',(#14808,#14809,#14815,#14816));
#14808 = ORIENTED_EDGE('',*,*,#12131,.T.);
#14809 = ORIENTED_EDGE('',*,*,#14810,.T.);
#14810 = EDGE_CURVE('',#12134,#13249,#14811,.T.);
#14811 = LINE('',#14812,#14813);
#14812 = CARTESIAN_POINT('',(54.55,-39.95,-4.6E-02));
#14813 = VECTOR('',#14814,1.);
#14814 = DIRECTION('',(0.,0.,1.));
#14815 = ORIENTED_EDGE('',*,*,#13246,.F.);
#14816 = ORIENTED_EDGE('',*,*,#14817,.F.);
#14817 = EDGE_CURVE('',#12132,#13247,#14818,.T.);
#14818 = LINE('',#14819,#14820);
#14819 = CARTESIAN_POINT('',(54.55,-39.35,-4.6E-02));
#14820 = VECTOR('',#14821,1.);
#14821 = DIRECTION('',(0.,0.,1.));
#14822 = CYLINDRICAL_SURFACE('',#14823,0.3);
#14823 = AXIS2_PLACEMENT_3D('',#14824,#14825,#14826);
#14824 = CARTESIAN_POINT('',(54.55,-39.65,-4.6E-02));
#14825 = DIRECTION('',(-0.,-0.,-1.));
#14826 = DIRECTION('',(-2.368475785867E-14,-1.,0.));
#14827 = ADVANCED_FACE('',(#14828),#14839,.T.);
#14828 = FACE_BOUND('',#14829,.T.);
#14829 = EDGE_LOOP('',(#14830,#14831,#14832,#14833));
#14830 = ORIENTED_EDGE('',*,*,#12159,.T.);
#14831 = ORIENTED_EDGE('',*,*,#14817,.T.);
#14832 = ORIENTED_EDGE('',*,*,#13274,.F.);
#14833 = ORIENTED_EDGE('',*,*,#14834,.F.);
#14834 = EDGE_CURVE('',#12151,#13266,#14835,.T.);
#14835 = LINE('',#14836,#14837);
#14836 = CARTESIAN_POINT('',(53.45,-39.35,-4.6E-02));
#14837 = VECTOR('',#14838,1.);
#14838 = DIRECTION('',(0.,0.,1.));
#14839 = PLANE('',#14840);
#14840 = AXIS2_PLACEMENT_3D('',#14841,#14842,#14843);
#14841 = CARTESIAN_POINT('',(54.55,-39.35,-4.6E-02));
#14842 = DIRECTION('',(0.,-1.,0.));
#14843 = DIRECTION('',(-1.,0.,0.));
#14844 = ADVANCED_FACE('',(#14845),#14856,.F.);
#14845 = FACE_BOUND('',#14846,.T.);
#14846 = EDGE_LOOP('',(#14847,#14848,#14849,#14850));
#14847 = ORIENTED_EDGE('',*,*,#12150,.T.);
#14848 = ORIENTED_EDGE('',*,*,#14834,.T.);
#14849 = ORIENTED_EDGE('',*,*,#13265,.F.);
#14850 = ORIENTED_EDGE('',*,*,#14851,.F.);
#14851 = EDGE_CURVE('',#12143,#13258,#14852,.T.);
#14852 = LINE('',#14853,#14854);
#14853 = CARTESIAN_POINT('',(53.45,-39.95,-4.6E-02));
#14854 = VECTOR('',#14855,1.);
#14855 = DIRECTION('',(0.,0.,1.));
#14856 = CYLINDRICAL_SURFACE('',#14857,0.3);
#14857 = AXIS2_PLACEMENT_3D('',#14858,#14859,#14860);
#14858 = CARTESIAN_POINT('',(53.45,-39.65,-4.6E-02));
#14859 = DIRECTION('',(-0.,-0.,-1.));
#14860 = DIRECTION('',(2.368475785867E-14,1.,-0.));
#14861 = ADVANCED_FACE('',(#14862),#14868,.T.);
#14862 = FACE_BOUND('',#14863,.T.);
#14863 = EDGE_LOOP('',(#14864,#14865,#14866,#14867));
#14864 = ORIENTED_EDGE('',*,*,#12142,.T.);
#14865 = ORIENTED_EDGE('',*,*,#14851,.T.);
#14866 = ORIENTED_EDGE('',*,*,#13257,.F.);
#14867 = ORIENTED_EDGE('',*,*,#14810,.F.);
#14868 = PLANE('',#14869);
#14869 = AXIS2_PLACEMENT_3D('',#14870,#14871,#14872);
#14870 = CARTESIAN_POINT('',(53.45,-39.95,-4.6E-02));
#14871 = DIRECTION('',(0.,1.,0.));
#14872 = DIRECTION('',(1.,0.,0.));
#14873 = ADVANCED_FACE('',(#14874),#14885,.F.);
#14874 = FACE_BOUND('',#14875,.T.);
#14875 = EDGE_LOOP('',(#14876,#14877,#14883,#14884));
#14876 = ORIENTED_EDGE('',*,*,#12167,.T.);
#14877 = ORIENTED_EDGE('',*,*,#14878,.T.);
#14878 = EDGE_CURVE('',#12168,#13283,#14879,.T.);
#14879 = LINE('',#14880,#14881);
#14880 = CARTESIAN_POINT('',(86.,-61.1,-4.6E-02));
#14881 = VECTOR('',#14882,1.);
#14882 = DIRECTION('',(0.,0.,1.));
#14883 = ORIENTED_EDGE('',*,*,#13282,.F.);
#14884 = ORIENTED_EDGE('',*,*,#14878,.F.);
#14885 = CYLINDRICAL_SURFACE('',#14886,0.6);
#14886 = AXIS2_PLACEMENT_3D('',#14887,#14888,#14889);
#14887 = CARTESIAN_POINT('',(86.,-60.5,-4.6E-02));
#14888 = DIRECTION('',(-0.,-0.,-1.));
#14889 = DIRECTION('',(-0.,-1.,0.));
#14890 = ADVANCED_FACE('',(#14891),#14902,.F.);
#14891 = FACE_BOUND('',#14892,.T.);
#14892 = EDGE_LOOP('',(#14893,#14894,#14900,#14901));
#14893 = ORIENTED_EDGE('',*,*,#12178,.T.);
#14894 = ORIENTED_EDGE('',*,*,#14895,.T.);
#14895 = EDGE_CURVE('',#12179,#13294,#14896,.T.);
#14896 = LINE('',#14897,#14898);
#14897 = CARTESIAN_POINT('',(100.,-62.381,-4.6E-02));
#14898 = VECTOR('',#14899,1.);
#14899 = DIRECTION('',(0.,0.,1.));
#14900 = ORIENTED_EDGE('',*,*,#13293,.F.);
#14901 = ORIENTED_EDGE('',*,*,#14895,.F.);
#14902 = CYLINDRICAL_SURFACE('',#14903,0.381);
#14903 = AXIS2_PLACEMENT_3D('',#14904,#14905,#14906);
#14904 = CARTESIAN_POINT('',(100.,-62.,-4.6E-02));
#14905 = DIRECTION('',(-0.,-0.,-1.));
#14906 = DIRECTION('',(-0.,-1.,0.));
#14907 = ADVANCED_FACE('',(#14908),#14919,.F.);
#14908 = FACE_BOUND('',#14909,.T.);
#14909 = EDGE_LOOP('',(#14910,#14911,#14917,#14918));
#14910 = ORIENTED_EDGE('',*,*,#12189,.T.);
#14911 = ORIENTED_EDGE('',*,*,#14912,.T.);
#14912 = EDGE_CURVE('',#12190,#13305,#14913,.T.);
#14913 = LINE('',#14914,#14915);
#14914 = CARTESIAN_POINT('',(102.5,-62.381,-4.6E-02));
#14915 = VECTOR('',#14916,1.);
#14916 = DIRECTION('',(0.,0.,1.));
#14917 = ORIENTED_EDGE('',*,*,#13304,.F.);
#14918 = ORIENTED_EDGE('',*,*,#14912,.F.);
#14919 = CYLINDRICAL_SURFACE('',#14920,0.381);
#14920 = AXIS2_PLACEMENT_3D('',#14921,#14922,#14923);
#14921 = CARTESIAN_POINT('',(102.5,-62.,-4.6E-02));
#14922 = DIRECTION('',(-0.,-0.,-1.));
#14923 = DIRECTION('',(-0.,-1.,0.));
#14924 = ADVANCED_FACE('',(#14925),#14936,.F.);
#14925 = FACE_BOUND('',#14926,.T.);
#14926 = EDGE_LOOP('',(#14927,#14928,#14934,#14935));
#14927 = ORIENTED_EDGE('',*,*,#12200,.T.);
#14928 = ORIENTED_EDGE('',*,*,#14929,.T.);
#14929 = EDGE_CURVE('',#12201,#13316,#14930,.T.);
#14930 = LINE('',#14931,#14932);
#14931 = CARTESIAN_POINT('',(105.,-62.381,-4.6E-02));
#14932 = VECTOR('',#14933,1.);
#14933 = DIRECTION('',(0.,0.,1.));
#14934 = ORIENTED_EDGE('',*,*,#13315,.F.);
#14935 = ORIENTED_EDGE('',*,*,#14929,.F.);
#14936 = CYLINDRICAL_SURFACE('',#14937,0.381);
#14937 = AXIS2_PLACEMENT_3D('',#14938,#14939,#14940);
#14938 = CARTESIAN_POINT('',(105.,-62.,-4.6E-02));
#14939 = DIRECTION('',(-0.,-0.,-1.));
#14940 = DIRECTION('',(-0.,-1.,0.));
#14941 = ADVANCED_FACE('',(#14942),#14953,.F.);
#14942 = FACE_BOUND('',#14943,.T.);
#14943 = EDGE_LOOP('',(#14944,#14945,#14951,#14952));
#14944 = ORIENTED_EDGE('',*,*,#12211,.T.);
#14945 = ORIENTED_EDGE('',*,*,#14946,.T.);
#14946 = EDGE_CURVE('',#12212,#13327,#14947,.T.);
#14947 = LINE('',#14948,#14949);
#14948 = CARTESIAN_POINT('',(86.,-53.6,-4.6E-02));
#14949 = VECTOR('',#14950,1.);
#14950 = DIRECTION('',(0.,0.,1.));
#14951 = ORIENTED_EDGE('',*,*,#13326,.F.);
#14952 = ORIENTED_EDGE('',*,*,#14946,.F.);
#14953 = CYLINDRICAL_SURFACE('',#14954,0.6);
#14954 = AXIS2_PLACEMENT_3D('',#14955,#14956,#14957);
#14955 = CARTESIAN_POINT('',(86.,-53.,-4.6E-02));
#14956 = DIRECTION('',(-0.,-0.,-1.));
#14957 = DIRECTION('',(-0.,-1.,0.));
#14958 = ADVANCED_FACE('',(#14959),#14970,.F.);
#14959 = FACE_BOUND('',#14960,.T.);
#14960 = EDGE_LOOP('',(#14961,#14962,#14968,#14969));
#14961 = ORIENTED_EDGE('',*,*,#12222,.T.);
#14962 = ORIENTED_EDGE('',*,*,#14963,.T.);
#14963 = EDGE_CURVE('',#12223,#13338,#14964,.T.);
#14964 = LINE('',#14965,#14966);
#14965 = CARTESIAN_POINT('',(106.25,-56.25,-4.6E-02));
#14966 = VECTOR('',#14967,1.);
#14967 = DIRECTION('',(0.,0.,1.));
#14968 = ORIENTED_EDGE('',*,*,#13337,.F.);
#14969 = ORIENTED_EDGE('',*,*,#14963,.F.);
#14970 = CYLINDRICAL_SURFACE('',#14971,1.);
#14971 = AXIS2_PLACEMENT_3D('',#14972,#14973,#14974);
#14972 = CARTESIAN_POINT('',(106.25,-55.25,-4.6E-02));
#14973 = DIRECTION('',(-0.,-0.,-1.));
#14974 = DIRECTION('',(-0.,-1.,0.));
#14975 = ADVANCED_FACE('',(#14976),#14987,.F.);
#14976 = FACE_BOUND('',#14977,.T.);
#14977 = EDGE_LOOP('',(#14978,#14979,#14985,#14986));
#14978 = ORIENTED_EDGE('',*,*,#12233,.T.);
#14979 = ORIENTED_EDGE('',*,*,#14980,.T.);
#14980 = EDGE_CURVE('',#12234,#13349,#14981,.T.);
#14981 = LINE('',#14982,#14983);
#14982 = CARTESIAN_POINT('',(106.25,-52.05,-4.6E-02));
#14983 = VECTOR('',#14984,1.);
#14984 = DIRECTION('',(0.,0.,1.));
#14985 = ORIENTED_EDGE('',*,*,#13348,.F.);
#14986 = ORIENTED_EDGE('',*,*,#14980,.F.);
#14987 = CYLINDRICAL_SURFACE('',#14988,1.);
#14988 = AXIS2_PLACEMENT_3D('',#14989,#14990,#14991);
#14989 = CARTESIAN_POINT('',(106.25,-51.05,-4.6E-02));
#14990 = DIRECTION('',(-0.,-0.,-1.));
#14991 = DIRECTION('',(-0.,-1.,0.));
#14992 = ADVANCED_FACE('',(#14993),#15004,.F.);
#14993 = FACE_BOUND('',#14994,.T.);
#14994 = EDGE_LOOP('',(#14995,#14996,#15002,#15003));
#14995 = ORIENTED_EDGE('',*,*,#12244,.T.);
#14996 = ORIENTED_EDGE('',*,*,#14997,.T.);
#14997 = EDGE_CURVE('',#12245,#13360,#14998,.T.);
#14998 = LINE('',#14999,#15000);
#14999 = CARTESIAN_POINT('',(107.5,-62.381,-4.6E-02));
#15000 = VECTOR('',#15001,1.);
#15001 = DIRECTION('',(0.,0.,1.));
#15002 = ORIENTED_EDGE('',*,*,#13359,.F.);
#15003 = ORIENTED_EDGE('',*,*,#14997,.F.);
#15004 = CYLINDRICAL_SURFACE('',#15005,0.381);
#15005 = AXIS2_PLACEMENT_3D('',#15006,#15007,#15008);
#15006 = CARTESIAN_POINT('',(107.5,-62.,-4.6E-02));
#15007 = DIRECTION('',(-0.,-0.,-1.));
#15008 = DIRECTION('',(-0.,-1.,0.));
#15009 = ADVANCED_FACE('',(#15010),#15021,.F.);
#15010 = FACE_BOUND('',#15011,.T.);
#15011 = EDGE_LOOP('',(#15012,#15013,#15019,#15020));
#15012 = ORIENTED_EDGE('',*,*,#12255,.T.);
#15013 = ORIENTED_EDGE('',*,*,#15014,.T.);
#15014 = EDGE_CURVE('',#12256,#13371,#15015,.T.);
#15015 = LINE('',#15016,#15017);
#15016 = CARTESIAN_POINT('',(110.,-62.381,-4.6E-02));
#15017 = VECTOR('',#15018,1.);
#15018 = DIRECTION('',(0.,0.,1.));
#15019 = ORIENTED_EDGE('',*,*,#13370,.F.);
#15020 = ORIENTED_EDGE('',*,*,#15014,.F.);
#15021 = CYLINDRICAL_SURFACE('',#15022,0.381);
#15022 = AXIS2_PLACEMENT_3D('',#15023,#15024,#15025);
#15023 = CARTESIAN_POINT('',(110.,-62.,-4.6E-02));
#15024 = DIRECTION('',(-0.,-0.,-1.));
#15025 = DIRECTION('',(-0.,-1.,0.));
#15026 = ADVANCED_FACE('',(#15027),#15038,.F.);
#15027 = FACE_BOUND('',#15028,.T.);
#15028 = EDGE_LOOP('',(#15029,#15030,#15036,#15037));
#15029 = ORIENTED_EDGE('',*,*,#12266,.T.);
#15030 = ORIENTED_EDGE('',*,*,#15031,.T.);
#15031 = EDGE_CURVE('',#12267,#13382,#15032,.T.);
#15032 = LINE('',#15033,#15034);
#15033 = CARTESIAN_POINT('',(112.5,-62.381,-4.6E-02));
#15034 = VECTOR('',#15035,1.);
#15035 = DIRECTION('',(0.,0.,1.));
#15036 = ORIENTED_EDGE('',*,*,#13381,.F.);
#15037 = ORIENTED_EDGE('',*,*,#15031,.F.);
#15038 = CYLINDRICAL_SURFACE('',#15039,0.381);
#15039 = AXIS2_PLACEMENT_3D('',#15040,#15041,#15042);
#15040 = CARTESIAN_POINT('',(112.5,-62.,-4.6E-02));
#15041 = DIRECTION('',(-0.,-0.,-1.));
#15042 = DIRECTION('',(-0.,-1.,0.));
#15043 = ADVANCED_FACE('',(#15044),#15055,.F.);
#15044 = FACE_BOUND('',#15045,.T.);
#15045 = EDGE_LOOP('',(#15046,#15047,#15053,#15054));
#15046 = ORIENTED_EDGE('',*,*,#12277,.T.);
#15047 = ORIENTED_EDGE('',*,*,#15048,.T.);
#15048 = EDGE_CURVE('',#12278,#13393,#15049,.T.);
#15049 = LINE('',#15050,#15051);
#15050 = CARTESIAN_POINT('',(115.,-62.381,-4.6E-02));
#15051 = VECTOR('',#15052,1.);
#15052 = DIRECTION('',(0.,0.,1.));
#15053 = ORIENTED_EDGE('',*,*,#13392,.F.);
#15054 = ORIENTED_EDGE('',*,*,#15048,.F.);
#15055 = CYLINDRICAL_SURFACE('',#15056,0.381);
#15056 = AXIS2_PLACEMENT_3D('',#15057,#15058,#15059);
#15057 = CARTESIAN_POINT('',(115.,-62.,-4.6E-02));
#15058 = DIRECTION('',(-0.,-0.,-1.));
#15059 = DIRECTION('',(-0.,-1.,0.));
#15060 = ADVANCED_FACE('',(#15061),#15072,.F.);
#15061 = FACE_BOUND('',#15062,.T.);
#15062 = EDGE_LOOP('',(#15063,#15064,#15070,#15071));
#15063 = ORIENTED_EDGE('',*,*,#12288,.T.);
#15064 = ORIENTED_EDGE('',*,*,#15065,.T.);
#15065 = EDGE_CURVE('',#12289,#13404,#15066,.T.);
#15066 = LINE('',#15067,#15068);
#15067 = CARTESIAN_POINT('',(123.,-59.5,-4.6E-02));
#15068 = VECTOR('',#15069,1.);
#15069 = DIRECTION('',(0.,0.,1.));
#15070 = ORIENTED_EDGE('',*,*,#13403,.F.);
#15071 = ORIENTED_EDGE('',*,*,#15065,.F.);
#15072 = CYLINDRICAL_SURFACE('',#15073,0.5);
#15073 = AXIS2_PLACEMENT_3D('',#15074,#15075,#15076);
#15074 = CARTESIAN_POINT('',(123.,-59.,-4.6E-02));
#15075 = DIRECTION('',(-0.,-0.,-1.));
#15076 = DIRECTION('',(-0.,-1.,0.));
#15077 = ADVANCED_FACE('',(#15078),#15089,.F.);
#15078 = FACE_BOUND('',#15079,.T.);
#15079 = EDGE_LOOP('',(#15080,#15081,#15087,#15088));
#15080 = ORIENTED_EDGE('',*,*,#12299,.T.);
#15081 = ORIENTED_EDGE('',*,*,#15082,.T.);
#15082 = EDGE_CURVE('',#12300,#13415,#15083,.T.);
#15083 = LINE('',#15084,#15085);
#15084 = CARTESIAN_POINT('',(128.,-59.5,-4.6E-02));
#15085 = VECTOR('',#15086,1.);
#15086 = DIRECTION('',(0.,0.,1.));
#15087 = ORIENTED_EDGE('',*,*,#13414,.F.);
#15088 = ORIENTED_EDGE('',*,*,#15082,.F.);
#15089 = CYLINDRICAL_SURFACE('',#15090,0.5);
#15090 = AXIS2_PLACEMENT_3D('',#15091,#15092,#15093);
#15091 = CARTESIAN_POINT('',(128.,-59.,-4.6E-02));
#15092 = DIRECTION('',(-0.,-0.,-1.));
#15093 = DIRECTION('',(-0.,-1.,0.));
#15094 = ADVANCED_FACE('',(#15095),#15106,.F.);
#15095 = FACE_BOUND('',#15096,.T.);
#15096 = EDGE_LOOP('',(#15097,#15098,#15104,#15105));
#15097 = ORIENTED_EDGE('',*,*,#12310,.T.);
#15098 = ORIENTED_EDGE('',*,*,#15099,.T.);
#15099 = EDGE_CURVE('',#12311,#13426,#15100,.T.);
#15100 = LINE('',#15101,#15102);
#15101 = CARTESIAN_POINT('',(86.,-43.1,-4.6E-02));
#15102 = VECTOR('',#15103,1.);
#15103 = DIRECTION('',(0.,0.,1.));
#15104 = ORIENTED_EDGE('',*,*,#13425,.F.);
#15105 = ORIENTED_EDGE('',*,*,#15099,.F.);
#15106 = CYLINDRICAL_SURFACE('',#15107,0.6);
#15107 = AXIS2_PLACEMENT_3D('',#15108,#15109,#15110);
#15108 = CARTESIAN_POINT('',(86.,-42.5,-4.6E-02));
#15109 = DIRECTION('',(-0.,-0.,-1.));
#15110 = DIRECTION('',(-0.,-1.,0.));
#15111 = ADVANCED_FACE('',(#15112),#15128,.F.);
#15112 = FACE_BOUND('',#15113,.T.);
#15113 = EDGE_LOOP('',(#15114,#15115,#15121,#15122));
#15114 = ORIENTED_EDGE('',*,*,#12321,.T.);
#15115 = ORIENTED_EDGE('',*,*,#15116,.T.);
#15116 = EDGE_CURVE('',#12324,#13439,#15117,.T.);
#15117 = LINE('',#15118,#15119);
#15118 = CARTESIAN_POINT('',(96.05,-46.25,-4.6E-02));
#15119 = VECTOR('',#15120,1.);
#15120 = DIRECTION('',(0.,0.,1.));
#15121 = ORIENTED_EDGE('',*,*,#13436,.F.);
#15122 = ORIENTED_EDGE('',*,*,#15123,.F.);
#15123 = EDGE_CURVE('',#12322,#13437,#15124,.T.);
#15124 = LINE('',#15125,#15126);
#15125 = CARTESIAN_POINT('',(97.75,-46.25,-4.6E-02));
#15126 = VECTOR('',#15127,1.);
#15127 = DIRECTION('',(0.,0.,1.));
#15128 = CYLINDRICAL_SURFACE('',#15129,0.85);
#15129 = AXIS2_PLACEMENT_3D('',#15130,#15131,#15132);
#15130 = CARTESIAN_POINT('',(96.9,-46.25,-4.6E-02));
#15131 = DIRECTION('',(-0.,-0.,-1.));
#15132 = DIRECTION('',(-1.,-8.35932630306E-15,0.));
#15133 = ADVANCED_FACE('',(#15134),#15145,.T.);
#15134 = FACE_BOUND('',#15135,.T.);
#15135 = EDGE_LOOP('',(#15136,#15137,#15138,#15139));
#15136 = ORIENTED_EDGE('',*,*,#12349,.T.);
#15137 = ORIENTED_EDGE('',*,*,#15123,.T.);
#15138 = ORIENTED_EDGE('',*,*,#13464,.F.);
#15139 = ORIENTED_EDGE('',*,*,#15140,.F.);
#15140 = EDGE_CURVE('',#12341,#13456,#15141,.T.);
#15141 = LINE('',#15142,#15143);
#15142 = CARTESIAN_POINT('',(97.75,-43.85,-4.6E-02));
#15143 = VECTOR('',#15144,1.);
#15144 = DIRECTION('',(0.,0.,1.));
#15145 = PLANE('',#15146);
#15146 = AXIS2_PLACEMENT_3D('',#15147,#15148,#15149);
#15147 = CARTESIAN_POINT('',(97.75,-46.25,-4.6E-02));
#15148 = DIRECTION('',(-1.,0.,0.));
#15149 = DIRECTION('',(0.,1.,0.));
#15150 = ADVANCED_FACE('',(#15151),#15162,.F.);
#15151 = FACE_BOUND('',#15152,.T.);
#15152 = EDGE_LOOP('',(#15153,#15154,#15155,#15156));
#15153 = ORIENTED_EDGE('',*,*,#12340,.T.);
#15154 = ORIENTED_EDGE('',*,*,#15140,.T.);
#15155 = ORIENTED_EDGE('',*,*,#13455,.F.);
#15156 = ORIENTED_EDGE('',*,*,#15157,.F.);
#15157 = EDGE_CURVE('',#12333,#13448,#15158,.T.);
#15158 = LINE('',#15159,#15160);
#15159 = CARTESIAN_POINT('',(96.05,-43.85,-4.6E-02));
#15160 = VECTOR('',#15161,1.);
#15161 = DIRECTION('',(0.,0.,1.));
#15162 = CYLINDRICAL_SURFACE('',#15163,0.85);
#15163 = AXIS2_PLACEMENT_3D('',#15164,#15165,#15166);
#15164 = CARTESIAN_POINT('',(96.9,-43.85,-4.6E-02));
#15165 = DIRECTION('',(-0.,-0.,-1.));
#15166 = DIRECTION('',(1.,0.,-0.));
#15167 = ADVANCED_FACE('',(#15168),#15174,.T.);
#15168 = FACE_BOUND('',#15169,.T.);
#15169 = EDGE_LOOP('',(#15170,#15171,#15172,#15173));
#15170 = ORIENTED_EDGE('',*,*,#12332,.T.);
#15171 = ORIENTED_EDGE('',*,*,#15157,.T.);
#15172 = ORIENTED_EDGE('',*,*,#13447,.F.);
#15173 = ORIENTED_EDGE('',*,*,#15116,.F.);
#15174 = PLANE('',#15175);
#15175 = AXIS2_PLACEMENT_3D('',#15176,#15177,#15178);
#15176 = CARTESIAN_POINT('',(96.05,-43.85,-4.6E-02));
#15177 = DIRECTION('',(1.,0.,-0.));
#15178 = DIRECTION('',(0.,-1.,0.));
#15179 = ADVANCED_FACE('',(#15180),#15191,.F.);
#15180 = FACE_BOUND('',#15181,.T.);
#15181 = EDGE_LOOP('',(#15182,#15183,#15189,#15190));
#15182 = ORIENTED_EDGE('',*,*,#12357,.T.);
#15183 = ORIENTED_EDGE('',*,*,#15184,.T.);
#15184 = EDGE_CURVE('',#12358,#13473,#15185,.T.);
#15185 = LINE('',#15186,#15187);
#15186 = CARTESIAN_POINT('',(86.,-35.6,-4.6E-02));
#15187 = VECTOR('',#15188,1.);
#15188 = DIRECTION('',(0.,0.,1.));
#15189 = ORIENTED_EDGE('',*,*,#13472,.F.);
#15190 = ORIENTED_EDGE('',*,*,#15184,.F.);
#15191 = CYLINDRICAL_SURFACE('',#15192,0.6);
#15192 = AXIS2_PLACEMENT_3D('',#15193,#15194,#15195);
#15193 = CARTESIAN_POINT('',(86.,-35.,-4.6E-02));
#15194 = DIRECTION('',(-0.,-0.,-1.));
#15195 = DIRECTION('',(-0.,-1.,0.));
#15196 = ADVANCED_FACE('',(#15197),#15208,.F.);
#15197 = FACE_BOUND('',#15198,.T.);
#15198 = EDGE_LOOP('',(#15199,#15200,#15206,#15207));
#15199 = ORIENTED_EDGE('',*,*,#12368,.T.);
#15200 = ORIENTED_EDGE('',*,*,#15201,.T.);
#15201 = EDGE_CURVE('',#12369,#13484,#15202,.T.);
#15202 = LINE('',#15203,#15204);
#15203 = CARTESIAN_POINT('',(100.,-40.381,-4.6E-02));
#15204 = VECTOR('',#15205,1.);
#15205 = DIRECTION('',(0.,0.,1.));
#15206 = ORIENTED_EDGE('',*,*,#13483,.F.);
#15207 = ORIENTED_EDGE('',*,*,#15201,.F.);
#15208 = CYLINDRICAL_SURFACE('',#15209,0.381);
#15209 = AXIS2_PLACEMENT_3D('',#15210,#15211,#15212);
#15210 = CARTESIAN_POINT('',(100.,-40.,-4.6E-02));
#15211 = DIRECTION('',(-0.,-0.,-1.));
#15212 = DIRECTION('',(-0.,-1.,0.));
#15213 = ADVANCED_FACE('',(#15214),#15225,.F.);
#15214 = FACE_BOUND('',#15215,.T.);
#15215 = EDGE_LOOP('',(#15216,#15217,#15223,#15224));
#15216 = ORIENTED_EDGE('',*,*,#12379,.T.);
#15217 = ORIENTED_EDGE('',*,*,#15218,.T.);
#15218 = EDGE_CURVE('',#12380,#13495,#15219,.T.);
#15219 = LINE('',#15220,#15221);
#15220 = CARTESIAN_POINT('',(102.5,-40.381,-4.6E-02));
#15221 = VECTOR('',#15222,1.);
#15222 = DIRECTION('',(0.,0.,1.));
#15223 = ORIENTED_EDGE('',*,*,#13494,.F.);
#15224 = ORIENTED_EDGE('',*,*,#15218,.F.);
#15225 = CYLINDRICAL_SURFACE('',#15226,0.381);
#15226 = AXIS2_PLACEMENT_3D('',#15227,#15228,#15229);
#15227 = CARTESIAN_POINT('',(102.5,-40.,-4.6E-02));
#15228 = DIRECTION('',(-0.,-0.,-1.));
#15229 = DIRECTION('',(-0.,-1.,0.));
#15230 = ADVANCED_FACE('',(#15231),#15242,.F.);
#15231 = FACE_BOUND('',#15232,.T.);
#15232 = EDGE_LOOP('',(#15233,#15234,#15240,#15241));
#15233 = ORIENTED_EDGE('',*,*,#12390,.T.);
#15234 = ORIENTED_EDGE('',*,*,#15235,.T.);
#15235 = EDGE_CURVE('',#12391,#13506,#15236,.T.);
#15236 = LINE('',#15237,#15238);
#15237 = CARTESIAN_POINT('',(105.,-40.381,-4.6E-02));
#15238 = VECTOR('',#15239,1.);
#15239 = DIRECTION('',(0.,0.,1.));
#15240 = ORIENTED_EDGE('',*,*,#13505,.F.);
#15241 = ORIENTED_EDGE('',*,*,#15235,.F.);
#15242 = CYLINDRICAL_SURFACE('',#15243,0.381);
#15243 = AXIS2_PLACEMENT_3D('',#15244,#15245,#15246);
#15244 = CARTESIAN_POINT('',(105.,-40.,-4.6E-02));
#15245 = DIRECTION('',(-0.,-0.,-1.));
#15246 = DIRECTION('',(-0.,-1.,0.));
#15247 = ADVANCED_FACE('',(#15248),#15259,.F.);
#15248 = FACE_BOUND('',#15249,.T.);
#15249 = EDGE_LOOP('',(#15250,#15251,#15257,#15258));
#15250 = ORIENTED_EDGE('',*,*,#12401,.T.);
#15251 = ORIENTED_EDGE('',*,*,#15252,.T.);
#15252 = EDGE_CURVE('',#12402,#13517,#15253,.T.);
#15253 = LINE('',#15254,#15255);
#15254 = CARTESIAN_POINT('',(106.25,-34.25,-4.6E-02));
#15255 = VECTOR('',#15256,1.);
#15256 = DIRECTION('',(0.,0.,1.));
#15257 = ORIENTED_EDGE('',*,*,#13516,.F.);
#15258 = ORIENTED_EDGE('',*,*,#15252,.F.);
#15259 = CYLINDRICAL_SURFACE('',#15260,1.);
#15260 = AXIS2_PLACEMENT_3D('',#15261,#15262,#15263);
#15261 = CARTESIAN_POINT('',(106.25,-33.25,-4.6E-02));
#15262 = DIRECTION('',(-0.,-0.,-1.));
#15263 = DIRECTION('',(-0.,-1.,0.));
#15264 = ADVANCED_FACE('',(#15265),#15281,.F.);
#15265 = FACE_BOUND('',#15266,.T.);
#15266 = EDGE_LOOP('',(#15267,#15268,#15274,#15275));
#15267 = ORIENTED_EDGE('',*,*,#12412,.T.);
#15268 = ORIENTED_EDGE('',*,*,#15269,.T.);
#15269 = EDGE_CURVE('',#12415,#13530,#15270,.T.);
#15270 = LINE('',#15271,#15272);
#15271 = CARTESIAN_POINT('',(117.25,-46.25,-4.6E-02));
#15272 = VECTOR('',#15273,1.);
#15273 = DIRECTION('',(0.,0.,1.));
#15274 = ORIENTED_EDGE('',*,*,#13527,.F.);
#15275 = ORIENTED_EDGE('',*,*,#15276,.F.);
#15276 = EDGE_CURVE('',#12413,#13528,#15277,.T.);
#15277 = LINE('',#15278,#15279);
#15278 = CARTESIAN_POINT('',(118.95,-46.25,-4.6E-02));
#15279 = VECTOR('',#15280,1.);
#15280 = DIRECTION('',(0.,0.,1.));
#15281 = CYLINDRICAL_SURFACE('',#15282,0.85);
#15282 = AXIS2_PLACEMENT_3D('',#15283,#15284,#15285);
#15283 = CARTESIAN_POINT('',(118.1,-46.25,-4.6E-02));
#15284 = DIRECTION('',(-0.,-0.,-1.));
#15285 = DIRECTION('',(-1.,-8.35932630306E-15,0.));
#15286 = ADVANCED_FACE('',(#15287),#15298,.T.);
#15287 = FACE_BOUND('',#15288,.T.);
#15288 = EDGE_LOOP('',(#15289,#15290,#15291,#15292));
#15289 = ORIENTED_EDGE('',*,*,#12440,.T.);
#15290 = ORIENTED_EDGE('',*,*,#15276,.T.);
#15291 = ORIENTED_EDGE('',*,*,#13555,.F.);
#15292 = ORIENTED_EDGE('',*,*,#15293,.F.);
#15293 = EDGE_CURVE('',#12432,#13547,#15294,.T.);
#15294 = LINE('',#15295,#15296);
#15295 = CARTESIAN_POINT('',(118.95,-43.85,-4.6E-02));
#15296 = VECTOR('',#15297,1.);
#15297 = DIRECTION('',(0.,0.,1.));
#15298 = PLANE('',#15299);
#15299 = AXIS2_PLACEMENT_3D('',#15300,#15301,#15302);
#15300 = CARTESIAN_POINT('',(118.95,-46.25,-4.6E-02));
#15301 = DIRECTION('',(-1.,0.,0.));
#15302 = DIRECTION('',(0.,1.,0.));
#15303 = ADVANCED_FACE('',(#15304),#15315,.F.);
#15304 = FACE_BOUND('',#15305,.T.);
#15305 = EDGE_LOOP('',(#15306,#15307,#15308,#15309));
#15306 = ORIENTED_EDGE('',*,*,#12431,.T.);
#15307 = ORIENTED_EDGE('',*,*,#15293,.T.);
#15308 = ORIENTED_EDGE('',*,*,#13546,.F.);
#15309 = ORIENTED_EDGE('',*,*,#15310,.F.);
#15310 = EDGE_CURVE('',#12424,#13539,#15311,.T.);
#15311 = LINE('',#15312,#15313);
#15312 = CARTESIAN_POINT('',(117.25,-43.85,-4.6E-02));
#15313 = VECTOR('',#15314,1.);
#15314 = DIRECTION('',(0.,0.,1.));
#15315 = CYLINDRICAL_SURFACE('',#15316,0.85);
#15316 = AXIS2_PLACEMENT_3D('',#15317,#15318,#15319);
#15317 = CARTESIAN_POINT('',(118.1,-43.85,-4.6E-02));
#15318 = DIRECTION('',(-0.,-0.,-1.));
#15319 = DIRECTION('',(1.,0.,-0.));
#15320 = ADVANCED_FACE('',(#15321),#15327,.T.);
#15321 = FACE_BOUND('',#15322,.T.);
#15322 = EDGE_LOOP('',(#15323,#15324,#15325,#15326));
#15323 = ORIENTED_EDGE('',*,*,#12423,.T.);
#15324 = ORIENTED_EDGE('',*,*,#15310,.T.);
#15325 = ORIENTED_EDGE('',*,*,#13538,.F.);
#15326 = ORIENTED_EDGE('',*,*,#15269,.F.);
#15327 = PLANE('',#15328);
#15328 = AXIS2_PLACEMENT_3D('',#15329,#15330,#15331);
#15329 = CARTESIAN_POINT('',(117.25,-43.85,-4.6E-02));
#15330 = DIRECTION('',(1.,0.,-0.));
#15331 = DIRECTION('',(0.,-1.,0.));
#15332 = ADVANCED_FACE('',(#15333),#15344,.F.);
#15333 = FACE_BOUND('',#15334,.T.);
#15334 = EDGE_LOOP('',(#15335,#15336,#15342,#15343));
#15335 = ORIENTED_EDGE('',*,*,#12448,.T.);
#15336 = ORIENTED_EDGE('',*,*,#15337,.T.);
#15337 = EDGE_CURVE('',#12449,#13564,#15338,.T.);
#15338 = LINE('',#15339,#15340);
#15339 = CARTESIAN_POINT('',(107.5,-40.381,-4.6E-02));
#15340 = VECTOR('',#15341,1.);
#15341 = DIRECTION('',(0.,0.,1.));
#15342 = ORIENTED_EDGE('',*,*,#13563,.F.);
#15343 = ORIENTED_EDGE('',*,*,#15337,.F.);
#15344 = CYLINDRICAL_SURFACE('',#15345,0.381);
#15345 = AXIS2_PLACEMENT_3D('',#15346,#15347,#15348);
#15346 = CARTESIAN_POINT('',(107.5,-40.,-4.6E-02));
#15347 = DIRECTION('',(-0.,-0.,-1.));
#15348 = DIRECTION('',(-0.,-1.,0.));
#15349 = ADVANCED_FACE('',(#15350),#15361,.F.);
#15350 = FACE_BOUND('',#15351,.T.);
#15351 = EDGE_LOOP('',(#15352,#15353,#15359,#15360));
#15352 = ORIENTED_EDGE('',*,*,#12459,.T.);
#15353 = ORIENTED_EDGE('',*,*,#15354,.T.);
#15354 = EDGE_CURVE('',#12460,#13575,#15355,.T.);
#15355 = LINE('',#15356,#15357);
#15356 = CARTESIAN_POINT('',(110.,-40.381,-4.6E-02));
#15357 = VECTOR('',#15358,1.);
#15358 = DIRECTION('',(0.,0.,1.));
#15359 = ORIENTED_EDGE('',*,*,#13574,.F.);
#15360 = ORIENTED_EDGE('',*,*,#15354,.F.);
#15361 = CYLINDRICAL_SURFACE('',#15362,0.381);
#15362 = AXIS2_PLACEMENT_3D('',#15363,#15364,#15365);
#15363 = CARTESIAN_POINT('',(110.,-40.,-4.6E-02));
#15364 = DIRECTION('',(-0.,-0.,-1.));
#15365 = DIRECTION('',(-0.,-1.,0.));
#15366 = ADVANCED_FACE('',(#15367),#15378,.F.);
#15367 = FACE_BOUND('',#15368,.T.);
#15368 = EDGE_LOOP('',(#15369,#15370,#15376,#15377));
#15369 = ORIENTED_EDGE('',*,*,#12470,.T.);
#15370 = ORIENTED_EDGE('',*,*,#15371,.T.);
#15371 = EDGE_CURVE('',#12471,#13586,#15372,.T.);
#15372 = LINE('',#15373,#15374);
#15373 = CARTESIAN_POINT('',(112.5,-40.381,-4.6E-02));
#15374 = VECTOR('',#15375,1.);
#15375 = DIRECTION('',(0.,0.,1.));
#15376 = ORIENTED_EDGE('',*,*,#13585,.F.);
#15377 = ORIENTED_EDGE('',*,*,#15371,.F.);
#15378 = CYLINDRICAL_SURFACE('',#15379,0.381);
#15379 = AXIS2_PLACEMENT_3D('',#15380,#15381,#15382);
#15380 = CARTESIAN_POINT('',(112.5,-40.,-4.6E-02));
#15381 = DIRECTION('',(-0.,-0.,-1.));
#15382 = DIRECTION('',(-0.,-1.,0.));
#15383 = ADVANCED_FACE('',(#15384),#15395,.F.);
#15384 = FACE_BOUND('',#15385,.T.);
#15385 = EDGE_LOOP('',(#15386,#15387,#15393,#15394));
#15386 = ORIENTED_EDGE('',*,*,#12481,.T.);
#15387 = ORIENTED_EDGE('',*,*,#15388,.T.);
#15388 = EDGE_CURVE('',#12482,#13597,#15389,.T.);
#15389 = LINE('',#15390,#15391);
#15390 = CARTESIAN_POINT('',(115.,-40.381,-4.6E-02));
#15391 = VECTOR('',#15392,1.);
#15392 = DIRECTION('',(0.,0.,1.));
#15393 = ORIENTED_EDGE('',*,*,#13596,.F.);
#15394 = ORIENTED_EDGE('',*,*,#15388,.F.);
#15395 = CYLINDRICAL_SURFACE('',#15396,0.381);
#15396 = AXIS2_PLACEMENT_3D('',#15397,#15398,#15399);
#15397 = CARTESIAN_POINT('',(115.,-40.,-4.6E-02));
#15398 = DIRECTION('',(-0.,-0.,-1.));
#15399 = DIRECTION('',(-0.,-1.,0.));
#15400 = ADVANCED_FACE('',(#15401),#15412,.F.);
#15401 = FACE_BOUND('',#15402,.T.);
#15402 = EDGE_LOOP('',(#15403,#15409,#15410,#15411));
#15403 = ORIENTED_EDGE('',*,*,#15404,.T.);
#15404 = EDGE_CURVE('',#12493,#13608,#15405,.T.);
#15405 = LINE('',#15406,#15407);
#15406 = CARTESIAN_POINT('',(126.67,-35.,0.));
#15407 = VECTOR('',#15408,1.);
#15408 = DIRECTION('',(0.,0.,1.));
#15409 = ORIENTED_EDGE('',*,*,#13607,.T.);
#15410 = ORIENTED_EDGE('',*,*,#15404,.F.);
#15411 = ORIENTED_EDGE('',*,*,#12492,.F.);
#15412 = CYLINDRICAL_SURFACE('',#15413,1.67);
#15413 = AXIS2_PLACEMENT_3D('',#15414,#15415,#15416);
#15414 = CARTESIAN_POINT('',(125.,-35.,0.));
#15415 = DIRECTION('',(-0.,-0.,-1.));
#15416 = DIRECTION('',(1.,0.,-0.));
#15417 = ( GEOMETRIC_REPRESENTATION_CONTEXT(3) 
GLOBAL_UNCERTAINTY_ASSIGNED_CONTEXT((#15421)) 
GLOBAL_UNIT_ASSIGNED_CONTEXT((#15418,#15419,#15420)) 
REPRESENTATION_CONTEXT('Context #1',
  '3D Context with UNIT and UNCERTAINTY') );
#15418 = ( LENGTH_UNIT() NAMED_UNIT(*) SI_UNIT(.MILLI.,.METRE.) );
#15419 = ( NAMED_UNIT(*) PLANE_ANGLE_UNIT() SI_UNIT($,.RADIAN.) );
#15420 = ( NAMED_UNIT(*) SI_UNIT($,.STERADIAN.) SOLID_ANGLE_UNIT() );
#15421 = UNCERTAINTY_MEASURE_WITH_UNIT(LENGTH_MEASURE(1.E-07),#15418,
  'distance_accuracy_value','confusion accuracy');
#15422 = CONTEXT_DEPENDENT_SHAPE_REPRESENTATION(#15423,#15425);
#15423 = ( REPRESENTATION_RELATIONSHIP('','',#11283,#10) 
REPRESENTATION_RELATIONSHIP_WITH_TRANSFORMATION(#15424) 
SHAPE_REPRESENTATION_RELATIONSHIP() );
#15424 = ITEM_DEFINED_TRANSFORMATION('','',#11,#91);
#15425 = PRODUCT_DEFINITION_SHAPE('Placement','Placement of an item',
  #15426);
#15426 = NEXT_ASSEMBLY_USAGE_OCCURRENCE('20','=>[0:1:1:8]','',#5,#11278,
  $);
#15427 = PRODUCT_RELATED_PRODUCT_CATEGORY('part',$,(#11280));
#15428 = MECHANICAL_DESIGN_GEOMETRIC_PRESENTATION_REPRESENTATION('',(
    #15429,#15437,#15444,#15452,#15459,#15467,#15474,#15481,#15488,
    #15495,#15502,#15509,#15516,#15523,#15530,#15537,#15545,#15552,
    #15559,#15566,#15573,#15580,#15587,#15594,#15601,#15608,#15615,
    #15622,#15629,#15636,#15643,#15650,#15657,#15664,#15671,#15678,
    #15685,#15692,#15699,#15706,#15713,#15720,#15727,#15734,#15741,
    #15748,#15755,#15762,#15769,#15776,#15783,#15790,#15797,#15804,
    #15811,#15818),#8527);
#15429 = STYLED_ITEM('color',(#15430),#5828);
#15430 = PRESENTATION_STYLE_ASSIGNMENT((#15431));
#15431 = SURFACE_STYLE_USAGE(.BOTH.,#15432);
#15432 = SURFACE_SIDE_STYLE('',(#15433));
#15433 = SURFACE_STYLE_FILL_AREA(#15434);
#15434 = FILL_AREA_STYLE('',(#15435));
#15435 = FILL_AREA_STYLE_COLOUR('',#15436);
#15436 = COLOUR_RGB('',0.823999987314,0.819999987296,0.781000009244);
#15437 = STYLED_ITEM('color',(#15438),#5845);
#15438 = PRESENTATION_STYLE_ASSIGNMENT((#15439));
#15439 = SURFACE_STYLE_USAGE(.BOTH.,#15440);
#15440 = SURFACE_SIDE_STYLE('',(#15441));
#15441 = SURFACE_STYLE_FILL_AREA(#15442);
#15442 = FILL_AREA_STYLE('',(#15443));
#15443 = FILL_AREA_STYLE_COLOUR('',#15436);
#15444 = STYLED_ITEM('color',(#15445),#5870);
#15445 = PRESENTATION_STYLE_ASSIGNMENT((#15446));
#15446 = SURFACE_STYLE_USAGE(.BOTH.,#15447);
#15447 = SURFACE_SIDE_STYLE('',(#15448));
#15448 = SURFACE_STYLE_FILL_AREA(#15449);
#15449 = FILL_AREA_STYLE('',(#15450));
#15450 = FILL_AREA_STYLE_COLOUR('',#15451);
#15451 = COLOUR_RGB('',0.136999991899,0.40200001271,0.726999997272);
#15452 = STYLED_ITEM('color',(#15453),#5919);
#15453 = PRESENTATION_STYLE_ASSIGNMENT((#15454));
#15454 = SURFACE_STYLE_USAGE(.BOTH.,#15455);
#15455 = SURFACE_SIDE_STYLE('',(#15456));
#15456 = SURFACE_STYLE_FILL_AREA(#15457);
#15457 = FILL_AREA_STYLE('',(#15458));
#15458 = FILL_AREA_STYLE_COLOUR('',#15451);
#15459 = STYLED_ITEM('color',(#15460),#5952);
#15460 = PRESENTATION_STYLE_ASSIGNMENT((#15461));
#15461 = SURFACE_STYLE_USAGE(.BOTH.,#15462);
#15462 = SURFACE_SIDE_STYLE('',(#15463));
#15463 = SURFACE_STYLE_FILL_AREA(#15464);
#15464 = FILL_AREA_STYLE('',(#15465));
#15465 = FILL_AREA_STYLE_COLOUR('',#15466);
#15466 = COLOUR_RGB('',0.690999977303,0.663999984767,0.597999987832);
#15467 = STYLED_ITEM('color',(#15468),#5970);
#15468 = PRESENTATION_STYLE_ASSIGNMENT((#15469));
#15469 = SURFACE_STYLE_USAGE(.BOTH.,#15470);
#15470 = SURFACE_SIDE_STYLE('',(#15471));
#15471 = SURFACE_STYLE_FILL_AREA(#15472);
#15472 = FILL_AREA_STYLE('',(#15473));
#15473 = FILL_AREA_STYLE_COLOUR('',#15436);
#15474 = STYLED_ITEM('color',(#15475),#5995);
#15475 = PRESENTATION_STYLE_ASSIGNMENT((#15476));
#15476 = SURFACE_STYLE_USAGE(.BOTH.,#15477);
#15477 = SURFACE_SIDE_STYLE('',(#15478));
#15478 = SURFACE_STYLE_FILL_AREA(#15479);
#15479 = FILL_AREA_STYLE('',(#15480));
#15480 = FILL_AREA_STYLE_COLOUR('',#15451);
#15481 = STYLED_ITEM('color',(#15482),#6027);
#15482 = PRESENTATION_STYLE_ASSIGNMENT((#15483));
#15483 = SURFACE_STYLE_USAGE(.BOTH.,#15484);
#15484 = SURFACE_SIDE_STYLE('',(#15485));
#15485 = SURFACE_STYLE_FILL_AREA(#15486);
#15486 = FILL_AREA_STYLE('',(#15487));
#15487 = FILL_AREA_STYLE_COLOUR('',#15466);
#15488 = STYLED_ITEM('color',(#15489),#6045);
#15489 = PRESENTATION_STYLE_ASSIGNMENT((#15490));
#15490 = SURFACE_STYLE_USAGE(.BOTH.,#15491);
#15491 = SURFACE_SIDE_STYLE('',(#15492));
#15492 = SURFACE_STYLE_FILL_AREA(#15493);
#15493 = FILL_AREA_STYLE('',(#15494));
#15494 = FILL_AREA_STYLE_COLOUR('',#15436);
#15495 = STYLED_ITEM('color',(#15496),#6054);
#15496 = PRESENTATION_STYLE_ASSIGNMENT((#15497));
#15497 = SURFACE_STYLE_USAGE(.BOTH.,#15498);
#15498 = SURFACE_SIDE_STYLE('',(#15499));
#15499 = SURFACE_STYLE_FILL_AREA(#15500);
#15500 = FILL_AREA_STYLE('',(#15501));
#15501 = FILL_AREA_STYLE_COLOUR('',#15451);
#15502 = STYLED_ITEM('color',(#15503),#6092);
#15503 = PRESENTATION_STYLE_ASSIGNMENT((#15504));
#15504 = SURFACE_STYLE_USAGE(.BOTH.,#15505);
#15505 = SURFACE_SIDE_STYLE('',(#15506));
#15506 = SURFACE_STYLE_FILL_AREA(#15507);
#15507 = FILL_AREA_STYLE('',(#15508));
#15508 = FILL_AREA_STYLE_COLOUR('',#15466);
#15509 = STYLED_ITEM('color',(#15510),#6114);
#15510 = PRESENTATION_STYLE_ASSIGNMENT((#15511));
#15511 = SURFACE_STYLE_USAGE(.BOTH.,#15512);
#15512 = SURFACE_SIDE_STYLE('',(#15513));
#15513 = SURFACE_STYLE_FILL_AREA(#15514);
#15514 = FILL_AREA_STYLE('',(#15515));
#15515 = FILL_AREA_STYLE_COLOUR('',#15451);
#15516 = STYLED_ITEM('color',(#15517),#6177);
#15517 = PRESENTATION_STYLE_ASSIGNMENT((#15518));
#15518 = SURFACE_STYLE_USAGE(.BOTH.,#15519);
#15519 = SURFACE_SIDE_STYLE('',(#15520));
#15520 = SURFACE_STYLE_FILL_AREA(#15521);
#15521 = FILL_AREA_STYLE('',(#15522));
#15522 = FILL_AREA_STYLE_COLOUR('',#15466);
#15523 = STYLED_ITEM('color',(#15524),#6262);
#15524 = PRESENTATION_STYLE_ASSIGNMENT((#15525));
#15525 = SURFACE_STYLE_USAGE(.BOTH.,#15526);
#15526 = SURFACE_SIDE_STYLE('',(#15527));
#15527 = SURFACE_STYLE_FILL_AREA(#15528);
#15528 = FILL_AREA_STYLE('',(#15529));
#15529 = FILL_AREA_STYLE_COLOUR('',#15451);
#15530 = STYLED_ITEM('color',(#15531),#6436);
#15531 = PRESENTATION_STYLE_ASSIGNMENT((#15532));
#15532 = SURFACE_STYLE_USAGE(.BOTH.,#15533);
#15533 = SURFACE_SIDE_STYLE('',(#15534));
#15534 = SURFACE_STYLE_FILL_AREA(#15535);
#15535 = FILL_AREA_STYLE('',(#15536));
#15536 = FILL_AREA_STYLE_COLOUR('',#15466);
#15537 = STYLED_ITEM('color',(#15538),#6532);
#15538 = PRESENTATION_STYLE_ASSIGNMENT((#15539));
#15539 = SURFACE_STYLE_USAGE(.BOTH.,#15540);
#15540 = SURFACE_SIDE_STYLE('',(#15541));
#15541 = SURFACE_STYLE_FILL_AREA(#15542);
#15542 = FILL_AREA_STYLE('',(#15543));
#15543 = FILL_AREA_STYLE_COLOUR('',#15544);
#15544 = COLOUR_RGB('',0.147999998088,0.144999993226,0.144999993226);
#15545 = STYLED_ITEM('color',(#15546),#6560);
#15546 = PRESENTATION_STYLE_ASSIGNMENT((#15547));
#15547 = SURFACE_STYLE_USAGE(.BOTH.,#15548);
#15548 = SURFACE_SIDE_STYLE('',(#15549));
#15549 = SURFACE_STYLE_FILL_AREA(#15550);
#15550 = FILL_AREA_STYLE('',(#15551));
#15551 = FILL_AREA_STYLE_COLOUR('',#15466);
#15552 = STYLED_ITEM('color',(#15553),#6656);
#15553 = PRESENTATION_STYLE_ASSIGNMENT((#15554));
#15554 = SURFACE_STYLE_USAGE(.BOTH.,#15555);
#15555 = SURFACE_SIDE_STYLE('',(#15556));
#15556 = SURFACE_STYLE_FILL_AREA(#15557);
#15557 = FILL_AREA_STYLE('',(#15558));
#15558 = FILL_AREA_STYLE_COLOUR('',#15451);
#15559 = STYLED_ITEM('color',(#15560),#6725);
#15560 = PRESENTATION_STYLE_ASSIGNMENT((#15561));
#15561 = SURFACE_STYLE_USAGE(.BOTH.,#15562);
#15562 = SURFACE_SIDE_STYLE('',(#15563));
#15563 = SURFACE_STYLE_FILL_AREA(#15564);
#15564 = FILL_AREA_STYLE('',(#15565));
#15565 = FILL_AREA_STYLE_COLOUR('',#15544);
#15566 = STYLED_ITEM('color',(#15567),#6793);
#15567 = PRESENTATION_STYLE_ASSIGNMENT((#15568));
#15568 = SURFACE_STYLE_USAGE(.BOTH.,#15569);
#15569 = SURFACE_SIDE_STYLE('',(#15570));
#15570 = SURFACE_STYLE_FILL_AREA(#15571);
#15571 = FILL_AREA_STYLE('',(#15572));
#15572 = FILL_AREA_STYLE_COLOUR('',#15466);
#15573 = STYLED_ITEM('color',(#15574),#6847);
#15574 = PRESENTATION_STYLE_ASSIGNMENT((#15575));
#15575 = SURFACE_STYLE_USAGE(.BOTH.,#15576);
#15576 = SURFACE_SIDE_STYLE('',(#15577));
#15577 = SURFACE_STYLE_FILL_AREA(#15578);
#15578 = FILL_AREA_STYLE('',(#15579));
#15579 = FILL_AREA_STYLE_COLOUR('',#15466);
#15580 = STYLED_ITEM('color',(#15581),#6901);
#15581 = PRESENTATION_STYLE_ASSIGNMENT((#15582));
#15582 = SURFACE_STYLE_USAGE(.BOTH.,#15583);
#15583 = SURFACE_SIDE_STYLE('',(#15584));
#15584 = SURFACE_STYLE_FILL_AREA(#15585);
#15585 = FILL_AREA_STYLE('',(#15586));
#15586 = FILL_AREA_STYLE_COLOUR('',#15451);
#15587 = STYLED_ITEM('color',(#15588),#7075);
#15588 = PRESENTATION_STYLE_ASSIGNMENT((#15589));
#15589 = SURFACE_STYLE_USAGE(.BOTH.,#15590);
#15590 = SURFACE_SIDE_STYLE('',(#15591));
#15591 = SURFACE_STYLE_FILL_AREA(#15592);
#15592 = FILL_AREA_STYLE('',(#15593));
#15593 = FILL_AREA_STYLE_COLOUR('',#15544);
#15594 = STYLED_ITEM('color',(#15595),#7107);
#15595 = PRESENTATION_STYLE_ASSIGNMENT((#15596));
#15596 = SURFACE_STYLE_USAGE(.BOTH.,#15597);
#15597 = SURFACE_SIDE_STYLE('',(#15598));
#15598 = SURFACE_STYLE_FILL_AREA(#15599);
#15599 = FILL_AREA_STYLE('',(#15600));
#15600 = FILL_AREA_STYLE_COLOUR('',#15466);
#15601 = STYLED_ITEM('color',(#15602),#7187);
#15602 = PRESENTATION_STYLE_ASSIGNMENT((#15603));
#15603 = SURFACE_STYLE_USAGE(.BOTH.,#15604);
#15604 = SURFACE_SIDE_STYLE('',(#15605));
#15605 = SURFACE_STYLE_FILL_AREA(#15606);
#15606 = FILL_AREA_STYLE('',(#15607));
#15607 = FILL_AREA_STYLE_COLOUR('',#15466);
#15608 = STYLED_ITEM('color',(#15609),#7267);
#15609 = PRESENTATION_STYLE_ASSIGNMENT((#15610));
#15610 = SURFACE_STYLE_USAGE(.BOTH.,#15611);
#15611 = SURFACE_SIDE_STYLE('',(#15612));
#15612 = SURFACE_STYLE_FILL_AREA(#15613);
#15613 = FILL_AREA_STYLE('',(#15614));
#15614 = FILL_AREA_STYLE_COLOUR('',#15451);
#15615 = STYLED_ITEM('color',(#15616),#7299);
#15616 = PRESENTATION_STYLE_ASSIGNMENT((#15617));
#15617 = SURFACE_STYLE_USAGE(.BOTH.,#15618);
#15618 = SURFACE_SIDE_STYLE('',(#15619));
#15619 = SURFACE_STYLE_FILL_AREA(#15620);
#15620 = FILL_AREA_STYLE('',(#15621));
#15621 = FILL_AREA_STYLE_COLOUR('',#15544);
#15622 = STYLED_ITEM('color',(#15623),#7365);
#15623 = PRESENTATION_STYLE_ASSIGNMENT((#15624));
#15624 = SURFACE_STYLE_USAGE(.BOTH.,#15625);
#15625 = SURFACE_SIDE_STYLE('',(#15626));
#15626 = SURFACE_STYLE_FILL_AREA(#15627);
#15627 = FILL_AREA_STYLE('',(#15628));
#15628 = FILL_AREA_STYLE_COLOUR('',#15466);
#15629 = STYLED_ITEM('color',(#15630),#7760);
#15630 = PRESENTATION_STYLE_ASSIGNMENT((#15631));
#15631 = SURFACE_STYLE_USAGE(.BOTH.,#15632);
#15632 = SURFACE_SIDE_STYLE('',(#15633));
#15633 = SURFACE_STYLE_FILL_AREA(#15634);
#15634 = FILL_AREA_STYLE('',(#15635));
#15635 = FILL_AREA_STYLE_COLOUR('',#15451);
#15636 = STYLED_ITEM('color',(#15637),#7794);
#15637 = PRESENTATION_STYLE_ASSIGNMENT((#15638));
#15638 = SURFACE_STYLE_USAGE(.BOTH.,#15639);
#15639 = SURFACE_SIDE_STYLE('',(#15640));
#15640 = SURFACE_STYLE_FILL_AREA(#15641);
#15641 = FILL_AREA_STYLE('',(#15642));
#15642 = FILL_AREA_STYLE_COLOUR('',#15544);
#15643 = STYLED_ITEM('color',(#15644),#7809);
#15644 = PRESENTATION_STYLE_ASSIGNMENT((#15645));
#15645 = SURFACE_STYLE_USAGE(.BOTH.,#15646);
#15646 = SURFACE_SIDE_STYLE('',(#15647));
#15647 = SURFACE_STYLE_FILL_AREA(#15648);
#15648 = FILL_AREA_STYLE('',(#15649));
#15649 = FILL_AREA_STYLE_COLOUR('',#15466);
#15650 = STYLED_ITEM('color',(#15651),#7827);
#15651 = PRESENTATION_STYLE_ASSIGNMENT((#15652));
#15652 = SURFACE_STYLE_USAGE(.BOTH.,#15653);
#15653 = SURFACE_SIDE_STYLE('',(#15654));
#15654 = SURFACE_STYLE_FILL_AREA(#15655);
#15655 = FILL_AREA_STYLE('',(#15656));
#15656 = FILL_AREA_STYLE_COLOUR('',#15544);
#15657 = STYLED_ITEM('color',(#15658),#7845);
#15658 = PRESENTATION_STYLE_ASSIGNMENT((#15659));
#15659 = SURFACE_STYLE_USAGE(.BOTH.,#15660);
#15660 = SURFACE_SIDE_STYLE('',(#15661));
#15661 = SURFACE_STYLE_FILL_AREA(#15662);
#15662 = FILL_AREA_STYLE('',(#15663));
#15663 = FILL_AREA_STYLE_COLOUR('',#15544);
#15664 = STYLED_ITEM('color',(#15665),#7863);
#15665 = PRESENTATION_STYLE_ASSIGNMENT((#15666));
#15666 = SURFACE_STYLE_USAGE(.BOTH.,#15667);
#15667 = SURFACE_SIDE_STYLE('',(#15668));
#15668 = SURFACE_STYLE_FILL_AREA(#15669);
#15669 = FILL_AREA_STYLE('',(#15670));
#15670 = FILL_AREA_STYLE_COLOUR('',#15544);
#15671 = STYLED_ITEM('color',(#15672),#7881);
#15672 = PRESENTATION_STYLE_ASSIGNMENT((#15673));
#15673 = SURFACE_STYLE_USAGE(.BOTH.,#15674);
#15674 = SURFACE_SIDE_STYLE('',(#15675));
#15675 = SURFACE_STYLE_FILL_AREA(#15676);
#15676 = FILL_AREA_STYLE('',(#15677));
#15677 = FILL_AREA_STYLE_COLOUR('',#15451);
#15678 = STYLED_ITEM('color',(#15679),#7913);
#15679 = PRESENTATION_STYLE_ASSIGNMENT((#15680));
#15680 = SURFACE_STYLE_USAGE(.BOTH.,#15681);
#15681 = SURFACE_SIDE_STYLE('',(#15682));
#15682 = SURFACE_STYLE_FILL_AREA(#15683);
#15683 = FILL_AREA_STYLE('',(#15684));
#15684 = FILL_AREA_STYLE_COLOUR('',#15466);
#15685 = STYLED_ITEM('color',(#15686),#7931);
#15686 = PRESENTATION_STYLE_ASSIGNMENT((#15687));
#15687 = SURFACE_STYLE_USAGE(.BOTH.,#15688);
#15688 = SURFACE_SIDE_STYLE('',(#15689));
#15689 = SURFACE_STYLE_FILL_AREA(#15690);
#15690 = FILL_AREA_STYLE('',(#15691));
#15691 = FILL_AREA_STYLE_COLOUR('',#15451);
#15692 = STYLED_ITEM('color',(#15693),#8074);
#15693 = PRESENTATION_STYLE_ASSIGNMENT((#15694));
#15694 = SURFACE_STYLE_USAGE(.BOTH.,#15695);
#15695 = SURFACE_SIDE_STYLE('',(#15696));
#15696 = SURFACE_STYLE_FILL_AREA(#15697);
#15697 = FILL_AREA_STYLE('',(#15698));
#15698 = FILL_AREA_STYLE_COLOUR('',#15466);
#15699 = STYLED_ITEM('color',(#15700),#8126);
#15700 = PRESENTATION_STYLE_ASSIGNMENT((#15701));
#15701 = SURFACE_STYLE_USAGE(.BOTH.,#15702);
#15702 = SURFACE_SIDE_STYLE('',(#15703));
#15703 = SURFACE_STYLE_FILL_AREA(#15704);
#15704 = FILL_AREA_STYLE('',(#15705));
#15705 = FILL_AREA_STYLE_COLOUR('',#15436);
#15706 = STYLED_ITEM('color',(#15707),#8150);
#15707 = PRESENTATION_STYLE_ASSIGNMENT((#15708));
#15708 = SURFACE_STYLE_USAGE(.BOTH.,#15709);
#15709 = SURFACE_SIDE_STYLE('',(#15710));
#15710 = SURFACE_STYLE_FILL_AREA(#15711);
#15711 = FILL_AREA_STYLE('',(#15712));
#15712 = FILL_AREA_STYLE_COLOUR('',#15436);
#15713 = STYLED_ITEM('color',(#15714),#8174);
#15714 = PRESENTATION_STYLE_ASSIGNMENT((#15715));
#15715 = SURFACE_STYLE_USAGE(.BOTH.,#15716);
#15716 = SURFACE_SIDE_STYLE('',(#15717));
#15717 = SURFACE_STYLE_FILL_AREA(#15718);
#15718 = FILL_AREA_STYLE('',(#15719));
#15719 = FILL_AREA_STYLE_COLOUR('',#15436);
#15720 = STYLED_ITEM('color',(#15721),#8198);
#15721 = PRESENTATION_STYLE_ASSIGNMENT((#15722));
#15722 = SURFACE_STYLE_USAGE(.BOTH.,#15723);
#15723 = SURFACE_SIDE_STYLE('',(#15724));
#15724 = SURFACE_STYLE_FILL_AREA(#15725);
#15725 = FILL_AREA_STYLE('',(#15726));
#15726 = FILL_AREA_STYLE_COLOUR('',#15436);
#15727 = STYLED_ITEM('color',(#15728),#8260);
#15728 = PRESENTATION_STYLE_ASSIGNMENT((#15729));
#15729 = SURFACE_STYLE_USAGE(.BOTH.,#15730);
#15730 = SURFACE_SIDE_STYLE('',(#15731));
#15731 = SURFACE_STYLE_FILL_AREA(#15732);
#15732 = FILL_AREA_STYLE('',(#15733));
#15733 = FILL_AREA_STYLE_COLOUR('',#15436);
#15734 = STYLED_ITEM('color',(#15735),#8277);
#15735 = PRESENTATION_STYLE_ASSIGNMENT((#15736));
#15736 = SURFACE_STYLE_USAGE(.BOTH.,#15737);
#15737 = SURFACE_SIDE_STYLE('',(#15738));
#15738 = SURFACE_STYLE_FILL_AREA(#15739);
#15739 = FILL_AREA_STYLE('',(#15740));
#15740 = FILL_AREA_STYLE_COLOUR('',#15436);
#15741 = STYLED_ITEM('color',(#15742),#8301);
#15742 = PRESENTATION_STYLE_ASSIGNMENT((#15743));
#15743 = SURFACE_STYLE_USAGE(.BOTH.,#15744);
#15744 = SURFACE_SIDE_STYLE('',(#15745));
#15745 = SURFACE_STYLE_FILL_AREA(#15746);
#15746 = FILL_AREA_STYLE('',(#15747));
#15747 = FILL_AREA_STYLE_COLOUR('',#15436);
#15748 = STYLED_ITEM('color',(#15749),#8317);
#15749 = PRESENTATION_STYLE_ASSIGNMENT((#15750));
#15750 = SURFACE_STYLE_USAGE(.BOTH.,#15751);
#15751 = SURFACE_SIDE_STYLE('',(#15752));
#15752 = SURFACE_STYLE_FILL_AREA(#15753);
#15753 = FILL_AREA_STYLE('',(#15754));
#15754 = FILL_AREA_STYLE_COLOUR('',#15436);
#15755 = STYLED_ITEM('color',(#15756),#8341);
#15756 = PRESENTATION_STYLE_ASSIGNMENT((#15757));
#15757 = SURFACE_STYLE_USAGE(.BOTH.,#15758);
#15758 = SURFACE_SIDE_STYLE('',(#15759));
#15759 = SURFACE_STYLE_FILL_AREA(#15760);
#15760 = FILL_AREA_STYLE('',(#15761));
#15761 = FILL_AREA_STYLE_COLOUR('',#15436);
#15762 = STYLED_ITEM('color',(#15763),#8353);
#15763 = PRESENTATION_STYLE_ASSIGNMENT((#15764));
#15764 = SURFACE_STYLE_USAGE(.BOTH.,#15765);
#15765 = SURFACE_SIDE_STYLE('',(#15766));
#15766 = SURFACE_STYLE_FILL_AREA(#15767);
#15767 = FILL_AREA_STYLE('',(#15768));
#15768 = FILL_AREA_STYLE_COLOUR('',#15436);
#15769 = STYLED_ITEM('color',(#15770),#8369);
#15770 = PRESENTATION_STYLE_ASSIGNMENT((#15771));
#15771 = SURFACE_STYLE_USAGE(.BOTH.,#15772);
#15772 = SURFACE_SIDE_STYLE('',(#15773));
#15773 = SURFACE_STYLE_FILL_AREA(#15774);
#15774 = FILL_AREA_STYLE('',(#15775));
#15775 = FILL_AREA_STYLE_COLOUR('',#15436);
#15776 = STYLED_ITEM('color',(#15777),#8381);
#15777 = PRESENTATION_STYLE_ASSIGNMENT((#15778));
#15778 = SURFACE_STYLE_USAGE(.BOTH.,#15779);
#15779 = SURFACE_SIDE_STYLE('',(#15780));
#15780 = SURFACE_STYLE_FILL_AREA(#15781);
#15781 = FILL_AREA_STYLE('',(#15782));
#15782 = FILL_AREA_STYLE_COLOUR('',#15436);
#15783 = STYLED_ITEM('color',(#15784),#8393);
#15784 = PRESENTATION_STYLE_ASSIGNMENT((#15785));
#15785 = SURFACE_STYLE_USAGE(.BOTH.,#15786);
#15786 = SURFACE_SIDE_STYLE('',(#15787));
#15787 = SURFACE_STYLE_FILL_AREA(#15788);
#15788 = FILL_AREA_STYLE('',(#15789));
#15789 = FILL_AREA_STYLE_COLOUR('',#15436);
#15790 = STYLED_ITEM('color',(#15791),#8407);
#15791 = PRESENTATION_STYLE_ASSIGNMENT((#15792));
#15792 = SURFACE_STYLE_USAGE(.BOTH.,#15793);
#15793 = SURFACE_SIDE_STYLE('',(#15794));
#15794 = SURFACE_STYLE_FILL_AREA(#15795);
#15795 = FILL_AREA_STYLE('',(#15796));
#15796 = FILL_AREA_STYLE_COLOUR('',#15466);
#15797 = STYLED_ITEM('color',(#15798),#8440);
#15798 = PRESENTATION_STYLE_ASSIGNMENT((#15799));
#15799 = SURFACE_STYLE_USAGE(.BOTH.,#15800);
#15800 = SURFACE_SIDE_STYLE('',(#15801));
#15801 = SURFACE_STYLE_FILL_AREA(#15802);
#15802 = FILL_AREA_STYLE('',(#15803));
#15803 = FILL_AREA_STYLE_COLOUR('',#15466);
#15804 = STYLED_ITEM('color',(#15805),#8472);
#15805 = PRESENTATION_STYLE_ASSIGNMENT((#15806));
#15806 = SURFACE_STYLE_USAGE(.BOTH.,#15807);
#15807 = SURFACE_SIDE_STYLE('',(#15808));
#15808 = SURFACE_STYLE_FILL_AREA(#15809);
#15809 = FILL_AREA_STYLE('',(#15810));
#15810 = FILL_AREA_STYLE_COLOUR('',#15451);
#15811 = STYLED_ITEM('color',(#15812),#8489);
#15812 = PRESENTATION_STYLE_ASSIGNMENT((#15813));
#15813 = SURFACE_STYLE_USAGE(.BOTH.,#15814);
#15814 = SURFACE_SIDE_STYLE('',(#15815));
#15815 = SURFACE_STYLE_FILL_AREA(#15816);
#15816 = FILL_AREA_STYLE('',(#15817));
#15817 = FILL_AREA_STYLE_COLOUR('',#15451);
#15818 = STYLED_ITEM('color',(#15819),#8516);
#15819 = PRESENTATION_STYLE_ASSIGNMENT((#15820));
#15820 = SURFACE_STYLE_USAGE(.BOTH.,#15821);
#15821 = SURFACE_SIDE_STYLE('',(#15822));
#15822 = SURFACE_STYLE_FILL_AREA(#15823);
#15823 = FILL_AREA_STYLE('',(#15824));
#15824 = FILL_AREA_STYLE_COLOUR('',#15436);
#15825 = MECHANICAL_DESIGN_GEOMETRIC_PRESENTATION_REPRESENTATION('',(
    #15826),#15417);
#15826 = STYLED_ITEM('color',(#15827),#11284);
#15827 = PRESENTATION_STYLE_ASSIGNMENT((#15828));
#15828 = SURFACE_STYLE_USAGE(.BOTH.,#15829);
#15829 = SURFACE_SIDE_STYLE('',(#15830));
#15830 = SURFACE_STYLE_FILL_AREA(#15831);
#15831 = FILL_AREA_STYLE('',(#15832));
#15832 = FILL_AREA_STYLE_COLOUR('',#15833);
#15833 = COLOUR_RGB('',0.313304153717,0.484529207832,0.410020903123);
#15834 = MECHANICAL_DESIGN_GEOMETRIC_PRESENTATION_REPRESENTATION('',(
    #15835,#15842,#15849,#15856,#15863,#15870,#15877,#15884,#15891,
    #15898,#15905,#15912,#15919,#15926,#15933,#15940,#15947,#15954,
    #15961,#15968,#15975,#15982,#15989,#15996,#16003,#16010,#16017,
    #16024,#16031,#16038,#16045,#16052,#16059,#16066,#16073,#16080,
    #16087,#16094,#16101,#16108,#16115,#16122,#16129,#16136,#16143,
    #16150,#16157,#16164,#16171,#16178,#16185,#16192,#16199,#16206,
    #16213,#16220,#16227,#16234,#16241,#16248,#16255,#16262,#16269,
    #16276,#16283,#16290,#16297,#16304,#16311,#16318,#16325,#16332,
    #16339,#16346,#16353,#16360,#16367,#16374,#16381,#16388,#16395,
    #16402,#16409,#16416,#16423,#16430,#16437,#16444),#11240);
#15835 = STYLED_ITEM('color',(#15836),#8578);
#15836 = PRESENTATION_STYLE_ASSIGNMENT((#15837));
#15837 = SURFACE_STYLE_USAGE(.BOTH.,#15838);
#15838 = SURFACE_SIDE_STYLE('',(#15839));
#15839 = SURFACE_STYLE_FILL_AREA(#15840);
#15840 = FILL_AREA_STYLE('',(#15841));
#15841 = FILL_AREA_STYLE_COLOUR('',#15436);
#15842 = STYLED_ITEM('color',(#15843),#8618);
#15843 = PRESENTATION_STYLE_ASSIGNMENT((#15844));
#15844 = SURFACE_STYLE_USAGE(.BOTH.,#15845);
#15845 = SURFACE_SIDE_STYLE('',(#15846));
#15846 = SURFACE_STYLE_FILL_AREA(#15847);
#15847 = FILL_AREA_STYLE('',(#15848));
#15848 = FILL_AREA_STYLE_COLOUR('',#15436);
#15849 = STYLED_ITEM('color',(#15850),#8649);
#15850 = PRESENTATION_STYLE_ASSIGNMENT((#15851));
#15851 = SURFACE_STYLE_USAGE(.BOTH.,#15852);
#15852 = SURFACE_SIDE_STYLE('',(#15853));
#15853 = SURFACE_STYLE_FILL_AREA(#15854);
#15854 = FILL_AREA_STYLE('',(#15855));
#15855 = FILL_AREA_STYLE_COLOUR('',#15436);
#15856 = STYLED_ITEM('color',(#15857),#8680);
#15857 = PRESENTATION_STYLE_ASSIGNMENT((#15858));
#15858 = SURFACE_STYLE_USAGE(.BOTH.,#15859);
#15859 = SURFACE_SIDE_STYLE('',(#15860));
#15860 = SURFACE_STYLE_FILL_AREA(#15861);
#15861 = FILL_AREA_STYLE('',(#15862));
#15862 = FILL_AREA_STYLE_COLOUR('',#15436);
#15863 = STYLED_ITEM('color',(#15864),#8729);
#15864 = PRESENTATION_STYLE_ASSIGNMENT((#15865));
#15865 = SURFACE_STYLE_USAGE(.BOTH.,#15866);
#15866 = SURFACE_SIDE_STYLE('',(#15867));
#15867 = SURFACE_STYLE_FILL_AREA(#15868);
#15868 = FILL_AREA_STYLE('',(#15869));
#15869 = FILL_AREA_STYLE_COLOUR('',#15436);
#15870 = STYLED_ITEM('color',(#15871),#8778);
#15871 = PRESENTATION_STYLE_ASSIGNMENT((#15872));
#15872 = SURFACE_STYLE_USAGE(.BOTH.,#15873);
#15873 = SURFACE_SIDE_STYLE('',(#15874));
#15874 = SURFACE_STYLE_FILL_AREA(#15875);
#15875 = FILL_AREA_STYLE('',(#15876));
#15876 = FILL_AREA_STYLE_COLOUR('',#15436);
#15877 = STYLED_ITEM('color',(#15878),#8795);
#15878 = PRESENTATION_STYLE_ASSIGNMENT((#15879));
#15879 = SURFACE_STYLE_USAGE(.BOTH.,#15880);
#15880 = SURFACE_SIDE_STYLE('',(#15881));
#15881 = SURFACE_STYLE_FILL_AREA(#15882);
#15882 = FILL_AREA_STYLE('',(#15883));
#15883 = FILL_AREA_STYLE_COLOUR('',#15544);
#15884 = STYLED_ITEM('color',(#15885),#8826);
#15885 = PRESENTATION_STYLE_ASSIGNMENT((#15886));
#15886 = SURFACE_STYLE_USAGE(.BOTH.,#15887);
#15887 = SURFACE_SIDE_STYLE('',(#15888));
#15888 = SURFACE_STYLE_FILL_AREA(#15889);
#15889 = FILL_AREA_STYLE('',(#15890));
#15890 = FILL_AREA_STYLE_COLOUR('',#15436);
#15891 = STYLED_ITEM('color',(#15892),#8857);
#15892 = PRESENTATION_STYLE_ASSIGNMENT((#15893));
#15893 = SURFACE_STYLE_USAGE(.BOTH.,#15894);
#15894 = SURFACE_SIDE_STYLE('',(#15895));
#15895 = SURFACE_STYLE_FILL_AREA(#15896);
#15896 = FILL_AREA_STYLE('',(#15897));
#15897 = FILL_AREA_STYLE_COLOUR('',#15436);
#15898 = STYLED_ITEM('color',(#15899),#8879);
#15899 = PRESENTATION_STYLE_ASSIGNMENT((#15900));
#15900 = SURFACE_STYLE_USAGE(.BOTH.,#15901);
#15901 = SURFACE_SIDE_STYLE('',(#15902));
#15902 = SURFACE_STYLE_FILL_AREA(#15903);
#15903 = FILL_AREA_STYLE('',(#15904));
#15904 = FILL_AREA_STYLE_COLOUR('',#15436);
#15905 = STYLED_ITEM('color',(#15906),#8896);
#15906 = PRESENTATION_STYLE_ASSIGNMENT((#15907));
#15907 = SURFACE_STYLE_USAGE(.BOTH.,#15908);
#15908 = SURFACE_SIDE_STYLE('',(#15909));
#15909 = SURFACE_STYLE_FILL_AREA(#15910);
#15910 = FILL_AREA_STYLE('',(#15911));
#15911 = FILL_AREA_STYLE_COLOUR('',#15436);
#15912 = STYLED_ITEM('color',(#15913),#8908);
#15913 = PRESENTATION_STYLE_ASSIGNMENT((#15914));
#15914 = SURFACE_STYLE_USAGE(.BOTH.,#15915);
#15915 = SURFACE_SIDE_STYLE('',(#15916));
#15916 = SURFACE_STYLE_FILL_AREA(#15917);
#15917 = FILL_AREA_STYLE('',(#15918));
#15918 = FILL_AREA_STYLE_COLOUR('',#15544);
#15919 = STYLED_ITEM('color',(#15920),#8948);
#15920 = PRESENTATION_STYLE_ASSIGNMENT((#15921));
#15921 = SURFACE_STYLE_USAGE(.BOTH.,#15922);
#15922 = SURFACE_SIDE_STYLE('',(#15923));
#15923 = SURFACE_STYLE_FILL_AREA(#15924);
#15924 = FILL_AREA_STYLE('',(#15925));
#15925 = FILL_AREA_STYLE_COLOUR('',#15544);
#15926 = STYLED_ITEM('color',(#15927),#8990);
#15927 = PRESENTATION_STYLE_ASSIGNMENT((#15928));
#15928 = SURFACE_STYLE_USAGE(.BOTH.,#15929);
#15929 = SURFACE_SIDE_STYLE('',(#15930));
#15930 = SURFACE_STYLE_FILL_AREA(#15931);
#15931 = FILL_AREA_STYLE('',(#15932));
#15932 = FILL_AREA_STYLE_COLOUR('',#15544);
#15933 = STYLED_ITEM('color',(#15934),#9023);
#15934 = PRESENTATION_STYLE_ASSIGNMENT((#15935));
#15935 = SURFACE_STYLE_USAGE(.BOTH.,#15936);
#15936 = SURFACE_SIDE_STYLE('',(#15937));
#15937 = SURFACE_STYLE_FILL_AREA(#15938);
#15938 = FILL_AREA_STYLE('',(#15939));
#15939 = FILL_AREA_STYLE_COLOUR('',#15544);
#15940 = STYLED_ITEM('color',(#15941),#9040);
#15941 = PRESENTATION_STYLE_ASSIGNMENT((#15942));
#15942 = SURFACE_STYLE_USAGE(.BOTH.,#15943);
#15943 = SURFACE_SIDE_STYLE('',(#15944));
#15944 = SURFACE_STYLE_FILL_AREA(#15945);
#15945 = FILL_AREA_STYLE('',(#15946));
#15946 = FILL_AREA_STYLE_COLOUR('',#15544);
#15947 = STYLED_ITEM('color',(#15948),#9064);
#15948 = PRESENTATION_STYLE_ASSIGNMENT((#15949));
#15949 = SURFACE_STYLE_USAGE(.BOTH.,#15950);
#15950 = SURFACE_SIDE_STYLE('',(#15951));
#15951 = SURFACE_STYLE_FILL_AREA(#15952);
#15952 = FILL_AREA_STYLE('',(#15953));
#15953 = FILL_AREA_STYLE_COLOUR('',#15544);
#15954 = STYLED_ITEM('color',(#15955),#9090);
#15955 = PRESENTATION_STYLE_ASSIGNMENT((#15956));
#15956 = SURFACE_STYLE_USAGE(.BOTH.,#15957);
#15957 = SURFACE_SIDE_STYLE('',(#15958));
#15958 = SURFACE_STYLE_FILL_AREA(#15959);
#15959 = FILL_AREA_STYLE('',(#15960));
#15960 = FILL_AREA_STYLE_COLOUR('',#15544);
#15961 = STYLED_ITEM('color',(#15962),#9155);
#15962 = PRESENTATION_STYLE_ASSIGNMENT((#15963));
#15963 = SURFACE_STYLE_USAGE(.BOTH.,#15964);
#15964 = SURFACE_SIDE_STYLE('',(#15965));
#15965 = SURFACE_STYLE_FILL_AREA(#15966);
#15966 = FILL_AREA_STYLE('',(#15967));
#15967 = FILL_AREA_STYLE_COLOUR('',#15544);
#15968 = STYLED_ITEM('color',(#15969),#9236);
#15969 = PRESENTATION_STYLE_ASSIGNMENT((#15970));
#15970 = SURFACE_STYLE_USAGE(.BOTH.,#15971);
#15971 = SURFACE_SIDE_STYLE('',(#15972));
#15972 = SURFACE_STYLE_FILL_AREA(#15973);
#15973 = FILL_AREA_STYLE('',(#15974));
#15974 = FILL_AREA_STYLE_COLOUR('',#15436);
#15975 = STYLED_ITEM('color',(#15976),#9331);
#15976 = PRESENTATION_STYLE_ASSIGNMENT((#15977));
#15977 = SURFACE_STYLE_USAGE(.BOTH.,#15978);
#15978 = SURFACE_SIDE_STYLE('',(#15979));
#15979 = SURFACE_STYLE_FILL_AREA(#15980);
#15980 = FILL_AREA_STYLE('',(#15981));
#15981 = FILL_AREA_STYLE_COLOUR('',#15436);
#15982 = STYLED_ITEM('color',(#15983),#9426);
#15983 = PRESENTATION_STYLE_ASSIGNMENT((#15984));
#15984 = SURFACE_STYLE_USAGE(.BOTH.,#15985);
#15985 = SURFACE_SIDE_STYLE('',(#15986));
#15986 = SURFACE_STYLE_FILL_AREA(#15987);
#15987 = FILL_AREA_STYLE('',(#15988));
#15988 = FILL_AREA_STYLE_COLOUR('',#15436);
#15989 = STYLED_ITEM('color',(#15990),#9521);
#15990 = PRESENTATION_STYLE_ASSIGNMENT((#15991));
#15991 = SURFACE_STYLE_USAGE(.BOTH.,#15992);
#15992 = SURFACE_SIDE_STYLE('',(#15993));
#15993 = SURFACE_STYLE_FILL_AREA(#15994);
#15994 = FILL_AREA_STYLE('',(#15995));
#15995 = FILL_AREA_STYLE_COLOUR('',#15436);
#15996 = STYLED_ITEM('color',(#15997),#9545);
#15997 = PRESENTATION_STYLE_ASSIGNMENT((#15998));
#15998 = SURFACE_STYLE_USAGE(.BOTH.,#15999);
#15999 = SURFACE_SIDE_STYLE('',(#16000));
#16000 = SURFACE_STYLE_FILL_AREA(#16001);
#16001 = FILL_AREA_STYLE('',(#16002));
#16002 = FILL_AREA_STYLE_COLOUR('',#15436);
#16003 = STYLED_ITEM('color',(#16004),#9633);
#16004 = PRESENTATION_STYLE_ASSIGNMENT((#16005));
#16005 = SURFACE_STYLE_USAGE(.BOTH.,#16006);
#16006 = SURFACE_SIDE_STYLE('',(#16007));
#16007 = SURFACE_STYLE_FILL_AREA(#16008);
#16008 = FILL_AREA_STYLE('',(#16009));
#16009 = FILL_AREA_STYLE_COLOUR('',#15436);
#16010 = STYLED_ITEM('color',(#16011),#9650);
#16011 = PRESENTATION_STYLE_ASSIGNMENT((#16012));
#16012 = SURFACE_STYLE_USAGE(.BOTH.,#16013);
#16013 = SURFACE_SIDE_STYLE('',(#16014));
#16014 = SURFACE_STYLE_FILL_AREA(#16015);
#16015 = FILL_AREA_STYLE('',(#16016));
#16016 = FILL_AREA_STYLE_COLOUR('',#15436);
#16017 = STYLED_ITEM('color',(#16018),#9674);
#16018 = PRESENTATION_STYLE_ASSIGNMENT((#16019));
#16019 = SURFACE_STYLE_USAGE(.BOTH.,#16020);
#16020 = SURFACE_SIDE_STYLE('',(#16021));
#16021 = SURFACE_STYLE_FILL_AREA(#16022);
#16022 = FILL_AREA_STYLE('',(#16023));
#16023 = FILL_AREA_STYLE_COLOUR('',#15436);
#16024 = STYLED_ITEM('color',(#16025),#9762);
#16025 = PRESENTATION_STYLE_ASSIGNMENT((#16026));
#16026 = SURFACE_STYLE_USAGE(.BOTH.,#16027);
#16027 = SURFACE_SIDE_STYLE('',(#16028));
#16028 = SURFACE_STYLE_FILL_AREA(#16029);
#16029 = FILL_AREA_STYLE('',(#16030));
#16030 = FILL_AREA_STYLE_COLOUR('',#15436);
#16031 = STYLED_ITEM('color',(#16032),#9779);
#16032 = PRESENTATION_STYLE_ASSIGNMENT((#16033));
#16033 = SURFACE_STYLE_USAGE(.BOTH.,#16034);
#16034 = SURFACE_SIDE_STYLE('',(#16035));
#16035 = SURFACE_STYLE_FILL_AREA(#16036);
#16036 = FILL_AREA_STYLE('',(#16037));
#16037 = FILL_AREA_STYLE_COLOUR('',#15436);
#16038 = STYLED_ITEM('color',(#16039),#9803);
#16039 = PRESENTATION_STYLE_ASSIGNMENT((#16040));
#16040 = SURFACE_STYLE_USAGE(.BOTH.,#16041);
#16041 = SURFACE_SIDE_STYLE('',(#16042));
#16042 = SURFACE_STYLE_FILL_AREA(#16043);
#16043 = FILL_AREA_STYLE('',(#16044));
#16044 = FILL_AREA_STYLE_COLOUR('',#15436);
#16045 = STYLED_ITEM('color',(#16046),#9891);
#16046 = PRESENTATION_STYLE_ASSIGNMENT((#16047));
#16047 = SURFACE_STYLE_USAGE(.BOTH.,#16048);
#16048 = SURFACE_SIDE_STYLE('',(#16049));
#16049 = SURFACE_STYLE_FILL_AREA(#16050);
#16050 = FILL_AREA_STYLE('',(#16051));
#16051 = FILL_AREA_STYLE_COLOUR('',#15436);
#16052 = STYLED_ITEM('color',(#16053),#9908);
#16053 = PRESENTATION_STYLE_ASSIGNMENT((#16054));
#16054 = SURFACE_STYLE_USAGE(.BOTH.,#16055);
#16055 = SURFACE_SIDE_STYLE('',(#16056));
#16056 = SURFACE_STYLE_FILL_AREA(#16057);
#16057 = FILL_AREA_STYLE('',(#16058));
#16058 = FILL_AREA_STYLE_COLOUR('',#15436);
#16059 = STYLED_ITEM('color',(#16060),#9947);
#16060 = PRESENTATION_STYLE_ASSIGNMENT((#16061));
#16061 = SURFACE_STYLE_USAGE(.BOTH.,#16062);
#16062 = SURFACE_SIDE_STYLE('',(#16063));
#16063 = SURFACE_STYLE_FILL_AREA(#16064);
#16064 = FILL_AREA_STYLE('',(#16065));
#16065 = FILL_AREA_STYLE_COLOUR('',#15436);
#16066 = STYLED_ITEM('color',(#16067),#9964);
#16067 = PRESENTATION_STYLE_ASSIGNMENT((#16068));
#16068 = SURFACE_STYLE_USAGE(.BOTH.,#16069);
#16069 = SURFACE_SIDE_STYLE('',(#16070));
#16070 = SURFACE_STYLE_FILL_AREA(#16071);
#16071 = FILL_AREA_STYLE('',(#16072));
#16072 = FILL_AREA_STYLE_COLOUR('',#15436);
#16073 = STYLED_ITEM('color',(#16074),#9981);
#16074 = PRESENTATION_STYLE_ASSIGNMENT((#16075));
#16075 = SURFACE_STYLE_USAGE(.BOTH.,#16076);
#16076 = SURFACE_SIDE_STYLE('',(#16077));
#16077 = SURFACE_STYLE_FILL_AREA(#16078);
#16078 = FILL_AREA_STYLE('',(#16079));
#16079 = FILL_AREA_STYLE_COLOUR('',#15436);
#16080 = STYLED_ITEM('color',(#16081),#9993);
#16081 = PRESENTATION_STYLE_ASSIGNMENT((#16082));
#16082 = SURFACE_STYLE_USAGE(.BOTH.,#16083);
#16083 = SURFACE_SIDE_STYLE('',(#16084));
#16084 = SURFACE_STYLE_FILL_AREA(#16085);
#16085 = FILL_AREA_STYLE('',(#16086));
#16086 = FILL_AREA_STYLE_COLOUR('',#15436);
#16087 = STYLED_ITEM('color',(#16088),#10010);
#16088 = PRESENTATION_STYLE_ASSIGNMENT((#16089));
#16089 = SURFACE_STYLE_USAGE(.BOTH.,#16090);
#16090 = SURFACE_SIDE_STYLE('',(#16091));
#16091 = SURFACE_STYLE_FILL_AREA(#16092);
#16092 = FILL_AREA_STYLE('',(#16093));
#16093 = FILL_AREA_STYLE_COLOUR('',#15436);
#16094 = STYLED_ITEM('color',(#16095),#10027);
#16095 = PRESENTATION_STYLE_ASSIGNMENT((#16096));
#16096 = SURFACE_STYLE_USAGE(.BOTH.,#16097);
#16097 = SURFACE_SIDE_STYLE('',(#16098));
#16098 = SURFACE_STYLE_FILL_AREA(#16099);
#16099 = FILL_AREA_STYLE('',(#16100));
#16100 = FILL_AREA_STYLE_COLOUR('',#15436);
#16101 = STYLED_ITEM('color',(#16102),#10044);
#16102 = PRESENTATION_STYLE_ASSIGNMENT((#16103));
#16103 = SURFACE_STYLE_USAGE(.BOTH.,#16104);
#16104 = SURFACE_SIDE_STYLE('',(#16105));
#16105 = SURFACE_STYLE_FILL_AREA(#16106);
#16106 = FILL_AREA_STYLE('',(#16107));
#16107 = FILL_AREA_STYLE_COLOUR('',#15436);
#16108 = STYLED_ITEM('color',(#16109),#10078);
#16109 = PRESENTATION_STYLE_ASSIGNMENT((#16110));
#16110 = SURFACE_STYLE_USAGE(.BOTH.,#16111);
#16111 = SURFACE_SIDE_STYLE('',(#16112));
#16112 = SURFACE_STYLE_FILL_AREA(#16113);
#16113 = FILL_AREA_STYLE('',(#16114));
#16114 = FILL_AREA_STYLE_COLOUR('',#15436);
#16115 = STYLED_ITEM('color',(#16116),#10141);
#16116 = PRESENTATION_STYLE_ASSIGNMENT((#16117));
#16117 = SURFACE_STYLE_USAGE(.BOTH.,#16118);
#16118 = SURFACE_SIDE_STYLE('',(#16119));
#16119 = SURFACE_STYLE_FILL_AREA(#16120);
#16120 = FILL_AREA_STYLE('',(#16121));
#16121 = FILL_AREA_STYLE_COLOUR('',#15436);
#16122 = STYLED_ITEM('color',(#16123),#10180);
#16123 = PRESENTATION_STYLE_ASSIGNMENT((#16124));
#16124 = SURFACE_STYLE_USAGE(.BOTH.,#16125);
#16125 = SURFACE_SIDE_STYLE('',(#16126));
#16126 = SURFACE_STYLE_FILL_AREA(#16127);
#16127 = FILL_AREA_STYLE('',(#16128));
#16128 = FILL_AREA_STYLE_COLOUR('',#15436);
#16129 = STYLED_ITEM('color',(#16130),#10197);
#16130 = PRESENTATION_STYLE_ASSIGNMENT((#16131));
#16131 = SURFACE_STYLE_USAGE(.BOTH.,#16132);
#16132 = SURFACE_SIDE_STYLE('',(#16133));
#16133 = SURFACE_STYLE_FILL_AREA(#16134);
#16134 = FILL_AREA_STYLE('',(#16135));
#16135 = FILL_AREA_STYLE_COLOUR('',#15436);
#16136 = STYLED_ITEM('color',(#16137),#10214);
#16137 = PRESENTATION_STYLE_ASSIGNMENT((#16138));
#16138 = SURFACE_STYLE_USAGE(.BOTH.,#16139);
#16139 = SURFACE_SIDE_STYLE('',(#16140));
#16140 = SURFACE_STYLE_FILL_AREA(#16141);
#16141 = FILL_AREA_STYLE('',(#16142));
#16142 = FILL_AREA_STYLE_COLOUR('',#15436);
#16143 = STYLED_ITEM('color',(#16144),#10226);
#16144 = PRESENTATION_STYLE_ASSIGNMENT((#16145));
#16145 = SURFACE_STYLE_USAGE(.BOTH.,#16146);
#16146 = SURFACE_SIDE_STYLE('',(#16147));
#16147 = SURFACE_STYLE_FILL_AREA(#16148);
#16148 = FILL_AREA_STYLE('',(#16149));
#16149 = FILL_AREA_STYLE_COLOUR('',#15436);
#16150 = STYLED_ITEM('color',(#16151),#10243);
#16151 = PRESENTATION_STYLE_ASSIGNMENT((#16152));
#16152 = SURFACE_STYLE_USAGE(.BOTH.,#16153);
#16153 = SURFACE_SIDE_STYLE('',(#16154));
#16154 = SURFACE_STYLE_FILL_AREA(#16155);
#16155 = FILL_AREA_STYLE('',(#16156));
#16156 = FILL_AREA_STYLE_COLOUR('',#15436);
#16157 = STYLED_ITEM('color',(#16158),#10260);
#16158 = PRESENTATION_STYLE_ASSIGNMENT((#16159));
#16159 = SURFACE_STYLE_USAGE(.BOTH.,#16160);
#16160 = SURFACE_SIDE_STYLE('',(#16161));
#16161 = SURFACE_STYLE_FILL_AREA(#16162);
#16162 = FILL_AREA_STYLE('',(#16163));
#16163 = FILL_AREA_STYLE_COLOUR('',#15436);
#16164 = STYLED_ITEM('color',(#16165),#10277);
#16165 = PRESENTATION_STYLE_ASSIGNMENT((#16166));
#16166 = SURFACE_STYLE_USAGE(.BOTH.,#16167);
#16167 = SURFACE_SIDE_STYLE('',(#16168));
#16168 = SURFACE_STYLE_FILL_AREA(#16169);
#16169 = FILL_AREA_STYLE('',(#16170));
#16170 = FILL_AREA_STYLE_COLOUR('',#15436);
#16171 = STYLED_ITEM('color',(#16172),#10311);
#16172 = PRESENTATION_STYLE_ASSIGNMENT((#16173));
#16173 = SURFACE_STYLE_USAGE(.BOTH.,#16174);
#16174 = SURFACE_SIDE_STYLE('',(#16175));
#16175 = SURFACE_STYLE_FILL_AREA(#16176);
#16176 = FILL_AREA_STYLE('',(#16177));
#16177 = FILL_AREA_STYLE_COLOUR('',#15436);
#16178 = STYLED_ITEM('color',(#16179),#10374);
#16179 = PRESENTATION_STYLE_ASSIGNMENT((#16180));
#16180 = SURFACE_STYLE_USAGE(.BOTH.,#16181);
#16181 = SURFACE_SIDE_STYLE('',(#16182));
#16182 = SURFACE_STYLE_FILL_AREA(#16183);
#16183 = FILL_AREA_STYLE('',(#16184));
#16184 = FILL_AREA_STYLE_COLOUR('',#15436);
#16185 = STYLED_ITEM('color',(#16186),#10413);
#16186 = PRESENTATION_STYLE_ASSIGNMENT((#16187));
#16187 = SURFACE_STYLE_USAGE(.BOTH.,#16188);
#16188 = SURFACE_SIDE_STYLE('',(#16189));
#16189 = SURFACE_STYLE_FILL_AREA(#16190);
#16190 = FILL_AREA_STYLE('',(#16191));
#16191 = FILL_AREA_STYLE_COLOUR('',#15436);
#16192 = STYLED_ITEM('color',(#16193),#10430);
#16193 = PRESENTATION_STYLE_ASSIGNMENT((#16194));
#16194 = SURFACE_STYLE_USAGE(.BOTH.,#16195);
#16195 = SURFACE_SIDE_STYLE('',(#16196));
#16196 = SURFACE_STYLE_FILL_AREA(#16197);
#16197 = FILL_AREA_STYLE('',(#16198));
#16198 = FILL_AREA_STYLE_COLOUR('',#15436);
#16199 = STYLED_ITEM('color',(#16200),#10447);
#16200 = PRESENTATION_STYLE_ASSIGNMENT((#16201));
#16201 = SURFACE_STYLE_USAGE(.BOTH.,#16202);
#16202 = SURFACE_SIDE_STYLE('',(#16203));
#16203 = SURFACE_STYLE_FILL_AREA(#16204);
#16204 = FILL_AREA_STYLE('',(#16205));
#16205 = FILL_AREA_STYLE_COLOUR('',#15436);
#16206 = STYLED_ITEM('color',(#16207),#10459);
#16207 = PRESENTATION_STYLE_ASSIGNMENT((#16208));
#16208 = SURFACE_STYLE_USAGE(.BOTH.,#16209);
#16209 = SURFACE_SIDE_STYLE('',(#16210));
#16210 = SURFACE_STYLE_FILL_AREA(#16211);
#16211 = FILL_AREA_STYLE('',(#16212));
#16212 = FILL_AREA_STYLE_COLOUR('',#15436);
#16213 = STYLED_ITEM('color',(#16214),#10476);
#16214 = PRESENTATION_STYLE_ASSIGNMENT((#16215));
#16215 = SURFACE_STYLE_USAGE(.BOTH.,#16216);
#16216 = SURFACE_SIDE_STYLE('',(#16217));
#16217 = SURFACE_STYLE_FILL_AREA(#16218);
#16218 = FILL_AREA_STYLE('',(#16219));
#16219 = FILL_AREA_STYLE_COLOUR('',#15436);
#16220 = STYLED_ITEM('color',(#16221),#10493);
#16221 = PRESENTATION_STYLE_ASSIGNMENT((#16222));
#16222 = SURFACE_STYLE_USAGE(.BOTH.,#16223);
#16223 = SURFACE_SIDE_STYLE('',(#16224));
#16224 = SURFACE_STYLE_FILL_AREA(#16225);
#16225 = FILL_AREA_STYLE('',(#16226));
#16226 = FILL_AREA_STYLE_COLOUR('',#15436);
#16227 = STYLED_ITEM('color',(#16228),#10510);
#16228 = PRESENTATION_STYLE_ASSIGNMENT((#16229));
#16229 = SURFACE_STYLE_USAGE(.BOTH.,#16230);
#16230 = SURFACE_SIDE_STYLE('',(#16231));
#16231 = SURFACE_STYLE_FILL_AREA(#16232);
#16232 = FILL_AREA_STYLE('',(#16233));
#16233 = FILL_AREA_STYLE_COLOUR('',#15436);
#16234 = STYLED_ITEM('color',(#16235),#10544);
#16235 = PRESENTATION_STYLE_ASSIGNMENT((#16236));
#16236 = SURFACE_STYLE_USAGE(.BOTH.,#16237);
#16237 = SURFACE_SIDE_STYLE('',(#16238));
#16238 = SURFACE_STYLE_FILL_AREA(#16239);
#16239 = FILL_AREA_STYLE('',(#16240));
#16240 = FILL_AREA_STYLE_COLOUR('',#15436);
#16241 = STYLED_ITEM('color',(#16242),#10607);
#16242 = PRESENTATION_STYLE_ASSIGNMENT((#16243));
#16243 = SURFACE_STYLE_USAGE(.BOTH.,#16244);
#16244 = SURFACE_SIDE_STYLE('',(#16245));
#16245 = SURFACE_STYLE_FILL_AREA(#16246);
#16246 = FILL_AREA_STYLE('',(#16247));
#16247 = FILL_AREA_STYLE_COLOUR('',#15436);
#16248 = STYLED_ITEM('color',(#16249),#10624);
#16249 = PRESENTATION_STYLE_ASSIGNMENT((#16250));
#16250 = SURFACE_STYLE_USAGE(.BOTH.,#16251);
#16251 = SURFACE_SIDE_STYLE('',(#16252));
#16252 = SURFACE_STYLE_FILL_AREA(#16253);
#16253 = FILL_AREA_STYLE('',(#16254));
#16254 = FILL_AREA_STYLE_COLOUR('',#15436);
#16255 = STYLED_ITEM('color',(#16256),#10641);
#16256 = PRESENTATION_STYLE_ASSIGNMENT((#16257));
#16257 = SURFACE_STYLE_USAGE(.BOTH.,#16258);
#16258 = SURFACE_SIDE_STYLE('',(#16259));
#16259 = SURFACE_STYLE_FILL_AREA(#16260);
#16260 = FILL_AREA_STYLE('',(#16261));
#16261 = FILL_AREA_STYLE_COLOUR('',#15436);
#16262 = STYLED_ITEM('color',(#16263),#10658);
#16263 = PRESENTATION_STYLE_ASSIGNMENT((#16264));
#16264 = SURFACE_STYLE_USAGE(.BOTH.,#16265);
#16265 = SURFACE_SIDE_STYLE('',(#16266));
#16266 = SURFACE_STYLE_FILL_AREA(#16267);
#16267 = FILL_AREA_STYLE('',(#16268));
#16268 = FILL_AREA_STYLE_COLOUR('',#15436);
#16269 = STYLED_ITEM('color',(#16270),#10675);
#16270 = PRESENTATION_STYLE_ASSIGNMENT((#16271));
#16271 = SURFACE_STYLE_USAGE(.BOTH.,#16272);
#16272 = SURFACE_SIDE_STYLE('',(#16273));
#16273 = SURFACE_STYLE_FILL_AREA(#16274);
#16274 = FILL_AREA_STYLE('',(#16275));
#16275 = FILL_AREA_STYLE_COLOUR('',#15436);
#16276 = STYLED_ITEM('color',(#16277),#10699);
#16277 = PRESENTATION_STYLE_ASSIGNMENT((#16278));
#16278 = SURFACE_STYLE_USAGE(.BOTH.,#16279);
#16279 = SURFACE_SIDE_STYLE('',(#16280));
#16280 = SURFACE_STYLE_FILL_AREA(#16281);
#16281 = FILL_AREA_STYLE('',(#16282));
#16282 = FILL_AREA_STYLE_COLOUR('',#15436);
#16283 = STYLED_ITEM('color',(#16284),#10723);
#16284 = PRESENTATION_STYLE_ASSIGNMENT((#16285));
#16285 = SURFACE_STYLE_USAGE(.BOTH.,#16286);
#16286 = SURFACE_SIDE_STYLE('',(#16287));
#16287 = SURFACE_STYLE_FILL_AREA(#16288);
#16288 = FILL_AREA_STYLE('',(#16289));
#16289 = FILL_AREA_STYLE_COLOUR('',#15436);
#16290 = STYLED_ITEM('color',(#16291),#10747);
#16291 = PRESENTATION_STYLE_ASSIGNMENT((#16292));
#16292 = SURFACE_STYLE_USAGE(.BOTH.,#16293);
#16293 = SURFACE_SIDE_STYLE('',(#16294));
#16294 = SURFACE_STYLE_FILL_AREA(#16295);
#16295 = FILL_AREA_STYLE('',(#16296));
#16296 = FILL_AREA_STYLE_COLOUR('',#15436);
#16297 = STYLED_ITEM('color',(#16298),#10771);
#16298 = PRESENTATION_STYLE_ASSIGNMENT((#16299));
#16299 = SURFACE_STYLE_USAGE(.BOTH.,#16300);
#16300 = SURFACE_SIDE_STYLE('',(#16301));
#16301 = SURFACE_STYLE_FILL_AREA(#16302);
#16302 = FILL_AREA_STYLE('',(#16303));
#16303 = FILL_AREA_STYLE_COLOUR('',#15436);
#16304 = STYLED_ITEM('color',(#16305),#10795);
#16305 = PRESENTATION_STYLE_ASSIGNMENT((#16306));
#16306 = SURFACE_STYLE_USAGE(.BOTH.,#16307);
#16307 = SURFACE_SIDE_STYLE('',(#16308));
#16308 = SURFACE_STYLE_FILL_AREA(#16309);
#16309 = FILL_AREA_STYLE('',(#16310));
#16310 = FILL_AREA_STYLE_COLOUR('',#15436);
#16311 = STYLED_ITEM('color',(#16312),#10819);
#16312 = PRESENTATION_STYLE_ASSIGNMENT((#16313));
#16313 = SURFACE_STYLE_USAGE(.BOTH.,#16314);
#16314 = SURFACE_SIDE_STYLE('',(#16315));
#16315 = SURFACE_STYLE_FILL_AREA(#16316);
#16316 = FILL_AREA_STYLE('',(#16317));
#16317 = FILL_AREA_STYLE_COLOUR('',#15436);
#16318 = STYLED_ITEM('color',(#16319),#10836);
#16319 = PRESENTATION_STYLE_ASSIGNMENT((#16320));
#16320 = SURFACE_STYLE_USAGE(.BOTH.,#16321);
#16321 = SURFACE_SIDE_STYLE('',(#16322));
#16322 = SURFACE_STYLE_FILL_AREA(#16323);
#16323 = FILL_AREA_STYLE('',(#16324));
#16324 = FILL_AREA_STYLE_COLOUR('',#15436);
#16325 = STYLED_ITEM('color',(#16326),#10853);
#16326 = PRESENTATION_STYLE_ASSIGNMENT((#16327));
#16327 = SURFACE_STYLE_USAGE(.BOTH.,#16328);
#16328 = SURFACE_SIDE_STYLE('',(#16329));
#16329 = SURFACE_STYLE_FILL_AREA(#16330);
#16330 = FILL_AREA_STYLE('',(#16331));
#16331 = FILL_AREA_STYLE_COLOUR('',#15436);
#16332 = STYLED_ITEM('color',(#16333),#10877);
#16333 = PRESENTATION_STYLE_ASSIGNMENT((#16334));
#16334 = SURFACE_STYLE_USAGE(.BOTH.,#16335);
#16335 = SURFACE_SIDE_STYLE('',(#16336));
#16336 = SURFACE_STYLE_FILL_AREA(#16337);
#16337 = FILL_AREA_STYLE('',(#16338));
#16338 = FILL_AREA_STYLE_COLOUR('',#15436);
#16339 = STYLED_ITEM('color',(#16340),#10901);
#16340 = PRESENTATION_STYLE_ASSIGNMENT((#16341));
#16341 = SURFACE_STYLE_USAGE(.BOTH.,#16342);
#16342 = SURFACE_SIDE_STYLE('',(#16343));
#16343 = SURFACE_STYLE_FILL_AREA(#16344);
#16344 = FILL_AREA_STYLE('',(#16345));
#16345 = FILL_AREA_STYLE_COLOUR('',#15436);
#16346 = STYLED_ITEM('color',(#16347),#10925);
#16347 = PRESENTATION_STYLE_ASSIGNMENT((#16348));
#16348 = SURFACE_STYLE_USAGE(.BOTH.,#16349);
#16349 = SURFACE_SIDE_STYLE('',(#16350));
#16350 = SURFACE_STYLE_FILL_AREA(#16351);
#16351 = FILL_AREA_STYLE('',(#16352));
#16352 = FILL_AREA_STYLE_COLOUR('',#15436);
#16353 = STYLED_ITEM('color',(#16354),#10949);
#16354 = PRESENTATION_STYLE_ASSIGNMENT((#16355));
#16355 = SURFACE_STYLE_USAGE(.BOTH.,#16356);
#16356 = SURFACE_SIDE_STYLE('',(#16357));
#16357 = SURFACE_STYLE_FILL_AREA(#16358);
#16358 = FILL_AREA_STYLE('',(#16359));
#16359 = FILL_AREA_STYLE_COLOUR('',#15436);
#16360 = STYLED_ITEM('color',(#16361),#10973);
#16361 = PRESENTATION_STYLE_ASSIGNMENT((#16362));
#16362 = SURFACE_STYLE_USAGE(.BOTH.,#16363);
#16363 = SURFACE_SIDE_STYLE('',(#16364));
#16364 = SURFACE_STYLE_FILL_AREA(#16365);
#16365 = FILL_AREA_STYLE('',(#16366));
#16366 = FILL_AREA_STYLE_COLOUR('',#15436);
#16367 = STYLED_ITEM('color',(#16368),#10997);
#16368 = PRESENTATION_STYLE_ASSIGNMENT((#16369));
#16369 = SURFACE_STYLE_USAGE(.BOTH.,#16370);
#16370 = SURFACE_SIDE_STYLE('',(#16371));
#16371 = SURFACE_STYLE_FILL_AREA(#16372);
#16372 = FILL_AREA_STYLE('',(#16373));
#16373 = FILL_AREA_STYLE_COLOUR('',#15436);
#16374 = STYLED_ITEM('color',(#16375),#11014);
#16375 = PRESENTATION_STYLE_ASSIGNMENT((#16376));
#16376 = SURFACE_STYLE_USAGE(.BOTH.,#16377);
#16377 = SURFACE_SIDE_STYLE('',(#16378));
#16378 = SURFACE_STYLE_FILL_AREA(#16379);
#16379 = FILL_AREA_STYLE('',(#16380));
#16380 = FILL_AREA_STYLE_COLOUR('',#15436);
#16381 = STYLED_ITEM('color',(#16382),#11031);
#16382 = PRESENTATION_STYLE_ASSIGNMENT((#16383));
#16383 = SURFACE_STYLE_USAGE(.BOTH.,#16384);
#16384 = SURFACE_SIDE_STYLE('',(#16385));
#16385 = SURFACE_STYLE_FILL_AREA(#16386);
#16386 = FILL_AREA_STYLE('',(#16387));
#16387 = FILL_AREA_STYLE_COLOUR('',#15436);
#16388 = STYLED_ITEM('color',(#16389),#11055);
#16389 = PRESENTATION_STYLE_ASSIGNMENT((#16390));
#16390 = SURFACE_STYLE_USAGE(.BOTH.,#16391);
#16391 = SURFACE_SIDE_STYLE('',(#16392));
#16392 = SURFACE_STYLE_FILL_AREA(#16393);
#16393 = FILL_AREA_STYLE('',(#16394));
#16394 = FILL_AREA_STYLE_COLOUR('',#15436);
#16395 = STYLED_ITEM('color',(#16396),#11079);
#16396 = PRESENTATION_STYLE_ASSIGNMENT((#16397));
#16397 = SURFACE_STYLE_USAGE(.BOTH.,#16398);
#16398 = SURFACE_SIDE_STYLE('',(#16399));
#16399 = SURFACE_STYLE_FILL_AREA(#16400);
#16400 = FILL_AREA_STYLE('',(#16401));
#16401 = FILL_AREA_STYLE_COLOUR('',#15436);
#16402 = STYLED_ITEM('color',(#16403),#11103);
#16403 = PRESENTATION_STYLE_ASSIGNMENT((#16404));
#16404 = SURFACE_STYLE_USAGE(.BOTH.,#16405);
#16405 = SURFACE_SIDE_STYLE('',(#16406));
#16406 = SURFACE_STYLE_FILL_AREA(#16407);
#16407 = FILL_AREA_STYLE('',(#16408));
#16408 = FILL_AREA_STYLE_COLOUR('',#15436);
#16409 = STYLED_ITEM('color',(#16410),#11127);
#16410 = PRESENTATION_STYLE_ASSIGNMENT((#16411));
#16411 = SURFACE_STYLE_USAGE(.BOTH.,#16412);
#16412 = SURFACE_SIDE_STYLE('',(#16413));
#16413 = SURFACE_STYLE_FILL_AREA(#16414);
#16414 = FILL_AREA_STYLE('',(#16415));
#16415 = FILL_AREA_STYLE_COLOUR('',#15436);
#16416 = STYLED_ITEM('color',(#16417),#11151);
#16417 = PRESENTATION_STYLE_ASSIGNMENT((#16418));
#16418 = SURFACE_STYLE_USAGE(.BOTH.,#16419);
#16419 = SURFACE_SIDE_STYLE('',(#16420));
#16420 = SURFACE_STYLE_FILL_AREA(#16421);
#16421 = FILL_AREA_STYLE('',(#16422));
#16422 = FILL_AREA_STYLE_COLOUR('',#15436);
#16423 = STYLED_ITEM('color',(#16424),#11175);
#16424 = PRESENTATION_STYLE_ASSIGNMENT((#16425));
#16425 = SURFACE_STYLE_USAGE(.BOTH.,#16426);
#16426 = SURFACE_SIDE_STYLE('',(#16427));
#16427 = SURFACE_STYLE_FILL_AREA(#16428);
#16428 = FILL_AREA_STYLE('',(#16429));
#16429 = FILL_AREA_STYLE_COLOUR('',#15436);
#16430 = STYLED_ITEM('color',(#16431),#11192);
#16431 = PRESENTATION_STYLE_ASSIGNMENT((#16432));
#16432 = SURFACE_STYLE_USAGE(.BOTH.,#16433);
#16433 = SURFACE_SIDE_STYLE('',(#16434));
#16434 = SURFACE_STYLE_FILL_AREA(#16435);
#16435 = FILL_AREA_STYLE('',(#16436));
#16436 = FILL_AREA_STYLE_COLOUR('',#15544);
#16437 = STYLED_ITEM('color',(#16438),#11208);
#16438 = PRESENTATION_STYLE_ASSIGNMENT((#16439));
#16439 = SURFACE_STYLE_USAGE(.BOTH.,#16440);
#16440 = SURFACE_SIDE_STYLE('',(#16441));
#16441 = SURFACE_STYLE_FILL_AREA(#16442);
#16442 = FILL_AREA_STYLE('',(#16443));
#16443 = FILL_AREA_STYLE_COLOUR('',#15544);
#16444 = STYLED_ITEM('color',(#16445),#11224);
#16445 = PRESENTATION_STYLE_ASSIGNMENT((#16446));
#16446 = SURFACE_STYLE_USAGE(.BOTH.,#16447);
#16447 = SURFACE_SIDE_STYLE('',(#16448));
#16448 = SURFACE_STYLE_FILL_AREA(#16449);
#16449 = FILL_AREA_STYLE('',(#16450));
#16450 = FILL_AREA_STYLE_COLOUR('',#15544);
#16451 = MECHANICAL_DESIGN_GEOMETRIC_PRESENTATION_REPRESENTATION('',(
    #16452,#16460,#16467,#16474,#16481,#16488,#16495,#16502,#16509,
    #16516,#16523,#16530,#16537,#16544,#16551,#16558,#16565),#3063);
#16452 = STYLED_ITEM('color',(#16453),#2678);
#16453 = PRESENTATION_STYLE_ASSIGNMENT((#16454));
#16454 = SURFACE_STYLE_USAGE(.BOTH.,#16455);
#16455 = SURFACE_SIDE_STYLE('',(#16456));
#16456 = SURFACE_STYLE_FILL_AREA(#16457);
#16457 = FILL_AREA_STYLE('',(#16458));
#16458 = FILL_AREA_STYLE_COLOUR('',#16459);
#16459 = COLOUR_RGB('',0.883000012551,0.711000022565,0.492000011028);
#16460 = STYLED_ITEM('color',(#16461),#2711);
#16461 = PRESENTATION_STYLE_ASSIGNMENT((#16462));
#16462 = SURFACE_STYLE_USAGE(.BOTH.,#16463);
#16463 = SURFACE_SIDE_STYLE('',(#16464));
#16464 = SURFACE_STYLE_FILL_AREA(#16465);
#16465 = FILL_AREA_STYLE('',(#16466));
#16466 = FILL_AREA_STYLE_COLOUR('',#16459);
#16467 = STYLED_ITEM('color',(#16468),#2737);
#16468 = PRESENTATION_STYLE_ASSIGNMENT((#16469));
#16469 = SURFACE_STYLE_USAGE(.BOTH.,#16470);
#16470 = SURFACE_SIDE_STYLE('',(#16471));
#16471 = SURFACE_STYLE_FILL_AREA(#16472);
#16472 = FILL_AREA_STYLE('',(#16473));
#16473 = FILL_AREA_STYLE_COLOUR('',#16459);
#16474 = STYLED_ITEM('color',(#16475),#2757);
#16475 = PRESENTATION_STYLE_ASSIGNMENT((#16476));
#16476 = SURFACE_STYLE_USAGE(.BOTH.,#16477);
#16477 = SURFACE_SIDE_STYLE('',(#16478));
#16478 = SURFACE_STYLE_FILL_AREA(#16479);
#16479 = FILL_AREA_STYLE('',(#16480));
#16480 = FILL_AREA_STYLE_COLOUR('',#16459);
#16481 = STYLED_ITEM('color',(#16482),#2777);
#16482 = PRESENTATION_STYLE_ASSIGNMENT((#16483));
#16483 = SURFACE_STYLE_USAGE(.BOTH.,#16484);
#16484 = SURFACE_SIDE_STYLE('',(#16485));
#16485 = SURFACE_STYLE_FILL_AREA(#16486);
#16486 = FILL_AREA_STYLE('',(#16487));
#16487 = FILL_AREA_STYLE_COLOUR('',#16459);
#16488 = STYLED_ITEM('color',(#16489),#2802);
#16489 = PRESENTATION_STYLE_ASSIGNMENT((#16490));
#16490 = SURFACE_STYLE_USAGE(.BOTH.,#16491);
#16491 = SURFACE_SIDE_STYLE('',(#16492));
#16492 = SURFACE_STYLE_FILL_AREA(#16493);
#16493 = FILL_AREA_STYLE('',(#16494));
#16494 = FILL_AREA_STYLE_COLOUR('',#15436);
#16495 = STYLED_ITEM('color',(#16496),#2827);
#16496 = PRESENTATION_STYLE_ASSIGNMENT((#16497));
#16497 = SURFACE_STYLE_USAGE(.BOTH.,#16498);
#16498 = SURFACE_SIDE_STYLE('',(#16499));
#16499 = SURFACE_STYLE_FILL_AREA(#16500);
#16500 = FILL_AREA_STYLE('',(#16501));
#16501 = FILL_AREA_STYLE_COLOUR('',#16459);
#16502 = STYLED_ITEM('color',(#16503),#2847);
#16503 = PRESENTATION_STYLE_ASSIGNMENT((#16504));
#16504 = SURFACE_STYLE_USAGE(.BOTH.,#16505);
#16505 = SURFACE_SIDE_STYLE('',(#16506));
#16506 = SURFACE_STYLE_FILL_AREA(#16507);
#16507 = FILL_AREA_STYLE('',(#16508));
#16508 = FILL_AREA_STYLE_COLOUR('',#15436);
#16509 = STYLED_ITEM('color',(#16510),#2873);
#16510 = PRESENTATION_STYLE_ASSIGNMENT((#16511));
#16511 = SURFACE_STYLE_USAGE(.BOTH.,#16512);
#16512 = SURFACE_SIDE_STYLE('',(#16513));
#16513 = SURFACE_STYLE_FILL_AREA(#16514);
#16514 = FILL_AREA_STYLE('',(#16515));
#16515 = FILL_AREA_STYLE_COLOUR('',#16459);
#16516 = STYLED_ITEM('color',(#16517),#2898);
#16517 = PRESENTATION_STYLE_ASSIGNMENT((#16518));
#16518 = SURFACE_STYLE_USAGE(.BOTH.,#16519);
#16519 = SURFACE_SIDE_STYLE('',(#16520));
#16520 = SURFACE_STYLE_FILL_AREA(#16521);
#16521 = FILL_AREA_STYLE('',(#16522));
#16522 = FILL_AREA_STYLE_COLOUR('',#15436);
#16523 = STYLED_ITEM('color',(#16524),#2923);
#16524 = PRESENTATION_STYLE_ASSIGNMENT((#16525));
#16525 = SURFACE_STYLE_USAGE(.BOTH.,#16526);
#16526 = SURFACE_SIDE_STYLE('',(#16527));
#16527 = SURFACE_STYLE_FILL_AREA(#16528);
#16528 = FILL_AREA_STYLE('',(#16529));
#16529 = FILL_AREA_STYLE_COLOUR('',#16459);
#16530 = STYLED_ITEM('color',(#16531),#2949);
#16531 = PRESENTATION_STYLE_ASSIGNMENT((#16532));
#16532 = SURFACE_STYLE_USAGE(.BOTH.,#16533);
#16533 = SURFACE_SIDE_STYLE('',(#16534));
#16534 = SURFACE_STYLE_FILL_AREA(#16535);
#16535 = FILL_AREA_STYLE('',(#16536));
#16536 = FILL_AREA_STYLE_COLOUR('',#15436);
#16537 = STYLED_ITEM('color',(#16538),#2958);
#16538 = PRESENTATION_STYLE_ASSIGNMENT((#16539));
#16539 = SURFACE_STYLE_USAGE(.BOTH.,#16540);
#16540 = SURFACE_SIDE_STYLE('',(#16541));
#16541 = SURFACE_STYLE_FILL_AREA(#16542);
#16542 = FILL_AREA_STYLE('',(#16543));
#16543 = FILL_AREA_STYLE_COLOUR('',#16459);
#16544 = STYLED_ITEM('color',(#16545),#2978);
#16545 = PRESENTATION_STYLE_ASSIGNMENT((#16546));
#16546 = SURFACE_STYLE_USAGE(.BOTH.,#16547);
#16547 = SURFACE_SIDE_STYLE('',(#16548));
#16548 = SURFACE_STYLE_FILL_AREA(#16549);
#16549 = FILL_AREA_STYLE('',(#16550));
#16550 = FILL_AREA_STYLE_COLOUR('',#15436);
#16551 = STYLED_ITEM('color',(#16552),#3003);
#16552 = PRESENTATION_STYLE_ASSIGNMENT((#16553));
#16553 = SURFACE_STYLE_USAGE(.BOTH.,#16554);
#16554 = SURFACE_SIDE_STYLE('',(#16555));
#16555 = SURFACE_STYLE_FILL_AREA(#16556);
#16556 = FILL_AREA_STYLE('',(#16557));
#16557 = FILL_AREA_STYLE_COLOUR('',#15436);
#16558 = STYLED_ITEM('color',(#16559),#3029);
#16559 = PRESENTATION_STYLE_ASSIGNMENT((#16560));
#16560 = SURFACE_STYLE_USAGE(.BOTH.,#16561);
#16561 = SURFACE_SIDE_STYLE('',(#16562));
#16562 = SURFACE_STYLE_FILL_AREA(#16563);
#16563 = FILL_AREA_STYLE('',(#16564));
#16564 = FILL_AREA_STYLE_COLOUR('',#15436);
#16565 = STYLED_ITEM('color',(#16566),#3054);
#16566 = PRESENTATION_STYLE_ASSIGNMENT((#16567));
#16567 = SURFACE_STYLE_USAGE(.BOTH.,#16568);
#16568 = SURFACE_SIDE_STYLE('',(#16569));
#16569 = SURFACE_STYLE_FILL_AREA(#16570);
#16570 = FILL_AREA_STYLE('',(#16571));
#16571 = FILL_AREA_STYLE_COLOUR('',#15436);
#16572 = MECHANICAL_DESIGN_GEOMETRIC_PRESENTATION_REPRESENTATION('',(
    #16573,#16581,#16588,#16595,#16602,#16609,#16616,#16623,#16630,
    #16637,#16644,#16651,#16658,#16665,#16672,#16679),#2657);
#16573 = STYLED_ITEM('color',(#16574),#2200);
#16574 = PRESENTATION_STYLE_ASSIGNMENT((#16575));
#16575 = SURFACE_STYLE_USAGE(.BOTH.,#16576);
#16576 = SURFACE_SIDE_STYLE('',(#16577));
#16577 = SURFACE_STYLE_FILL_AREA(#16578);
#16578 = FILL_AREA_STYLE('',(#16579));
#16579 = FILL_AREA_STYLE_COLOUR('',#16580);
#16580 = COLOUR_RGB('',0.699999984889,9.999999991362E-02,
  5.000000142576E-02);
#16581 = STYLED_ITEM('color',(#16582),#2227);
#16582 = PRESENTATION_STYLE_ASSIGNMENT((#16583));
#16583 = SURFACE_STYLE_USAGE(.BOTH.,#16584);
#16584 = SURFACE_SIDE_STYLE('',(#16585));
#16585 = SURFACE_STYLE_FILL_AREA(#16586);
#16586 = FILL_AREA_STYLE('',(#16587));
#16587 = FILL_AREA_STYLE_COLOUR('',#16580);
#16588 = STYLED_ITEM('color',(#16589),#2270);
#16589 = PRESENTATION_STYLE_ASSIGNMENT((#16590));
#16590 = SURFACE_STYLE_USAGE(.BOTH.,#16591);
#16591 = SURFACE_SIDE_STYLE('',(#16592));
#16592 = SURFACE_STYLE_FILL_AREA(#16593);
#16593 = FILL_AREA_STYLE('',(#16594));
#16594 = FILL_AREA_STYLE_COLOUR('',#16580);
#16595 = STYLED_ITEM('color',(#16596),#2312);
#16596 = PRESENTATION_STYLE_ASSIGNMENT((#16597));
#16597 = SURFACE_STYLE_USAGE(.BOTH.,#16598);
#16598 = SURFACE_SIDE_STYLE('',(#16599));
#16599 = SURFACE_STYLE_FILL_AREA(#16600);
#16600 = FILL_AREA_STYLE('',(#16601));
#16601 = FILL_AREA_STYLE_COLOUR('',#16580);
#16602 = STYLED_ITEM('color',(#16603),#2344);
#16603 = PRESENTATION_STYLE_ASSIGNMENT((#16604));
#16604 = SURFACE_STYLE_USAGE(.BOTH.,#16605);
#16605 = SURFACE_SIDE_STYLE('',(#16606));
#16606 = SURFACE_STYLE_FILL_AREA(#16607);
#16607 = FILL_AREA_STYLE('',(#16608));
#16608 = FILL_AREA_STYLE_COLOUR('',#16580);
#16609 = STYLED_ITEM('color',(#16610),#2363);
#16610 = PRESENTATION_STYLE_ASSIGNMENT((#16611));
#16611 = SURFACE_STYLE_USAGE(.BOTH.,#16612);
#16612 = SURFACE_SIDE_STYLE('',(#16613));
#16613 = SURFACE_STYLE_FILL_AREA(#16614);
#16614 = FILL_AREA_STYLE('',(#16615));
#16615 = FILL_AREA_STYLE_COLOUR('',#16580);
#16616 = STYLED_ITEM('color',(#16617),#2441);
#16617 = PRESENTATION_STYLE_ASSIGNMENT((#16618));
#16618 = SURFACE_STYLE_USAGE(.BOTH.,#16619);
#16619 = SURFACE_SIDE_STYLE('',(#16620));
#16620 = SURFACE_STYLE_FILL_AREA(#16621);
#16621 = FILL_AREA_STYLE('',(#16622));
#16622 = FILL_AREA_STYLE_COLOUR('',#15436);
#16623 = STYLED_ITEM('color',(#16624),#2472);
#16624 = PRESENTATION_STYLE_ASSIGNMENT((#16625));
#16625 = SURFACE_STYLE_USAGE(.BOTH.,#16626);
#16626 = SURFACE_SIDE_STYLE('',(#16627));
#16627 = SURFACE_STYLE_FILL_AREA(#16628);
#16628 = FILL_AREA_STYLE('',(#16629));
#16629 = FILL_AREA_STYLE_COLOUR('',#15436);
#16630 = STYLED_ITEM('color',(#16631),#2496);
#16631 = PRESENTATION_STYLE_ASSIGNMENT((#16632));
#16632 = SURFACE_STYLE_USAGE(.BOTH.,#16633);
#16633 = SURFACE_SIDE_STYLE('',(#16634));
#16634 = SURFACE_STYLE_FILL_AREA(#16635);
#16635 = FILL_AREA_STYLE('',(#16636));
#16636 = FILL_AREA_STYLE_COLOUR('',#15436);
#16637 = STYLED_ITEM('color',(#16638),#2520);
#16638 = PRESENTATION_STYLE_ASSIGNMENT((#16639));
#16639 = SURFACE_STYLE_USAGE(.BOTH.,#16640);
#16640 = SURFACE_SIDE_STYLE('',(#16641));
#16641 = SURFACE_STYLE_FILL_AREA(#16642);
#16642 = FILL_AREA_STYLE('',(#16643));
#16643 = FILL_AREA_STYLE_COLOUR('',#15436);
#16644 = STYLED_ITEM('color',(#16645),#2537);
#16645 = PRESENTATION_STYLE_ASSIGNMENT((#16646));
#16646 = SURFACE_STYLE_USAGE(.BOTH.,#16647);
#16647 = SURFACE_SIDE_STYLE('',(#16648));
#16648 = SURFACE_STYLE_FILL_AREA(#16649);
#16649 = FILL_AREA_STYLE('',(#16650));
#16650 = FILL_AREA_STYLE_COLOUR('',#15436);
#16651 = STYLED_ITEM('color',(#16652),#2568);
#16652 = PRESENTATION_STYLE_ASSIGNMENT((#16653));
#16653 = SURFACE_STYLE_USAGE(.BOTH.,#16654);
#16654 = SURFACE_SIDE_STYLE('',(#16655));
#16655 = SURFACE_STYLE_FILL_AREA(#16656);
#16656 = FILL_AREA_STYLE('',(#16657));
#16657 = FILL_AREA_STYLE_COLOUR('',#15436);
#16658 = STYLED_ITEM('color',(#16659),#2592);
#16659 = PRESENTATION_STYLE_ASSIGNMENT((#16660));
#16660 = SURFACE_STYLE_USAGE(.BOTH.,#16661);
#16661 = SURFACE_SIDE_STYLE('',(#16662));
#16662 = SURFACE_STYLE_FILL_AREA(#16663);
#16663 = FILL_AREA_STYLE('',(#16664));
#16664 = FILL_AREA_STYLE_COLOUR('',#15436);
#16665 = STYLED_ITEM('color',(#16666),#2616);
#16666 = PRESENTATION_STYLE_ASSIGNMENT((#16667));
#16667 = SURFACE_STYLE_USAGE(.BOTH.,#16668);
#16668 = SURFACE_SIDE_STYLE('',(#16669));
#16669 = SURFACE_STYLE_FILL_AREA(#16670);
#16670 = FILL_AREA_STYLE('',(#16671));
#16671 = FILL_AREA_STYLE_COLOUR('',#15436);
#16672 = STYLED_ITEM('color',(#16673),#2633);
#16673 = PRESENTATION_STYLE_ASSIGNMENT((#16674));
#16674 = SURFACE_STYLE_USAGE(.BOTH.,#16675);
#16675 = SURFACE_SIDE_STYLE('',(#16676));
#16676 = SURFACE_STYLE_FILL_AREA(#16677);
#16677 = FILL_AREA_STYLE('',(#16678));
#16678 = FILL_AREA_STYLE_COLOUR('',#15436);
#16679 = STYLED_ITEM('color',(#16680),#2645);
#16680 = PRESENTATION_STYLE_ASSIGNMENT((#16681));
#16681 = SURFACE_STYLE_USAGE(.BOTH.,#16682);
#16682 = SURFACE_SIDE_STYLE('',(#16683));
#16683 = SURFACE_STYLE_FILL_AREA(#16684);
#16684 = FILL_AREA_STYLE('',(#16685));
#16685 = FILL_AREA_STYLE_COLOUR('',#15436);
#16686 = MECHANICAL_DESIGN_GEOMETRIC_PRESENTATION_REPRESENTATION('',(
    #16687,#16695,#16702,#16709,#16716,#16723,#16730,#16737,#16744,
    #16751,#16758,#16765,#16772,#16779,#16786,#16793,#16800,#16807,
    #16814,#16821,#16828,#16835,#16842,#16849,#16856,#16863,#16870,
    #16877,#16884,#16891,#16898,#16905,#16912,#16919,#16926,#16933,
    #16940,#16947,#16954,#16961,#16968,#16975,#16982,#16989,#16996,
    #17003,#17011,#17018,#17025,#17032,#17039,#17046,#17053,#17060,
    #17067,#17074,#17081,#17088,#17095,#17102,#17109,#17116,#17123,
    #17130,#17137,#17144,#17151,#17158,#17165,#17172,#17179,#17186,
    #17193,#17200,#17207,#17214,#17221,#17228,#17235,#17242,#17249,
    #17256,#17263,#17270,#17277,#17284,#17291,#17298,#17305),#5802);
#16687 = STYLED_ITEM('color',(#16688),#3089);
#16688 = PRESENTATION_STYLE_ASSIGNMENT((#16689));
#16689 = SURFACE_STYLE_USAGE(.BOTH.,#16690);
#16690 = SURFACE_SIDE_STYLE('',(#16691));
#16691 = SURFACE_STYLE_FILL_AREA(#16692);
#16692 = FILL_AREA_STYLE('',(#16693));
#16693 = FILL_AREA_STYLE_COLOUR('',#16694);
#16694 = COLOUR_RGB('',0.894117649055,0.890196087049,0.811764731185);
#16695 = STYLED_ITEM('color',(#16696),#3161);
#16696 = PRESENTATION_STYLE_ASSIGNMENT((#16697));
#16697 = SURFACE_STYLE_USAGE(.BOTH.,#16698);
#16698 = SURFACE_SIDE_STYLE('',(#16699));
#16699 = SURFACE_STYLE_FILL_AREA(#16700);
#16700 = FILL_AREA_STYLE('',(#16701));
#16701 = FILL_AREA_STYLE_COLOUR('',#16694);
#16702 = STYLED_ITEM('color',(#16703),#3200);
#16703 = PRESENTATION_STYLE_ASSIGNMENT((#16704));
#16704 = SURFACE_STYLE_USAGE(.BOTH.,#16705);
#16705 = SURFACE_SIDE_STYLE('',(#16706));
#16706 = SURFACE_STYLE_FILL_AREA(#16707);
#16707 = FILL_AREA_STYLE('',(#16708));
#16708 = FILL_AREA_STYLE_COLOUR('',#16694);
#16709 = STYLED_ITEM('color',(#16710),#3224);
#16710 = PRESENTATION_STYLE_ASSIGNMENT((#16711));
#16711 = SURFACE_STYLE_USAGE(.BOTH.,#16712);
#16712 = SURFACE_SIDE_STYLE('',(#16713));
#16713 = SURFACE_STYLE_FILL_AREA(#16714);
#16714 = FILL_AREA_STYLE('',(#16715));
#16715 = FILL_AREA_STYLE_COLOUR('',#16694);
#16716 = STYLED_ITEM('color',(#16717),#3289);
#16717 = PRESENTATION_STYLE_ASSIGNMENT((#16718));
#16718 = SURFACE_STYLE_USAGE(.BOTH.,#16719);
#16719 = SURFACE_SIDE_STYLE('',(#16720));
#16720 = SURFACE_STYLE_FILL_AREA(#16721);
#16721 = FILL_AREA_STYLE('',(#16722));
#16722 = FILL_AREA_STYLE_COLOUR('',#16694);
#16723 = STYLED_ITEM('color',(#16724),#3313);
#16724 = PRESENTATION_STYLE_ASSIGNMENT((#16725));
#16725 = SURFACE_STYLE_USAGE(.BOTH.,#16726);
#16726 = SURFACE_SIDE_STYLE('',(#16727));
#16727 = SURFACE_STYLE_FILL_AREA(#16728);
#16728 = FILL_AREA_STYLE('',(#16729));
#16729 = FILL_AREA_STYLE_COLOUR('',#16694);
#16730 = STYLED_ITEM('color',(#16731),#3401);
#16731 = PRESENTATION_STYLE_ASSIGNMENT((#16732));
#16732 = SURFACE_STYLE_USAGE(.BOTH.,#16733);
#16733 = SURFACE_SIDE_STYLE('',(#16734));
#16734 = SURFACE_STYLE_FILL_AREA(#16735);
#16735 = FILL_AREA_STYLE('',(#16736));
#16736 = FILL_AREA_STYLE_COLOUR('',#16694);
#16737 = STYLED_ITEM('color',(#16738),#3425);
#16738 = PRESENTATION_STYLE_ASSIGNMENT((#16739));
#16739 = SURFACE_STYLE_USAGE(.BOTH.,#16740);
#16740 = SURFACE_SIDE_STYLE('',(#16741));
#16741 = SURFACE_STYLE_FILL_AREA(#16742);
#16742 = FILL_AREA_STYLE('',(#16743));
#16743 = FILL_AREA_STYLE_COLOUR('',#16694);
#16744 = STYLED_ITEM('color',(#16745),#3490);
#16745 = PRESENTATION_STYLE_ASSIGNMENT((#16746));
#16746 = SURFACE_STYLE_USAGE(.BOTH.,#16747);
#16747 = SURFACE_SIDE_STYLE('',(#16748));
#16748 = SURFACE_STYLE_FILL_AREA(#16749);
#16749 = FILL_AREA_STYLE('',(#16750));
#16750 = FILL_AREA_STYLE_COLOUR('',#16694);
#16751 = STYLED_ITEM('color',(#16752),#3515);
#16752 = PRESENTATION_STYLE_ASSIGNMENT((#16753));
#16753 = SURFACE_STYLE_USAGE(.BOTH.,#16754);
#16754 = SURFACE_SIDE_STYLE('',(#16755));
#16755 = SURFACE_STYLE_FILL_AREA(#16756);
#16756 = FILL_AREA_STYLE('',(#16757));
#16757 = FILL_AREA_STYLE_COLOUR('',#16694);
#16758 = STYLED_ITEM('color',(#16759),#3564);
#16759 = PRESENTATION_STYLE_ASSIGNMENT((#16760));
#16760 = SURFACE_STYLE_USAGE(.BOTH.,#16761);
#16761 = SURFACE_SIDE_STYLE('',(#16762));
#16762 = SURFACE_STYLE_FILL_AREA(#16763);
#16763 = FILL_AREA_STYLE('',(#16764));
#16764 = FILL_AREA_STYLE_COLOUR('',#16694);
#16765 = STYLED_ITEM('color',(#16766),#3581);
#16766 = PRESENTATION_STYLE_ASSIGNMENT((#16767));
#16767 = SURFACE_STYLE_USAGE(.BOTH.,#16768);
#16768 = SURFACE_SIDE_STYLE('',(#16769));
#16769 = SURFACE_STYLE_FILL_AREA(#16770);
#16770 = FILL_AREA_STYLE('',(#16771));
#16771 = FILL_AREA_STYLE_COLOUR('',#16694);
#16772 = STYLED_ITEM('color',(#16773),#3605);
#16773 = PRESENTATION_STYLE_ASSIGNMENT((#16774));
#16774 = SURFACE_STYLE_USAGE(.BOTH.,#16775);
#16775 = SURFACE_SIDE_STYLE('',(#16776));
#16776 = SURFACE_STYLE_FILL_AREA(#16777);
#16777 = FILL_AREA_STYLE('',(#16778));
#16778 = FILL_AREA_STYLE_COLOUR('',#16694);
#16779 = STYLED_ITEM('color',(#16780),#3622);
#16780 = PRESENTATION_STYLE_ASSIGNMENT((#16781));
#16781 = SURFACE_STYLE_USAGE(.BOTH.,#16782);
#16782 = SURFACE_SIDE_STYLE('',(#16783));
#16783 = SURFACE_STYLE_FILL_AREA(#16784);
#16784 = FILL_AREA_STYLE('',(#16785));
#16785 = FILL_AREA_STYLE_COLOUR('',#16694);
#16786 = STYLED_ITEM('color',(#16787),#3760);
#16787 = PRESENTATION_STYLE_ASSIGNMENT((#16788));
#16788 = SURFACE_STYLE_USAGE(.BOTH.,#16789);
#16789 = SURFACE_SIDE_STYLE('',(#16790));
#16790 = SURFACE_STYLE_FILL_AREA(#16791);
#16791 = FILL_AREA_STYLE('',(#16792));
#16792 = FILL_AREA_STYLE_COLOUR('',#16694);
#16793 = STYLED_ITEM('color',(#16794),#3784);
#16794 = PRESENTATION_STYLE_ASSIGNMENT((#16795));
#16795 = SURFACE_STYLE_USAGE(.BOTH.,#16796);
#16796 = SURFACE_SIDE_STYLE('',(#16797));
#16797 = SURFACE_STYLE_FILL_AREA(#16798);
#16798 = FILL_AREA_STYLE('',(#16799));
#16799 = FILL_AREA_STYLE_COLOUR('',#16694);
#16800 = STYLED_ITEM('color',(#16801),#3954);
#16801 = PRESENTATION_STYLE_ASSIGNMENT((#16802));
#16802 = SURFACE_STYLE_USAGE(.BOTH.,#16803);
#16803 = SURFACE_SIDE_STYLE('',(#16804));
#16804 = SURFACE_STYLE_FILL_AREA(#16805);
#16805 = FILL_AREA_STYLE('',(#16806));
#16806 = FILL_AREA_STYLE_COLOUR('',#16694);
#16807 = STYLED_ITEM('color',(#16808),#3978);
#16808 = PRESENTATION_STYLE_ASSIGNMENT((#16809));
#16809 = SURFACE_STYLE_USAGE(.BOTH.,#16810);
#16810 = SURFACE_SIDE_STYLE('',(#16811));
#16811 = SURFACE_STYLE_FILL_AREA(#16812);
#16812 = FILL_AREA_STYLE('',(#16813));
#16813 = FILL_AREA_STYLE_COLOUR('',#16694);
#16814 = STYLED_ITEM('color',(#16815),#4011);
#16815 = PRESENTATION_STYLE_ASSIGNMENT((#16816));
#16816 = SURFACE_STYLE_USAGE(.BOTH.,#16817);
#16817 = SURFACE_SIDE_STYLE('',(#16818));
#16818 = SURFACE_STYLE_FILL_AREA(#16819);
#16819 = FILL_AREA_STYLE('',(#16820));
#16820 = FILL_AREA_STYLE_COLOUR('',#16694);
#16821 = STYLED_ITEM('color',(#16822),#4035);
#16822 = PRESENTATION_STYLE_ASSIGNMENT((#16823));
#16823 = SURFACE_STYLE_USAGE(.BOTH.,#16824);
#16824 = SURFACE_SIDE_STYLE('',(#16825));
#16825 = SURFACE_STYLE_FILL_AREA(#16826);
#16826 = FILL_AREA_STYLE('',(#16827));
#16827 = FILL_AREA_STYLE_COLOUR('',#16694);
#16828 = STYLED_ITEM('color',(#16829),#4066);
#16829 = PRESENTATION_STYLE_ASSIGNMENT((#16830));
#16830 = SURFACE_STYLE_USAGE(.BOTH.,#16831);
#16831 = SURFACE_SIDE_STYLE('',(#16832));
#16832 = SURFACE_STYLE_FILL_AREA(#16833);
#16833 = FILL_AREA_STYLE('',(#16834));
#16834 = FILL_AREA_STYLE_COLOUR('',#16694);
#16835 = STYLED_ITEM('color',(#16836),#4083);
#16836 = PRESENTATION_STYLE_ASSIGNMENT((#16837));
#16837 = SURFACE_STYLE_USAGE(.BOTH.,#16838);
#16838 = SURFACE_SIDE_STYLE('',(#16839));
#16839 = SURFACE_STYLE_FILL_AREA(#16840);
#16840 = FILL_AREA_STYLE('',(#16841));
#16841 = FILL_AREA_STYLE_COLOUR('',#16694);
#16842 = STYLED_ITEM('color',(#16843),#4116);
#16843 = PRESENTATION_STYLE_ASSIGNMENT((#16844));
#16844 = SURFACE_STYLE_USAGE(.BOTH.,#16845);
#16845 = SURFACE_SIDE_STYLE('',(#16846));
#16846 = SURFACE_STYLE_FILL_AREA(#16847);
#16847 = FILL_AREA_STYLE('',(#16848));
#16848 = FILL_AREA_STYLE_COLOUR('',#16694);
#16849 = STYLED_ITEM('color',(#16850),#4140);
#16850 = PRESENTATION_STYLE_ASSIGNMENT((#16851));
#16851 = SURFACE_STYLE_USAGE(.BOTH.,#16852);
#16852 = SURFACE_SIDE_STYLE('',(#16853));
#16853 = SURFACE_STYLE_FILL_AREA(#16854);
#16854 = FILL_AREA_STYLE('',(#16855));
#16855 = FILL_AREA_STYLE_COLOUR('',#16694);
#16856 = STYLED_ITEM('color',(#16857),#4171);
#16857 = PRESENTATION_STYLE_ASSIGNMENT((#16858));
#16858 = SURFACE_STYLE_USAGE(.BOTH.,#16859);
#16859 = SURFACE_SIDE_STYLE('',(#16860));
#16860 = SURFACE_STYLE_FILL_AREA(#16861);
#16861 = FILL_AREA_STYLE('',(#16862));
#16862 = FILL_AREA_STYLE_COLOUR('',#16694);
#16863 = STYLED_ITEM('color',(#16864),#4183);
#16864 = PRESENTATION_STYLE_ASSIGNMENT((#16865));
#16865 = SURFACE_STYLE_USAGE(.BOTH.,#16866);
#16866 = SURFACE_SIDE_STYLE('',(#16867));
#16867 = SURFACE_STYLE_FILL_AREA(#16868);
#16868 = FILL_AREA_STYLE('',(#16869));
#16869 = FILL_AREA_STYLE_COLOUR('',#16694);
#16870 = STYLED_ITEM('color',(#16871),#4216);
#16871 = PRESENTATION_STYLE_ASSIGNMENT((#16872));
#16872 = SURFACE_STYLE_USAGE(.BOTH.,#16873);
#16873 = SURFACE_SIDE_STYLE('',(#16874));
#16874 = SURFACE_STYLE_FILL_AREA(#16875);
#16875 = FILL_AREA_STYLE('',(#16876));
#16876 = FILL_AREA_STYLE_COLOUR('',#16694);
#16877 = STYLED_ITEM('color',(#16878),#4233);
#16878 = PRESENTATION_STYLE_ASSIGNMENT((#16879));
#16879 = SURFACE_STYLE_USAGE(.BOTH.,#16880);
#16880 = SURFACE_SIDE_STYLE('',(#16881));
#16881 = SURFACE_STYLE_FILL_AREA(#16882);
#16882 = FILL_AREA_STYLE('',(#16883));
#16883 = FILL_AREA_STYLE_COLOUR('',#16694);
#16884 = STYLED_ITEM('color',(#16885),#4250);
#16885 = PRESENTATION_STYLE_ASSIGNMENT((#16886));
#16886 = SURFACE_STYLE_USAGE(.BOTH.,#16887);
#16887 = SURFACE_SIDE_STYLE('',(#16888));
#16888 = SURFACE_STYLE_FILL_AREA(#16889);
#16889 = FILL_AREA_STYLE('',(#16890));
#16890 = FILL_AREA_STYLE_COLOUR('',#16694);
#16891 = STYLED_ITEM('color',(#16892),#4262);
#16892 = PRESENTATION_STYLE_ASSIGNMENT((#16893));
#16893 = SURFACE_STYLE_USAGE(.BOTH.,#16894);
#16894 = SURFACE_SIDE_STYLE('',(#16895));
#16895 = SURFACE_STYLE_FILL_AREA(#16896);
#16896 = FILL_AREA_STYLE('',(#16897));
#16897 = FILL_AREA_STYLE_COLOUR('',#16694);
#16898 = STYLED_ITEM('color',(#16899),#4342);
#16899 = PRESENTATION_STYLE_ASSIGNMENT((#16900));
#16900 = SURFACE_STYLE_USAGE(.BOTH.,#16901);
#16901 = SURFACE_SIDE_STYLE('',(#16902));
#16902 = SURFACE_STYLE_FILL_AREA(#16903);
#16903 = FILL_AREA_STYLE('',(#16904));
#16904 = FILL_AREA_STYLE_COLOUR('',#16694);
#16905 = STYLED_ITEM('color',(#16906),#4359);
#16906 = PRESENTATION_STYLE_ASSIGNMENT((#16907));
#16907 = SURFACE_STYLE_USAGE(.BOTH.,#16908);
#16908 = SURFACE_SIDE_STYLE('',(#16909));
#16909 = SURFACE_STYLE_FILL_AREA(#16910);
#16910 = FILL_AREA_STYLE('',(#16911));
#16911 = FILL_AREA_STYLE_COLOUR('',#16694);
#16912 = STYLED_ITEM('color',(#16913),#4376);
#16913 = PRESENTATION_STYLE_ASSIGNMENT((#16914));
#16914 = SURFACE_STYLE_USAGE(.BOTH.,#16915);
#16915 = SURFACE_SIDE_STYLE('',(#16916));
#16916 = SURFACE_STYLE_FILL_AREA(#16917);
#16917 = FILL_AREA_STYLE('',(#16918));
#16918 = FILL_AREA_STYLE_COLOUR('',#16694);
#16919 = STYLED_ITEM('color',(#16920),#4393);
#16920 = PRESENTATION_STYLE_ASSIGNMENT((#16921));
#16921 = SURFACE_STYLE_USAGE(.BOTH.,#16922);
#16922 = SURFACE_SIDE_STYLE('',(#16923));
#16923 = SURFACE_STYLE_FILL_AREA(#16924);
#16924 = FILL_AREA_STYLE('',(#16925));
#16925 = FILL_AREA_STYLE_COLOUR('',#16694);
#16926 = STYLED_ITEM('color',(#16927),#4410);
#16927 = PRESENTATION_STYLE_ASSIGNMENT((#16928));
#16928 = SURFACE_STYLE_USAGE(.BOTH.,#16929);
#16929 = SURFACE_SIDE_STYLE('',(#16930));
#16930 = SURFACE_STYLE_FILL_AREA(#16931);
#16931 = FILL_AREA_STYLE('',(#16932));
#16932 = FILL_AREA_STYLE_COLOUR('',#16694);
#16933 = STYLED_ITEM('color',(#16934),#4427);
#16934 = PRESENTATION_STYLE_ASSIGNMENT((#16935));
#16935 = SURFACE_STYLE_USAGE(.BOTH.,#16936);
#16936 = SURFACE_SIDE_STYLE('',(#16937));
#16937 = SURFACE_STYLE_FILL_AREA(#16938);
#16938 = FILL_AREA_STYLE('',(#16939));
#16939 = FILL_AREA_STYLE_COLOUR('',#16694);
#16940 = STYLED_ITEM('color',(#16941),#4444);
#16941 = PRESENTATION_STYLE_ASSIGNMENT((#16942));
#16942 = SURFACE_STYLE_USAGE(.BOTH.,#16943);
#16943 = SURFACE_SIDE_STYLE('',(#16944));
#16944 = SURFACE_STYLE_FILL_AREA(#16945);
#16945 = FILL_AREA_STYLE('',(#16946));
#16946 = FILL_AREA_STYLE_COLOUR('',#16694);
#16947 = STYLED_ITEM('color',(#16948),#4461);
#16948 = PRESENTATION_STYLE_ASSIGNMENT((#16949));
#16949 = SURFACE_STYLE_USAGE(.BOTH.,#16950);
#16950 = SURFACE_SIDE_STYLE('',(#16951));
#16951 = SURFACE_STYLE_FILL_AREA(#16952);
#16952 = FILL_AREA_STYLE('',(#16953));
#16953 = FILL_AREA_STYLE_COLOUR('',#16694);
#16954 = STYLED_ITEM('color',(#16955),#4478);
#16955 = PRESENTATION_STYLE_ASSIGNMENT((#16956));
#16956 = SURFACE_STYLE_USAGE(.BOTH.,#16957);
#16957 = SURFACE_SIDE_STYLE('',(#16958));
#16958 = SURFACE_STYLE_FILL_AREA(#16959);
#16959 = FILL_AREA_STYLE('',(#16960));
#16960 = FILL_AREA_STYLE_COLOUR('',#16694);
#16961 = STYLED_ITEM('color',(#16962),#4495);
#16962 = PRESENTATION_STYLE_ASSIGNMENT((#16963));
#16963 = SURFACE_STYLE_USAGE(.BOTH.,#16964);
#16964 = SURFACE_SIDE_STYLE('',(#16965));
#16965 = SURFACE_STYLE_FILL_AREA(#16966);
#16966 = FILL_AREA_STYLE('',(#16967));
#16967 = FILL_AREA_STYLE_COLOUR('',#16694);
#16968 = STYLED_ITEM('color',(#16969),#4512);
#16969 = PRESENTATION_STYLE_ASSIGNMENT((#16970));
#16970 = SURFACE_STYLE_USAGE(.BOTH.,#16971);
#16971 = SURFACE_SIDE_STYLE('',(#16972));
#16972 = SURFACE_STYLE_FILL_AREA(#16973);
#16973 = FILL_AREA_STYLE('',(#16974));
#16974 = FILL_AREA_STYLE_COLOUR('',#16694);
#16975 = STYLED_ITEM('color',(#16976),#4524);
#16976 = PRESENTATION_STYLE_ASSIGNMENT((#16977));
#16977 = SURFACE_STYLE_USAGE(.BOTH.,#16978);
#16978 = SURFACE_SIDE_STYLE('',(#16979));
#16979 = SURFACE_STYLE_FILL_AREA(#16980);
#16980 = FILL_AREA_STYLE('',(#16981));
#16981 = FILL_AREA_STYLE_COLOUR('',#16694);
#16982 = STYLED_ITEM('color',(#16983),#4541);
#16983 = PRESENTATION_STYLE_ASSIGNMENT((#16984));
#16984 = SURFACE_STYLE_USAGE(.BOTH.,#16985);
#16985 = SURFACE_SIDE_STYLE('',(#16986));
#16986 = SURFACE_STYLE_FILL_AREA(#16987);
#16987 = FILL_AREA_STYLE('',(#16988));
#16988 = FILL_AREA_STYLE_COLOUR('',#16694);
#16989 = STYLED_ITEM('color',(#16990),#4558);
#16990 = PRESENTATION_STYLE_ASSIGNMENT((#16991));
#16991 = SURFACE_STYLE_USAGE(.BOTH.,#16992);
#16992 = SURFACE_SIDE_STYLE('',(#16993));
#16993 = SURFACE_STYLE_FILL_AREA(#16994);
#16994 = FILL_AREA_STYLE('',(#16995));
#16995 = FILL_AREA_STYLE_COLOUR('',#16694);
#16996 = STYLED_ITEM('color',(#16997),#4604);
#16997 = PRESENTATION_STYLE_ASSIGNMENT((#16998));
#16998 = SURFACE_STYLE_USAGE(.BOTH.,#16999);
#16999 = SURFACE_SIDE_STYLE('',(#17000));
#17000 = SURFACE_STYLE_FILL_AREA(#17001);
#17001 = FILL_AREA_STYLE('',(#17002));
#17002 = FILL_AREA_STYLE_COLOUR('',#16694);
#17003 = STYLED_ITEM('color',(#17004),#4650);
#17004 = PRESENTATION_STYLE_ASSIGNMENT((#17005));
#17005 = SURFACE_STYLE_USAGE(.BOTH.,#17006);
#17006 = SURFACE_SIDE_STYLE('',(#17007));
#17007 = SURFACE_STYLE_FILL_AREA(#17008);
#17008 = FILL_AREA_STYLE('',(#17009));
#17009 = FILL_AREA_STYLE_COLOUR('',#17010);
#17010 = COLOUR_RGB('',0.823529417451,0.819607860991,0.780392170416);
#17011 = STYLED_ITEM('color',(#17012),#4681);
#17012 = PRESENTATION_STYLE_ASSIGNMENT((#17013));
#17013 = SURFACE_STYLE_USAGE(.BOTH.,#17014);
#17014 = SURFACE_SIDE_STYLE('',(#17015));
#17015 = SURFACE_STYLE_FILL_AREA(#17016);
#17016 = FILL_AREA_STYLE('',(#17017));
#17017 = FILL_AREA_STYLE_COLOUR('',#17010);
#17018 = STYLED_ITEM('color',(#17019),#4705);
#17019 = PRESENTATION_STYLE_ASSIGNMENT((#17020));
#17020 = SURFACE_STYLE_USAGE(.BOTH.,#17021);
#17021 = SURFACE_SIDE_STYLE('',(#17022));
#17022 = SURFACE_STYLE_FILL_AREA(#17023);
#17023 = FILL_AREA_STYLE('',(#17024));
#17024 = FILL_AREA_STYLE_COLOUR('',#17010);
#17025 = STYLED_ITEM('color',(#17026),#4729);
#17026 = PRESENTATION_STYLE_ASSIGNMENT((#17027));
#17027 = SURFACE_STYLE_USAGE(.BOTH.,#17028);
#17028 = SURFACE_SIDE_STYLE('',(#17029));
#17029 = SURFACE_STYLE_FILL_AREA(#17030);
#17030 = FILL_AREA_STYLE('',(#17031));
#17031 = FILL_AREA_STYLE_COLOUR('',#17010);
#17032 = STYLED_ITEM('color',(#17033),#4746);
#17033 = PRESENTATION_STYLE_ASSIGNMENT((#17034));
#17034 = SURFACE_STYLE_USAGE(.BOTH.,#17035);
#17035 = SURFACE_SIDE_STYLE('',(#17036));
#17036 = SURFACE_STYLE_FILL_AREA(#17037);
#17037 = FILL_AREA_STYLE('',(#17038));
#17038 = FILL_AREA_STYLE_COLOUR('',#17010);
#17039 = STYLED_ITEM('color',(#17040),#4777);
#17040 = PRESENTATION_STYLE_ASSIGNMENT((#17041));
#17041 = SURFACE_STYLE_USAGE(.BOTH.,#17042);
#17042 = SURFACE_SIDE_STYLE('',(#17043));
#17043 = SURFACE_STYLE_FILL_AREA(#17044);
#17044 = FILL_AREA_STYLE('',(#17045));
#17045 = FILL_AREA_STYLE_COLOUR('',#17010);
#17046 = STYLED_ITEM('color',(#17047),#4801);
#17047 = PRESENTATION_STYLE_ASSIGNMENT((#17048));
#17048 = SURFACE_STYLE_USAGE(.BOTH.,#17049);
#17049 = SURFACE_SIDE_STYLE('',(#17050));
#17050 = SURFACE_STYLE_FILL_AREA(#17051);
#17051 = FILL_AREA_STYLE('',(#17052));
#17052 = FILL_AREA_STYLE_COLOUR('',#17010);
#17053 = STYLED_ITEM('color',(#17054),#4825);
#17054 = PRESENTATION_STYLE_ASSIGNMENT((#17055));
#17055 = SURFACE_STYLE_USAGE(.BOTH.,#17056);
#17056 = SURFACE_SIDE_STYLE('',(#17057));
#17057 = SURFACE_STYLE_FILL_AREA(#17058);
#17058 = FILL_AREA_STYLE('',(#17059));
#17059 = FILL_AREA_STYLE_COLOUR('',#17010);
#17060 = STYLED_ITEM('color',(#17061),#4842);
#17061 = PRESENTATION_STYLE_ASSIGNMENT((#17062));
#17062 = SURFACE_STYLE_USAGE(.BOTH.,#17063);
#17063 = SURFACE_SIDE_STYLE('',(#17064));
#17064 = SURFACE_STYLE_FILL_AREA(#17065);
#17065 = FILL_AREA_STYLE('',(#17066));
#17066 = FILL_AREA_STYLE_COLOUR('',#17010);
#17067 = STYLED_ITEM('color',(#17068),#4905);
#17068 = PRESENTATION_STYLE_ASSIGNMENT((#17069));
#17069 = SURFACE_STYLE_USAGE(.BOTH.,#17070);
#17070 = SURFACE_SIDE_STYLE('',(#17071));
#17071 = SURFACE_STYLE_FILL_AREA(#17072);
#17072 = FILL_AREA_STYLE('',(#17073));
#17073 = FILL_AREA_STYLE_COLOUR('',#17010);
#17074 = STYLED_ITEM('color',(#17075),#4929);
#17075 = PRESENTATION_STYLE_ASSIGNMENT((#17076));
#17076 = SURFACE_STYLE_USAGE(.BOTH.,#17077);
#17077 = SURFACE_SIDE_STYLE('',(#17078));
#17078 = SURFACE_STYLE_FILL_AREA(#17079);
#17079 = FILL_AREA_STYLE('',(#17080));
#17080 = FILL_AREA_STYLE_COLOUR('',#17010);
#17081 = STYLED_ITEM('color',(#17082),#4985);
#17082 = PRESENTATION_STYLE_ASSIGNMENT((#17083));
#17083 = SURFACE_STYLE_USAGE(.BOTH.,#17084);
#17084 = SURFACE_SIDE_STYLE('',(#17085));
#17085 = SURFACE_STYLE_FILL_AREA(#17086);
#17086 = FILL_AREA_STYLE('',(#17087));
#17087 = FILL_AREA_STYLE_COLOUR('',#17010);
#17088 = STYLED_ITEM('color',(#17089),#5002);
#17089 = PRESENTATION_STYLE_ASSIGNMENT((#17090));
#17090 = SURFACE_STYLE_USAGE(.BOTH.,#17091);
#17091 = SURFACE_SIDE_STYLE('',(#17092));
#17092 = SURFACE_STYLE_FILL_AREA(#17093);
#17093 = FILL_AREA_STYLE('',(#17094));
#17094 = FILL_AREA_STYLE_COLOUR('',#17010);
#17095 = STYLED_ITEM('color',(#17096),#5065);
#17096 = PRESENTATION_STYLE_ASSIGNMENT((#17097));
#17097 = SURFACE_STYLE_USAGE(.BOTH.,#17098);
#17098 = SURFACE_SIDE_STYLE('',(#17099));
#17099 = SURFACE_STYLE_FILL_AREA(#17100);
#17100 = FILL_AREA_STYLE('',(#17101));
#17101 = FILL_AREA_STYLE_COLOUR('',#17010);
#17102 = STYLED_ITEM('color',(#17103),#5089);
#17103 = PRESENTATION_STYLE_ASSIGNMENT((#17104));
#17104 = SURFACE_STYLE_USAGE(.BOTH.,#17105);
#17105 = SURFACE_SIDE_STYLE('',(#17106));
#17106 = SURFACE_STYLE_FILL_AREA(#17107);
#17107 = FILL_AREA_STYLE('',(#17108));
#17108 = FILL_AREA_STYLE_COLOUR('',#17010);
#17109 = STYLED_ITEM('color',(#17110),#5145);
#17110 = PRESENTATION_STYLE_ASSIGNMENT((#17111));
#17111 = SURFACE_STYLE_USAGE(.BOTH.,#17112);
#17112 = SURFACE_SIDE_STYLE('',(#17113));
#17113 = SURFACE_STYLE_FILL_AREA(#17114);
#17114 = FILL_AREA_STYLE('',(#17115));
#17115 = FILL_AREA_STYLE_COLOUR('',#17010);
#17116 = STYLED_ITEM('color',(#17117),#5162);
#17117 = PRESENTATION_STYLE_ASSIGNMENT((#17118));
#17118 = SURFACE_STYLE_USAGE(.BOTH.,#17119);
#17119 = SURFACE_SIDE_STYLE('',(#17120));
#17120 = SURFACE_STYLE_FILL_AREA(#17121);
#17121 = FILL_AREA_STYLE('',(#17122));
#17122 = FILL_AREA_STYLE_COLOUR('',#17010);
#17123 = STYLED_ITEM('color',(#17124),#5193);
#17124 = PRESENTATION_STYLE_ASSIGNMENT((#17125));
#17125 = SURFACE_STYLE_USAGE(.BOTH.,#17126);
#17126 = SURFACE_SIDE_STYLE('',(#17127));
#17127 = SURFACE_STYLE_FILL_AREA(#17128);
#17128 = FILL_AREA_STYLE('',(#17129));
#17129 = FILL_AREA_STYLE_COLOUR('',#17010);
#17130 = STYLED_ITEM('color',(#17131),#5217);
#17131 = PRESENTATION_STYLE_ASSIGNMENT((#17132));
#17132 = SURFACE_STYLE_USAGE(.BOTH.,#17133);
#17133 = SURFACE_SIDE_STYLE('',(#17134));
#17134 = SURFACE_STYLE_FILL_AREA(#17135);
#17135 = FILL_AREA_STYLE('',(#17136));
#17136 = FILL_AREA_STYLE_COLOUR('',#17010);
#17137 = STYLED_ITEM('color',(#17138),#5241);
#17138 = PRESENTATION_STYLE_ASSIGNMENT((#17139));
#17139 = SURFACE_STYLE_USAGE(.BOTH.,#17140);
#17140 = SURFACE_SIDE_STYLE('',(#17141));
#17141 = SURFACE_STYLE_FILL_AREA(#17142);
#17142 = FILL_AREA_STYLE('',(#17143));
#17143 = FILL_AREA_STYLE_COLOUR('',#17010);
#17144 = STYLED_ITEM('color',(#17145),#5258);
#17145 = PRESENTATION_STYLE_ASSIGNMENT((#17146));
#17146 = SURFACE_STYLE_USAGE(.BOTH.,#17147);
#17147 = SURFACE_SIDE_STYLE('',(#17148));
#17148 = SURFACE_STYLE_FILL_AREA(#17149);
#17149 = FILL_AREA_STYLE('',(#17150));
#17150 = FILL_AREA_STYLE_COLOUR('',#17010);
#17151 = STYLED_ITEM('color',(#17152),#5289);
#17152 = PRESENTATION_STYLE_ASSIGNMENT((#17153));
#17153 = SURFACE_STYLE_USAGE(.BOTH.,#17154);
#17154 = SURFACE_SIDE_STYLE('',(#17155));
#17155 = SURFACE_STYLE_FILL_AREA(#17156);
#17156 = FILL_AREA_STYLE('',(#17157));
#17157 = FILL_AREA_STYLE_COLOUR('',#17010);
#17158 = STYLED_ITEM('color',(#17159),#5313);
#17159 = PRESENTATION_STYLE_ASSIGNMENT((#17160));
#17160 = SURFACE_STYLE_USAGE(.BOTH.,#17161);
#17161 = SURFACE_SIDE_STYLE('',(#17162));
#17162 = SURFACE_STYLE_FILL_AREA(#17163);
#17163 = FILL_AREA_STYLE('',(#17164));
#17164 = FILL_AREA_STYLE_COLOUR('',#17010);
#17165 = STYLED_ITEM('color',(#17166),#5337);
#17166 = PRESENTATION_STYLE_ASSIGNMENT((#17167));
#17167 = SURFACE_STYLE_USAGE(.BOTH.,#17168);
#17168 = SURFACE_SIDE_STYLE('',(#17169));
#17169 = SURFACE_STYLE_FILL_AREA(#17170);
#17170 = FILL_AREA_STYLE('',(#17171));
#17171 = FILL_AREA_STYLE_COLOUR('',#17010);
#17172 = STYLED_ITEM('color',(#17173),#5354);
#17173 = PRESENTATION_STYLE_ASSIGNMENT((#17174));
#17174 = SURFACE_STYLE_USAGE(.BOTH.,#17175);
#17175 = SURFACE_SIDE_STYLE('',(#17176));
#17176 = SURFACE_STYLE_FILL_AREA(#17177);
#17177 = FILL_AREA_STYLE('',(#17178));
#17178 = FILL_AREA_STYLE_COLOUR('',#17010);
#17179 = STYLED_ITEM('color',(#17180),#5401);
#17180 = PRESENTATION_STYLE_ASSIGNMENT((#17181));
#17181 = SURFACE_STYLE_USAGE(.BOTH.,#17182);
#17182 = SURFACE_SIDE_STYLE('',(#17183));
#17183 = SURFACE_STYLE_FILL_AREA(#17184);
#17184 = FILL_AREA_STYLE('',(#17185));
#17185 = FILL_AREA_STYLE_COLOUR('',#17010);
#17186 = STYLED_ITEM('color',(#17187),#5432);
#17187 = PRESENTATION_STYLE_ASSIGNMENT((#17188));
#17188 = SURFACE_STYLE_USAGE(.BOTH.,#17189);
#17189 = SURFACE_SIDE_STYLE('',(#17190));
#17190 = SURFACE_STYLE_FILL_AREA(#17191);
#17191 = FILL_AREA_STYLE('',(#17192));
#17192 = FILL_AREA_STYLE_COLOUR('',#17010);
#17193 = STYLED_ITEM('color',(#17194),#5444);
#17194 = PRESENTATION_STYLE_ASSIGNMENT((#17195));
#17195 = SURFACE_STYLE_USAGE(.BOTH.,#17196);
#17196 = SURFACE_SIDE_STYLE('',(#17197));
#17197 = SURFACE_STYLE_FILL_AREA(#17198);
#17198 = FILL_AREA_STYLE('',(#17199));
#17199 = FILL_AREA_STYLE_COLOUR('',#17010);
#17200 = STYLED_ITEM('color',(#17201),#5461);
#17201 = PRESENTATION_STYLE_ASSIGNMENT((#17202));
#17202 = SURFACE_STYLE_USAGE(.BOTH.,#17203);
#17203 = SURFACE_SIDE_STYLE('',(#17204));
#17204 = SURFACE_STYLE_FILL_AREA(#17205);
#17205 = FILL_AREA_STYLE('',(#17206));
#17206 = FILL_AREA_STYLE_COLOUR('',#17010);
#17207 = STYLED_ITEM('color',(#17208),#5487);
#17208 = PRESENTATION_STYLE_ASSIGNMENT((#17209));
#17209 = SURFACE_STYLE_USAGE(.BOTH.,#17210);
#17210 = SURFACE_SIDE_STYLE('',(#17211));
#17211 = SURFACE_STYLE_FILL_AREA(#17212);
#17212 = FILL_AREA_STYLE('',(#17213));
#17213 = FILL_AREA_STYLE_COLOUR('',#17010);
#17214 = STYLED_ITEM('color',(#17215),#5520);
#17215 = PRESENTATION_STYLE_ASSIGNMENT((#17216));
#17216 = SURFACE_STYLE_USAGE(.BOTH.,#17217);
#17217 = SURFACE_SIDE_STYLE('',(#17218));
#17218 = SURFACE_STYLE_FILL_AREA(#17219);
#17219 = FILL_AREA_STYLE('',(#17220));
#17220 = FILL_AREA_STYLE_COLOUR('',#17010);
#17221 = STYLED_ITEM('color',(#17222),#5567);
#17222 = PRESENTATION_STYLE_ASSIGNMENT((#17223));
#17223 = SURFACE_STYLE_USAGE(.BOTH.,#17224);
#17224 = SURFACE_SIDE_STYLE('',(#17225));
#17225 = SURFACE_STYLE_FILL_AREA(#17226);
#17226 = FILL_AREA_STYLE('',(#17227));
#17227 = FILL_AREA_STYLE_COLOUR('',#17010);
#17228 = STYLED_ITEM('color',(#17229),#5598);
#17229 = PRESENTATION_STYLE_ASSIGNMENT((#17230));
#17230 = SURFACE_STYLE_USAGE(.BOTH.,#17231);
#17231 = SURFACE_SIDE_STYLE('',(#17232));
#17232 = SURFACE_STYLE_FILL_AREA(#17233);
#17233 = FILL_AREA_STYLE('',(#17234));
#17234 = FILL_AREA_STYLE_COLOUR('',#17010);
#17235 = STYLED_ITEM('color',(#17236),#5610);
#17236 = PRESENTATION_STYLE_ASSIGNMENT((#17237));
#17237 = SURFACE_STYLE_USAGE(.BOTH.,#17238);
#17238 = SURFACE_SIDE_STYLE('',(#17239));
#17239 = SURFACE_STYLE_FILL_AREA(#17240);
#17240 = FILL_AREA_STYLE('',(#17241));
#17241 = FILL_AREA_STYLE_COLOUR('',#17010);
#17242 = STYLED_ITEM('color',(#17243),#5627);
#17243 = PRESENTATION_STYLE_ASSIGNMENT((#17244));
#17244 = SURFACE_STYLE_USAGE(.BOTH.,#17245);
#17245 = SURFACE_SIDE_STYLE('',(#17246));
#17246 = SURFACE_STYLE_FILL_AREA(#17247);
#17247 = FILL_AREA_STYLE('',(#17248));
#17248 = FILL_AREA_STYLE_COLOUR('',#17010);
#17249 = STYLED_ITEM('color',(#17250),#5653);
#17250 = PRESENTATION_STYLE_ASSIGNMENT((#17251));
#17251 = SURFACE_STYLE_USAGE(.BOTH.,#17252);
#17252 = SURFACE_SIDE_STYLE('',(#17253));
#17253 = SURFACE_STYLE_FILL_AREA(#17254);
#17254 = FILL_AREA_STYLE('',(#17255));
#17255 = FILL_AREA_STYLE_COLOUR('',#17010);
#17256 = STYLED_ITEM('color',(#17257),#5686);
#17257 = PRESENTATION_STYLE_ASSIGNMENT((#17258));
#17258 = SURFACE_STYLE_USAGE(.BOTH.,#17259);
#17259 = SURFACE_SIDE_STYLE('',(#17260));
#17260 = SURFACE_STYLE_FILL_AREA(#17261);
#17261 = FILL_AREA_STYLE('',(#17262));
#17262 = FILL_AREA_STYLE_COLOUR('',#17010);
#17263 = STYLED_ITEM('color',(#17264),#5698);
#17264 = PRESENTATION_STYLE_ASSIGNMENT((#17265));
#17265 = SURFACE_STYLE_USAGE(.BOTH.,#17266);
#17266 = SURFACE_SIDE_STYLE('',(#17267));
#17267 = SURFACE_STYLE_FILL_AREA(#17268);
#17268 = FILL_AREA_STYLE('',(#17269));
#17269 = FILL_AREA_STYLE_COLOUR('',#17010);
#17270 = STYLED_ITEM('color',(#17271),#5710);
#17271 = PRESENTATION_STYLE_ASSIGNMENT((#17272));
#17272 = SURFACE_STYLE_USAGE(.BOTH.,#17273);
#17273 = SURFACE_SIDE_STYLE('',(#17274));
#17274 = SURFACE_STYLE_FILL_AREA(#17275);
#17275 = FILL_AREA_STYLE('',(#17276));
#17276 = FILL_AREA_STYLE_COLOUR('',#17010);
#17277 = STYLED_ITEM('color',(#17278),#5727);
#17278 = PRESENTATION_STYLE_ASSIGNMENT((#17279));
#17279 = SURFACE_STYLE_USAGE(.BOTH.,#17280);
#17280 = SURFACE_SIDE_STYLE('',(#17281));
#17281 = SURFACE_STYLE_FILL_AREA(#17282);
#17282 = FILL_AREA_STYLE('',(#17283));
#17283 = FILL_AREA_STYLE_COLOUR('',#17010);
#17284 = STYLED_ITEM('color',(#17285),#5744);
#17285 = PRESENTATION_STYLE_ASSIGNMENT((#17286));
#17286 = SURFACE_STYLE_USAGE(.BOTH.,#17287);
#17287 = SURFACE_SIDE_STYLE('',(#17288));
#17288 = SURFACE_STYLE_FILL_AREA(#17289);
#17289 = FILL_AREA_STYLE('',(#17290));
#17290 = FILL_AREA_STYLE_COLOUR('',#17010);
#17291 = STYLED_ITEM('color',(#17292),#5756);
#17292 = PRESENTATION_STYLE_ASSIGNMENT((#17293));
#17293 = SURFACE_STYLE_USAGE(.BOTH.,#17294);
#17294 = SURFACE_SIDE_STYLE('',(#17295));
#17295 = SURFACE_STYLE_FILL_AREA(#17296);
#17296 = FILL_AREA_STYLE('',(#17297));
#17297 = FILL_AREA_STYLE_COLOUR('',#17010);
#17298 = STYLED_ITEM('color',(#17299),#5773);
#17299 = PRESENTATION_STYLE_ASSIGNMENT((#17300));
#17300 = SURFACE_STYLE_USAGE(.BOTH.,#17301);
#17301 = SURFACE_SIDE_STYLE('',(#17302));
#17302 = SURFACE_STYLE_FILL_AREA(#17303);
#17303 = FILL_AREA_STYLE('',(#17304));
#17304 = FILL_AREA_STYLE_COLOUR('',#17010);
#17305 = STYLED_ITEM('color',(#17306),#5790);
#17306 = PRESENTATION_STYLE_ASSIGNMENT((#17307));
#17307 = SURFACE_STYLE_USAGE(.BOTH.,#17308);
#17308 = SURFACE_SIDE_STYLE('',(#17309));
#17309 = SURFACE_STYLE_FILL_AREA(#17310);
#17310 = FILL_AREA_STYLE('',(#17311));
#17311 = FILL_AREA_STYLE_COLOUR('',#17010);
#17312 = MECHANICAL_DESIGN_GEOMETRIC_PRESENTATION_REPRESENTATION('',(
    #17313,#17320,#17327,#17334,#17341,#17348,#17355,#17362,#17369,
    #17376,#17383,#17390,#17397,#17404,#17411,#17418,#17425,#17432,
    #17439,#17446,#17453,#17460,#17467,#17474,#17481,#17488,#17495,
    #17502,#17509,#17516,#17523,#17530,#17537,#17544,#17551,#17558,
    #17565,#17572,#17579,#17586,#17593,#17600,#17607,#17614,#17621,
    #17628,#17635,#17642),#2179);
#17313 = STYLED_ITEM('color',(#17314),#111);
#17314 = PRESENTATION_STYLE_ASSIGNMENT((#17315));
#17315 = SURFACE_STYLE_USAGE(.BOTH.,#17316);
#17316 = SURFACE_SIDE_STYLE('',(#17317));
#17317 = SURFACE_STYLE_FILL_AREA(#17318);
#17318 = FILL_AREA_STYLE('',(#17319));
#17319 = FILL_AREA_STYLE_COLOUR('',#15436);
#17320 = STYLED_ITEM('color',(#17321),#128);
#17321 = PRESENTATION_STYLE_ASSIGNMENT((#17322));
#17322 = SURFACE_STYLE_USAGE(.BOTH.,#17323);
#17323 = SURFACE_SIDE_STYLE('',(#17324));
#17324 = SURFACE_STYLE_FILL_AREA(#17325);
#17325 = FILL_AREA_STYLE('',(#17326));
#17326 = FILL_AREA_STYLE_COLOUR('',#15436);
#17327 = STYLED_ITEM('color',(#17328),#153);
#17328 = PRESENTATION_STYLE_ASSIGNMENT((#17329));
#17329 = SURFACE_STYLE_USAGE(.BOTH.,#17330);
#17330 = SURFACE_SIDE_STYLE('',(#17331));
#17331 = SURFACE_STYLE_FILL_AREA(#17332);
#17332 = FILL_AREA_STYLE('',(#17333));
#17333 = FILL_AREA_STYLE_COLOUR('',#15451);
#17334 = STYLED_ITEM('color',(#17335),#202);
#17335 = PRESENTATION_STYLE_ASSIGNMENT((#17336));
#17336 = SURFACE_STYLE_USAGE(.BOTH.,#17337);
#17337 = SURFACE_SIDE_STYLE('',(#17338));
#17338 = SURFACE_STYLE_FILL_AREA(#17339);
#17339 = FILL_AREA_STYLE('',(#17340));
#17340 = FILL_AREA_STYLE_COLOUR('',#15451);
#17341 = STYLED_ITEM('color',(#17342),#235);
#17342 = PRESENTATION_STYLE_ASSIGNMENT((#17343));
#17343 = SURFACE_STYLE_USAGE(.BOTH.,#17344);
#17344 = SURFACE_SIDE_STYLE('',(#17345));
#17345 = SURFACE_STYLE_FILL_AREA(#17346);
#17346 = FILL_AREA_STYLE('',(#17347));
#17347 = FILL_AREA_STYLE_COLOUR('',#15466);
#17348 = STYLED_ITEM('color',(#17349),#253);
#17349 = PRESENTATION_STYLE_ASSIGNMENT((#17350));
#17350 = SURFACE_STYLE_USAGE(.BOTH.,#17351);
#17351 = SURFACE_SIDE_STYLE('',(#17352));
#17352 = SURFACE_STYLE_FILL_AREA(#17353);
#17353 = FILL_AREA_STYLE('',(#17354));
#17354 = FILL_AREA_STYLE_COLOUR('',#15436);
#17355 = STYLED_ITEM('color',(#17356),#278);
#17356 = PRESENTATION_STYLE_ASSIGNMENT((#17357));
#17357 = SURFACE_STYLE_USAGE(.BOTH.,#17358);
#17358 = SURFACE_SIDE_STYLE('',(#17359));
#17359 = SURFACE_STYLE_FILL_AREA(#17360);
#17360 = FILL_AREA_STYLE('',(#17361));
#17361 = FILL_AREA_STYLE_COLOUR('',#15451);
#17362 = STYLED_ITEM('color',(#17363),#310);
#17363 = PRESENTATION_STYLE_ASSIGNMENT((#17364));
#17364 = SURFACE_STYLE_USAGE(.BOTH.,#17365);
#17365 = SURFACE_SIDE_STYLE('',(#17366));
#17366 = SURFACE_STYLE_FILL_AREA(#17367);
#17367 = FILL_AREA_STYLE('',(#17368));
#17368 = FILL_AREA_STYLE_COLOUR('',#15466);
#17369 = STYLED_ITEM('color',(#17370),#328);
#17370 = PRESENTATION_STYLE_ASSIGNMENT((#17371));
#17371 = SURFACE_STYLE_USAGE(.BOTH.,#17372);
#17372 = SURFACE_SIDE_STYLE('',(#17373));
#17373 = SURFACE_STYLE_FILL_AREA(#17374);
#17374 = FILL_AREA_STYLE('',(#17375));
#17375 = FILL_AREA_STYLE_COLOUR('',#15436);
#17376 = STYLED_ITEM('color',(#17377),#337);
#17377 = PRESENTATION_STYLE_ASSIGNMENT((#17378));
#17378 = SURFACE_STYLE_USAGE(.BOTH.,#17379);
#17379 = SURFACE_SIDE_STYLE('',(#17380));
#17380 = SURFACE_STYLE_FILL_AREA(#17381);
#17381 = FILL_AREA_STYLE('',(#17382));
#17382 = FILL_AREA_STYLE_COLOUR('',#15451);
#17383 = STYLED_ITEM('color',(#17384),#375);
#17384 = PRESENTATION_STYLE_ASSIGNMENT((#17385));
#17385 = SURFACE_STYLE_USAGE(.BOTH.,#17386);
#17386 = SURFACE_SIDE_STYLE('',(#17387));
#17387 = SURFACE_STYLE_FILL_AREA(#17388);
#17388 = FILL_AREA_STYLE('',(#17389));
#17389 = FILL_AREA_STYLE_COLOUR('',#15466);
#17390 = STYLED_ITEM('color',(#17391),#397);
#17391 = PRESENTATION_STYLE_ASSIGNMENT((#17392));
#17392 = SURFACE_STYLE_USAGE(.BOTH.,#17393);
#17393 = SURFACE_SIDE_STYLE('',(#17394));
#17394 = SURFACE_STYLE_FILL_AREA(#17395);
#17395 = FILL_AREA_STYLE('',(#17396));
#17396 = FILL_AREA_STYLE_COLOUR('',#15451);
#17397 = STYLED_ITEM('color',(#17398),#460);
#17398 = PRESENTATION_STYLE_ASSIGNMENT((#17399));
#17399 = SURFACE_STYLE_USAGE(.BOTH.,#17400);
#17400 = SURFACE_SIDE_STYLE('',(#17401));
#17401 = SURFACE_STYLE_FILL_AREA(#17402);
#17402 = FILL_AREA_STYLE('',(#17403));
#17403 = FILL_AREA_STYLE_COLOUR('',#15466);
#17404 = STYLED_ITEM('color',(#17405),#488);
#17405 = PRESENTATION_STYLE_ASSIGNMENT((#17406));
#17406 = SURFACE_STYLE_USAGE(.BOTH.,#17407);
#17407 = SURFACE_SIDE_STYLE('',(#17408));
#17408 = SURFACE_STYLE_FILL_AREA(#17409);
#17409 = FILL_AREA_STYLE('',(#17410));
#17410 = FILL_AREA_STYLE_COLOUR('',#15451);
#17411 = STYLED_ITEM('color',(#17412),#662);
#17412 = PRESENTATION_STYLE_ASSIGNMENT((#17413));
#17413 = SURFACE_STYLE_USAGE(.BOTH.,#17414);
#17414 = SURFACE_SIDE_STYLE('',(#17415));
#17415 = SURFACE_STYLE_FILL_AREA(#17416);
#17416 = FILL_AREA_STYLE('',(#17417));
#17417 = FILL_AREA_STYLE_COLOUR('',#15466);
#17418 = STYLED_ITEM('color',(#17419),#728);
#17419 = PRESENTATION_STYLE_ASSIGNMENT((#17420));
#17420 = SURFACE_STYLE_USAGE(.BOTH.,#17421);
#17421 = SURFACE_SIDE_STYLE('',(#17422));
#17422 = SURFACE_STYLE_FILL_AREA(#17423);
#17423 = FILL_AREA_STYLE('',(#17424));
#17424 = FILL_AREA_STYLE_COLOUR('',#15451);
#17425 = STYLED_ITEM('color',(#17426),#797);
#17426 = PRESENTATION_STYLE_ASSIGNMENT((#17427));
#17427 = SURFACE_STYLE_USAGE(.BOTH.,#17428);
#17428 = SURFACE_SIDE_STYLE('',(#17429));
#17429 = SURFACE_STYLE_FILL_AREA(#17430);
#17430 = FILL_AREA_STYLE('',(#17431));
#17431 = FILL_AREA_STYLE_COLOUR('',#15466);
#17432 = STYLED_ITEM('color',(#17433),#829);
#17433 = PRESENTATION_STYLE_ASSIGNMENT((#17434));
#17434 = SURFACE_STYLE_USAGE(.BOTH.,#17435);
#17435 = SURFACE_SIDE_STYLE('',(#17436));
#17436 = SURFACE_STYLE_FILL_AREA(#17437);
#17437 = FILL_AREA_STYLE('',(#17438));
#17438 = FILL_AREA_STYLE_COLOUR('',#15451);
#17439 = STYLED_ITEM('color',(#17440),#1003);
#17440 = PRESENTATION_STYLE_ASSIGNMENT((#17441));
#17441 = SURFACE_STYLE_USAGE(.BOTH.,#17442);
#17442 = SURFACE_SIDE_STYLE('',(#17443));
#17443 = SURFACE_STYLE_FILL_AREA(#17444);
#17444 = FILL_AREA_STYLE('',(#17445));
#17445 = FILL_AREA_STYLE_COLOUR('',#15466);
#17446 = STYLED_ITEM('color',(#17447),#1167);
#17447 = PRESENTATION_STYLE_ASSIGNMENT((#17448));
#17448 = SURFACE_STYLE_USAGE(.BOTH.,#17449);
#17449 = SURFACE_SIDE_STYLE('',(#17450));
#17450 = SURFACE_STYLE_FILL_AREA(#17451);
#17451 = FILL_AREA_STYLE('',(#17452));
#17452 = FILL_AREA_STYLE_COLOUR('',#15451);
#17453 = STYLED_ITEM('color',(#17454),#1199);
#17454 = PRESENTATION_STYLE_ASSIGNMENT((#17455));
#17455 = SURFACE_STYLE_USAGE(.BOTH.,#17456);
#17456 = SURFACE_SIDE_STYLE('',(#17457));
#17457 = SURFACE_STYLE_FILL_AREA(#17458);
#17458 = FILL_AREA_STYLE('',(#17459));
#17459 = FILL_AREA_STYLE_COLOUR('',#15466);
#17460 = STYLED_ITEM('color',(#17461),#1383);
#17461 = PRESENTATION_STYLE_ASSIGNMENT((#17462));
#17462 = SURFACE_STYLE_USAGE(.BOTH.,#17463);
#17463 = SURFACE_SIDE_STYLE('',(#17464));
#17464 = SURFACE_STYLE_FILL_AREA(#17465);
#17465 = FILL_AREA_STYLE('',(#17466));
#17466 = FILL_AREA_STYLE_COLOUR('',#15544);
#17467 = STYLED_ITEM('color',(#17468),#1449);
#17468 = PRESENTATION_STYLE_ASSIGNMENT((#17469));
#17469 = SURFACE_STYLE_USAGE(.BOTH.,#17470);
#17470 = SURFACE_SIDE_STYLE('',(#17471));
#17471 = SURFACE_STYLE_FILL_AREA(#17472);
#17472 = FILL_AREA_STYLE('',(#17473));
#17473 = FILL_AREA_STYLE_COLOUR('',#15451);
#17474 = STYLED_ITEM('color',(#17475),#1483);
#17475 = PRESENTATION_STYLE_ASSIGNMENT((#17476));
#17476 = SURFACE_STYLE_USAGE(.BOTH.,#17477);
#17477 = SURFACE_SIDE_STYLE('',(#17478));
#17478 = SURFACE_STYLE_FILL_AREA(#17479);
#17479 = FILL_AREA_STYLE('',(#17480));
#17480 = FILL_AREA_STYLE_COLOUR('',#15466);
#17481 = STYLED_ITEM('color',(#17482),#1501);
#17482 = PRESENTATION_STYLE_ASSIGNMENT((#17483));
#17483 = SURFACE_STYLE_USAGE(.BOTH.,#17484);
#17484 = SURFACE_SIDE_STYLE('',(#17485));
#17485 = SURFACE_STYLE_FILL_AREA(#17486);
#17486 = FILL_AREA_STYLE('',(#17487));
#17487 = FILL_AREA_STYLE_COLOUR('',#15544);
#17488 = STYLED_ITEM('color',(#17489),#1517);
#17489 = PRESENTATION_STYLE_ASSIGNMENT((#17490));
#17490 = SURFACE_STYLE_USAGE(.BOTH.,#17491);
#17491 = SURFACE_SIDE_STYLE('',(#17492));
#17492 = SURFACE_STYLE_FILL_AREA(#17493);
#17493 = FILL_AREA_STYLE('',(#17494));
#17494 = FILL_AREA_STYLE_COLOUR('',#15544);
#17495 = STYLED_ITEM('color',(#17496),#1533);
#17496 = PRESENTATION_STYLE_ASSIGNMENT((#17497));
#17497 = SURFACE_STYLE_USAGE(.BOTH.,#17498);
#17498 = SURFACE_SIDE_STYLE('',(#17499));
#17499 = SURFACE_STYLE_FILL_AREA(#17500);
#17500 = FILL_AREA_STYLE('',(#17501));
#17501 = FILL_AREA_STYLE_COLOUR('',#15451);
#17502 = STYLED_ITEM('color',(#17503),#1565);
#17503 = PRESENTATION_STYLE_ASSIGNMENT((#17504));
#17504 = SURFACE_STYLE_USAGE(.BOTH.,#17505);
#17505 = SURFACE_SIDE_STYLE('',(#17506));
#17506 = SURFACE_STYLE_FILL_AREA(#17507);
#17507 = FILL_AREA_STYLE('',(#17508));
#17508 = FILL_AREA_STYLE_COLOUR('',#15466);
#17509 = STYLED_ITEM('color',(#17510),#1583);
#17510 = PRESENTATION_STYLE_ASSIGNMENT((#17511));
#17511 = SURFACE_STYLE_USAGE(.BOTH.,#17512);
#17512 = SURFACE_SIDE_STYLE('',(#17513));
#17513 = SURFACE_STYLE_FILL_AREA(#17514);
#17514 = FILL_AREA_STYLE('',(#17515));
#17515 = FILL_AREA_STYLE_COLOUR('',#15451);
#17516 = STYLED_ITEM('color',(#17517),#1726);
#17517 = PRESENTATION_STYLE_ASSIGNMENT((#17518));
#17518 = SURFACE_STYLE_USAGE(.BOTH.,#17519);
#17519 = SURFACE_SIDE_STYLE('',(#17520));
#17520 = SURFACE_STYLE_FILL_AREA(#17521);
#17521 = FILL_AREA_STYLE('',(#17522));
#17522 = FILL_AREA_STYLE_COLOUR('',#15466);
#17523 = STYLED_ITEM('color',(#17524),#1778);
#17524 = PRESENTATION_STYLE_ASSIGNMENT((#17525));
#17525 = SURFACE_STYLE_USAGE(.BOTH.,#17526);
#17526 = SURFACE_SIDE_STYLE('',(#17527));
#17527 = SURFACE_STYLE_FILL_AREA(#17528);
#17528 = FILL_AREA_STYLE('',(#17529));
#17529 = FILL_AREA_STYLE_COLOUR('',#15436);
#17530 = STYLED_ITEM('color',(#17531),#1802);
#17531 = PRESENTATION_STYLE_ASSIGNMENT((#17532));
#17532 = SURFACE_STYLE_USAGE(.BOTH.,#17533);
#17533 = SURFACE_SIDE_STYLE('',(#17534));
#17534 = SURFACE_STYLE_FILL_AREA(#17535);
#17535 = FILL_AREA_STYLE('',(#17536));
#17536 = FILL_AREA_STYLE_COLOUR('',#15436);
#17537 = STYLED_ITEM('color',(#17538),#1826);
#17538 = PRESENTATION_STYLE_ASSIGNMENT((#17539));
#17539 = SURFACE_STYLE_USAGE(.BOTH.,#17540);
#17540 = SURFACE_SIDE_STYLE('',(#17541));
#17541 = SURFACE_STYLE_FILL_AREA(#17542);
#17542 = FILL_AREA_STYLE('',(#17543));
#17543 = FILL_AREA_STYLE_COLOUR('',#15436);
#17544 = STYLED_ITEM('color',(#17545),#1850);
#17545 = PRESENTATION_STYLE_ASSIGNMENT((#17546));
#17546 = SURFACE_STYLE_USAGE(.BOTH.,#17547);
#17547 = SURFACE_SIDE_STYLE('',(#17548));
#17548 = SURFACE_STYLE_FILL_AREA(#17549);
#17549 = FILL_AREA_STYLE('',(#17550));
#17550 = FILL_AREA_STYLE_COLOUR('',#15436);
#17551 = STYLED_ITEM('color',(#17552),#1912);
#17552 = PRESENTATION_STYLE_ASSIGNMENT((#17553));
#17553 = SURFACE_STYLE_USAGE(.BOTH.,#17554);
#17554 = SURFACE_SIDE_STYLE('',(#17555));
#17555 = SURFACE_STYLE_FILL_AREA(#17556);
#17556 = FILL_AREA_STYLE('',(#17557));
#17557 = FILL_AREA_STYLE_COLOUR('',#15436);
#17558 = STYLED_ITEM('color',(#17559),#1929);
#17559 = PRESENTATION_STYLE_ASSIGNMENT((#17560));
#17560 = SURFACE_STYLE_USAGE(.BOTH.,#17561);
#17561 = SURFACE_SIDE_STYLE('',(#17562));
#17562 = SURFACE_STYLE_FILL_AREA(#17563);
#17563 = FILL_AREA_STYLE('',(#17564));
#17564 = FILL_AREA_STYLE_COLOUR('',#15436);
#17565 = STYLED_ITEM('color',(#17566),#1953);
#17566 = PRESENTATION_STYLE_ASSIGNMENT((#17567));
#17567 = SURFACE_STYLE_USAGE(.BOTH.,#17568);
#17568 = SURFACE_SIDE_STYLE('',(#17569));
#17569 = SURFACE_STYLE_FILL_AREA(#17570);
#17570 = FILL_AREA_STYLE('',(#17571));
#17571 = FILL_AREA_STYLE_COLOUR('',#15436);
#17572 = STYLED_ITEM('color',(#17573),#1969);
#17573 = PRESENTATION_STYLE_ASSIGNMENT((#17574));
#17574 = SURFACE_STYLE_USAGE(.BOTH.,#17575);
#17575 = SURFACE_SIDE_STYLE('',(#17576));
#17576 = SURFACE_STYLE_FILL_AREA(#17577);
#17577 = FILL_AREA_STYLE('',(#17578));
#17578 = FILL_AREA_STYLE_COLOUR('',#15436);
#17579 = STYLED_ITEM('color',(#17580),#1993);
#17580 = PRESENTATION_STYLE_ASSIGNMENT((#17581));
#17581 = SURFACE_STYLE_USAGE(.BOTH.,#17582);
#17582 = SURFACE_SIDE_STYLE('',(#17583));
#17583 = SURFACE_STYLE_FILL_AREA(#17584);
#17584 = FILL_AREA_STYLE('',(#17585));
#17585 = FILL_AREA_STYLE_COLOUR('',#15436);
#17586 = STYLED_ITEM('color',(#17587),#2005);
#17587 = PRESENTATION_STYLE_ASSIGNMENT((#17588));
#17588 = SURFACE_STYLE_USAGE(.BOTH.,#17589);
#17589 = SURFACE_SIDE_STYLE('',(#17590));
#17590 = SURFACE_STYLE_FILL_AREA(#17591);
#17591 = FILL_AREA_STYLE('',(#17592));
#17592 = FILL_AREA_STYLE_COLOUR('',#15436);
#17593 = STYLED_ITEM('color',(#17594),#2021);
#17594 = PRESENTATION_STYLE_ASSIGNMENT((#17595));
#17595 = SURFACE_STYLE_USAGE(.BOTH.,#17596);
#17596 = SURFACE_SIDE_STYLE('',(#17597));
#17597 = SURFACE_STYLE_FILL_AREA(#17598);
#17598 = FILL_AREA_STYLE('',(#17599));
#17599 = FILL_AREA_STYLE_COLOUR('',#15436);
#17600 = STYLED_ITEM('color',(#17601),#2033);
#17601 = PRESENTATION_STYLE_ASSIGNMENT((#17602));
#17602 = SURFACE_STYLE_USAGE(.BOTH.,#17603);
#17603 = SURFACE_SIDE_STYLE('',(#17604));
#17604 = SURFACE_STYLE_FILL_AREA(#17605);
#17605 = FILL_AREA_STYLE('',(#17606));
#17606 = FILL_AREA_STYLE_COLOUR('',#15436);
#17607 = STYLED_ITEM('color',(#17608),#2045);
#17608 = PRESENTATION_STYLE_ASSIGNMENT((#17609));
#17609 = SURFACE_STYLE_USAGE(.BOTH.,#17610);
#17610 = SURFACE_SIDE_STYLE('',(#17611));
#17611 = SURFACE_STYLE_FILL_AREA(#17612);
#17612 = FILL_AREA_STYLE('',(#17613));
#17613 = FILL_AREA_STYLE_COLOUR('',#15436);
#17614 = STYLED_ITEM('color',(#17615),#2059);
#17615 = PRESENTATION_STYLE_ASSIGNMENT((#17616));
#17616 = SURFACE_STYLE_USAGE(.BOTH.,#17617);
#17617 = SURFACE_SIDE_STYLE('',(#17618));
#17618 = SURFACE_STYLE_FILL_AREA(#17619);
#17619 = FILL_AREA_STYLE('',(#17620));
#17620 = FILL_AREA_STYLE_COLOUR('',#15466);
#17621 = STYLED_ITEM('color',(#17622),#2092);
#17622 = PRESENTATION_STYLE_ASSIGNMENT((#17623));
#17623 = SURFACE_STYLE_USAGE(.BOTH.,#17624);
#17624 = SURFACE_SIDE_STYLE('',(#17625));
#17625 = SURFACE_STYLE_FILL_AREA(#17626);
#17626 = FILL_AREA_STYLE('',(#17627));
#17627 = FILL_AREA_STYLE_COLOUR('',#15466);
#17628 = STYLED_ITEM('color',(#17629),#2124);
#17629 = PRESENTATION_STYLE_ASSIGNMENT((#17630));
#17630 = SURFACE_STYLE_USAGE(.BOTH.,#17631);
#17631 = SURFACE_SIDE_STYLE('',(#17632));
#17632 = SURFACE_STYLE_FILL_AREA(#17633);
#17633 = FILL_AREA_STYLE('',(#17634));
#17634 = FILL_AREA_STYLE_COLOUR('',#15451);
#17635 = STYLED_ITEM('color',(#17636),#2141);
#17636 = PRESENTATION_STYLE_ASSIGNMENT((#17637));
#17637 = SURFACE_STYLE_USAGE(.BOTH.,#17638);
#17638 = SURFACE_SIDE_STYLE('',(#17639));
#17639 = SURFACE_STYLE_FILL_AREA(#17640);
#17640 = FILL_AREA_STYLE('',(#17641));
#17641 = FILL_AREA_STYLE_COLOUR('',#15451);
#17642 = STYLED_ITEM('color',(#17643),#2168);
#17643 = PRESENTATION_STYLE_ASSIGNMENT((#17644));
#17644 = SURFACE_STYLE_USAGE(.BOTH.,#17645);
#17645 = SURFACE_SIDE_STYLE('',(#17646));
#17646 = SURFACE_STYLE_FILL_AREA(#17647);
#17647 = FILL_AREA_STYLE('',(#17648));
#17648 = FILL_AREA_STYLE_COLOUR('',#15436);
ENDSEC;
END-ISO-10303-21;
